Application/Views/Impostazioni/tema.php:4	<h1><?php echo gtext("Scelta tema");?></h1>
Application/Views/Impostazioni/tema.php:23	<?php echo gtext("Tema attivo");?>
Application/Views/Impostazioni/tema.php:28	<?php echo gtext("Attiva");?>
Application/Views/Impostazioni/steps.php:6	<li <?php echo $posizioni['main'];?>><a href="<?php echo $this->baseUrl."/".$this->controller."/form/update/$id".$this->viewStatus;?>"><?php echo gtext("Principali");?></a></li>
Application/Views/Impostazioni/steps.php:8	<li <?php echo $posizioni['variabili'];?>><a href="<?php echo $this->baseUrl."/".$this->controller."/variabili/$id".$this->viewStatus;?>"><?php echo gtext("Informazioni generali");?></a></li>
Application/Views/Impostazioni/steps.php:11	<li <?php echo $posizioni['ecommerce'];?>><a href="<?php echo $this->baseUrl."/".$this->controller."/ecommerce/$id".$this->viewStatus;?>"><?php echo gtext("Impostazioni pubblicazione");?></a></li>
Application/Views/Impostazioni/steps.php:14	<li <?php echo $posizioni['google'];?>><a href="<?php echo $this->baseUrl."/".$this->controller."/google/$id".$this->viewStatus;?>"><?php echo gtext("Opzioni Google / Facebook");?></a></li>
Application/Views/Slide/steps.php:10	<li <?php echo $posizioni['main'];?>><a href="<?php echo $this->baseUrl."/".$this->controller."/form/update/$id_page".$viewStatusTutti;?>"><?php echo gtext("Dettagli");?></a></li>
Application/Views/Slide/pages_form.php:59	<?php echo gtext("Pulsante nella slide (call to action)")?>
Application/Views/gestisci_associato_tag.php:16	<a class="pull-right btn btn-primary btn-sm iframe" href="<?php echo $this->baseUrl."/tag/main?partial=Y";?>"><i class="fa fa-pencil"></i> <?php echo gtext("Gestisci tag");?></a>
Application/Views/gestisci_associato_tag.php:18	<a class="btn btn-success btn-sm iframe" href="<?php echo $this->baseUrl."/tag/main?partial=Y&cl_on_sv=Y&id_page=$id_page";?>"><i class="fa fa-plus"></i> <?php echo gtext("Aggiungi tag");?></a></p>
Application/Views/Vocimenu/Acquisti/200-ordiniacquisto.php:5	<span><?php echo gtext("Ordini acquisto"); ?></span>
Application/Views/Vocimenu/Acquisti/200-ordiniacquisto.php:8	<li><a href="<?php echo $this->baseUrl."/ordiniacquisto/form/insert/0";?>"><i class="fa fa-plus-circle"></i> <?php echo gtext("Aggiungi ordine"); ?></a></li>
Application/Views/Vocimenu/Acquisti/200-ordiniacquisto.php:9	<li <?php if ($this->controller == "ordiniacquisto") { ?>class="active"<?php } ?>><a href="<?php echo $this->baseUrl."/ordiniacquisto/main/1";?>"><i class="fa fa-list"></i> <?php echo gtext("Lista ordini"); ?></a></li>
Application/Views/Vocimenu/Acquisti/200-ordiniacquisto.php:13	<?php echo gtext("Lista righe aquisto"); ?>
Application/Views/Vocimenu/Acquisti/150-righe.php:4	<i class="fa fa-bell"></i> <span><?php echo gtext("Da ordinare");?></span>
Application/Views/Vocimenu/Acquisti/100-fornitori.php:5	<span><?php echo gtext("Fornitori"); ?></span>
Application/Views/Vocimenu/Acquisti/100-fornitori.php:8	<li><a href="<?php echo $this->baseUrl."/fornitori/form/insert/0";?>"><i class="fa fa-plus-circle"></i> <?php echo gtext("Aggiungi fornitore"); ?></a></li>
Application/Views/Vocimenu/Acquisti/100-fornitori.php:9	<li <?php if ($this->controller == "fornitori") { ?>class="active"<?php } ?>><a href="<?php echo $this->baseUrl."/fornitori/main/1";?>"><i class="fa fa-list"></i> <?php echo gtext("Lista fornitori"); ?></a></li>
Application/Views/Vocimenu/Acquisti/100-fornitori.php:10	<li <?php if ($this->controller == "magazzinoarticolilistini") { ?>class="active"<?php } ?>><a href="<?php echo $this->baseUrl."/magazzinoarticolilistini/main/1";?>"><i class="fa fa-list"></i> <?php echo gtext("Listini"); ?></a></li>
Application/Views/Vocimenu/Acquisti/300-magazzinoarticoli.php:5	<span><?php echo gtext("Articoli di magazzino");?></span>
Application/Views/Vocimenu/Acquisti/300-magazzinoarticoli.php:8	<li><a href="<?php echo $this->baseUrl."/magazzinoarticoli/main/1";?>"><fa class="fa fa-list"></fa> <?php echo gtext("Elenco codici");?></a></li>
Application/Views/Vocimenu/Acquisti/1000-ordiniacquistostati.php:5	<span><?php echo gtext("Stati ordine acquisto"); ?></span>
Application/Views/Vocimenu/Acquisti/1000-ordiniacquistostati.php:8	<li><a href="<?php echo $this->baseUrl."/ordiniacquistostati/form/insert/0";?>"><i class="fa fa-plus-circle"></i> <?php echo gtext("Aggiungi stato"); ?></a></li>
Application/Views/Vocimenu/Acquisti/1000-ordiniacquistostati.php:9	<li><a href="<?php echo $this->baseUrl."/ordiniacquistostati/main/1";?>"><i class="fa fa-list"></i> <?php echo gtext("Lista stati"); ?></a></li>
Application/Views/Vocimenu/Acquisti/250-ordiniacquistoricezioni.php:5	<span><?php echo gtext("Ricezioni"); ?></span>
Application/Views/Vocimenu/Acquisti/250-ordiniacquistoricezioni.php:8	<li><a href="<?php echo $this->baseUrl."/ordiniacquistoricezioni/form/insert/0";?>"><i class="fa fa-plus-circle"></i> <?php echo gtext("Aggiungi ricezione"); ?></a></li>
Application/Views/Vocimenu/Acquisti/250-ordiniacquistoricezioni.php:9	<li <?php if ($this->controller == "ordiniacquistoricezioni") { ?>class="active"<?php } ?>><a href="<?php echo $this->baseUrl."/ordiniacquistoricezioni/main/1";?>"><i class="fa fa-list"></i> <?php echo gtext("Lista ricezioni"); ?></a></li>
Application/Views/Vocimenu/Marketing/200-righe.php:6	<span><?php echo gtext("Prodotti più venduti")?></span>
Application/Views/Vocimenu/Marketing/200-righe.php:9	<li><a href="<?php echo $this->baseUrl."/righe/main";?>"><i class="fa fa-list"></i> <?php echo gtext("Lista");?></a></li>
Application/Views/Vocimenu/Marketing/400-templateemail.php:6	<span><?php echo gtext("Email automatiche");?></span>
Application/Views/Vocimenu/Marketing/400-templateemail.php:9	<li class="dropdown-header"><?php echo gtext("Template");?></li>
Application/Views/Vocimenu/Marketing/400-templateemail.php:10	<li class="<?php echo tm($tm, "templateemail");?>"><a href="<?php echo $this->baseUrl."/templateemail/main";?>"><i class="fa fa-envelope-open-o"></i> <?php echo gtext("Template email")?></a></li>
Application/Views/Vocimenu/Marketing/400-templateemail.php:11	<li class="dropdown-header"><?php echo gtext("Eventi");?></li>
Application/Views/Vocimenu/Marketing/400-templateemail.php:12	<li class="<?php echo tm($tm, "eventiretargeting");?>"><a href="<?php echo $this->baseUrl."/eventiretargeting/main";?>"><i class="fa fa-clock-o"></i> <?php echo gtext("Eventi scatenanti")?></a></li>
Application/Views/Vocimenu/Marketing/500-pagesstats.php:6	<span><?php echo gtext("Statistiche")?></span>
Application/Views/Vocimenu/Marketing/500-pagesstats.php:9	<li><a href="<?php echo $this->baseUrl."/pagesstats/main";?>"><i class="fa fa-list"></i> <?php echo gtext("Visualizzazioni");?></a></li>
Application/Views/Vocimenu/Marketing/300-contatti.php:6	<span><?php echo gtext("Contatti")?></span>
Application/Views/Vocimenu/Marketing/300-contatti.php:9	<li><a href="<?php echo $this->baseUrl."/contatti/main";?>"><i class="fa fa-list"></i> <?php echo gtext("Lista");?></a></li>
Application/Views/Vocimenu/Marketing/100-cart.php:6	<span><?php echo gtext("Carrelli abbandonati")?></span>
Application/Views/Vocimenu/Marketing/100-cart.php:9	<li><a href="<?php echo $this->baseUrl."/cart/main";?>"><i class="fa fa-list"></i> <?php echo gtext("Lista");?></a></li>
Application/Views/Vocimenu/Sito/600-team.php:9	<li><a href="<?php echo $this->baseUrl."/team/main";?>"><i class="fa fa-list"></i> <?php echo gtext("Lista");?></a></li>
Application/Views/Vocimenu/Sito/600-team.php:10	<li><a href="<?php echo $this->baseUrl."/team/form/insert/0";?>"><i class="fa fa-plus-circle"></i> <?php echo gtext("Aggiungi");?></a></li>
Application/Views/Vocimenu/Sito/600-team.php:12	<li class="dropdown-header"><?php echo gtext("Ruoli");?></li>
Application/Views/Vocimenu/Sito/600-team.php:13	<li class="<?php echo tm($tm, array("ruoli"));?>"><a href="<?php echo $this->baseUrl."/ruoli/main/1";?>"><i class="fa fa-list"></i> <?php echo gtext("Lista ruoli");?></a></li>
Application/Views/Vocimenu/Sito/200-blog.php:6	<span><?php echo gtext("Blog");?></span>
Application/Views/Vocimenu/Sito/200-blog.php:9	<li><a href="<?php echo $this->baseUrl."/blog/main";?>"><i class="fa fa-list"></i> <?php echo gtext("Lista");?></a></li>
Application/Views/Vocimenu/Sito/200-blog.php:10	<li><a href="<?php echo $this->baseUrl."/blog/form/insert/0";?>"><i class="fa fa-plus-circle"></i> <?php echo gtext("Aggiungi");?></a></li>
Application/Views/Vocimenu/Sito/200-blog.php:11	<li class="dropdown-header"><?php echo gtext("Categorie");?></li>
Application/Views/Vocimenu/Sito/200-blog.php:12	<li class="<?php echo tm($tm, array("blogcat"));?>"><a href="<?php echo $this->baseUrl."/blogcat/main/1";?>"><i class="fa fa-list"></i> <?php echo gtext("Lista categorie");?></a></li>
Application/Views/Vocimenu/Sito/2100-menu.php:6	<span><?php echo gtext("Menù");?></span>
Application/Views/Vocimenu/Sito/2100-menu.php:9	<li><a href="<?php echo $this->baseUrl."/menu/main?lingua=".Params::$defaultFrontEndLanguage;?>"><i class="fa fa-list"></i> <?php echo gtext("Lista");?></a></li>
Application/Views/Vocimenu/Sito/2100-menu.php:10	<li><a href="<?php echo $this->baseUrl."/menu/form/insert/0?lingua=".Params::$defaultFrontEndLanguage;?>"><i class="fa fa-plus-circle"></i> <?php echo gtext("Aggiungi");?></a></li>
Application/Views/Vocimenu/Sito/1800-alimenti.php:6	<span><?php echo gtext("Alimenti");?></span>
Application/Views/Vocimenu/Sito/1800-alimenti.php:9	<li><a href="<?php echo $this->baseUrl."/alimenti/main";?>"><i class="fa fa-list"></i> <?php echo gtext("Lista");?></a></li>
Application/Views/Vocimenu/Sito/1800-alimenti.php:10	<li><a href="<?php echo $this->baseUrl."/alimenti/form/insert/0";?>"><i class="fa fa-plus-circle"></i> <?php echo gtext("Aggiungi");?></a></li>
Application/Views/Vocimenu/Sito/1800-alimenti.php:12	<li class="dropdown-header"><?php echo gtext("Categorie");?></li>
Application/Views/Vocimenu/Sito/1800-alimenti.php:13	<li class="<?php echo tm($tm, array("alimenticat"));?>"><a href="<?php echo $this->baseUrl."/alimenticat/main/1";?>"><i class="fa fa-list"></i> <?php echo gtext("Lista categorie");?></a></li>
Application/Views/Vocimenu/Sito/2050-menucucina.php:6	<span><?php echo gtext("Menù cucina");?></span>
Application/Views/Vocimenu/Sito/2050-menucucina.php:9	<li><a href="<?php echo $this->baseUrl."/menucucina/main";?>"><i class="fa fa-list"></i> <?php echo gtext("Lista");?></a></li>
Application/Views/Vocimenu/Sito/2050-menucucina.php:10	<li><a href="<?php echo $this->baseUrl."/menucucina/form/insert/0";?>"><i class="fa fa-plus-circle"></i> <?php echo gtext("Aggiungi");?></a></li>
Application/Views/Vocimenu/Sito/2050-menucucina.php:11	<li class="dropdown-header"><?php echo gtext("Categorie");?></li>
Application/Views/Vocimenu/Sito/2050-menucucina.php:12	<li class="<?php echo tm($tm, array("menucucinacat"));?>"><a href="<?php echo $this->baseUrl."/menucucinacat/main/1";?>"><i class="fa fa-list"></i> <?php echo gtext("Lista categorie");?></a></li>
Application/Views/Vocimenu/Sito/1900-ricette.php:6	<span><?php echo gtext("Ricette");?></span>
Application/Views/Vocimenu/Sito/1900-ricette.php:9	<li><a href="<?php echo $this->baseUrl."/ricette/main";?>"><i class="fa fa-list"></i> <?php echo gtext("Lista");?></a></li>
Application/Views/Vocimenu/Sito/1900-ricette.php:10	<li><a href="<?php echo $this->baseUrl."/ricette/form/insert/0";?>"><i class="fa fa-plus-circle"></i> <?php echo gtext("Aggiungi");?></a></li>
Application/Views/Vocimenu/Sito/1100-testimonial.php:9	<li><a href="<?php echo $this->baseUrl."/testimonial/main";?>"><i class="fa fa-list"></i> <?php echo gtext("Lista");?></a></li>
Application/Views/Vocimenu/Sito/1100-testimonial.php:10	<li><a href="<?php echo $this->baseUrl."/testimonial/form/insert/0";?>"><i class="fa fa-plus-circle"></i> <?php echo gtext("Aggiungi");?></a></li>
Application/Views/Vocimenu/Sito/450-partner.php:6	<span><?php echo gtext("Partner");?></span>
Application/Views/Vocimenu/Sito/450-partner.php:9	<li><a href="<?php echo $this->baseUrl."/partner/main";?>"><i class="fa fa-list"></i> <?php echo gtext("Lista");?></a></li>
Application/Views/Vocimenu/Sito/450-partner.php:10	<li><a href="<?php echo $this->baseUrl."/partner/form/insert/0";?>"><i class="fa fa-plus-circle"></i> <?php echo gtext("Aggiungi");?></a></li>
Application/Views/Vocimenu/Sito/450-partner.php:11	<li class="dropdown-header"><?php echo gtext("Categorie");?></li>
Application/Views/Vocimenu/Sito/450-partner.php:12	<li class="<?php echo tm($tm, array("partnercat"));?>"><a href="<?php echo $this->baseUrl."/partnercat/main/1";?>"><i class="fa fa-list"></i> <?php echo gtext("Lista categorie");?></a></li>
Application/Views/Vocimenu/Sito/1700-sedi.php:6	<span><?php echo gtext("Sedi");?></span>
Application/Views/Vocimenu/Sito/1700-sedi.php:9	<li><a href="<?php echo $this->baseUrl."/sedi/main";?>"><i class="fa fa-list"></i> <?php echo gtext("Lista");?></a></li>
Application/Views/Vocimenu/Sito/1700-sedi.php:10	<li><a href="<?php echo $this->baseUrl."/sedi/form/insert/0";?>"><i class="fa fa-plus-circle"></i> <?php echo gtext("Aggiungi");?></a></li>
Application/Views/Vocimenu/Sito/1700-sedi.php:12	<li class="dropdown-header"><?php echo gtext("Categorie");?></li>
Application/Views/Vocimenu/Sito/1700-sedi.php:13	<li class="<?php echo tm($tm, array("sedicat"));?>"><a href="<?php echo $this->baseUrl."/sedicat/main/1";?>"><i class="fa fa-list"></i> <?php echo gtext("Lista categorie");?></a></li>
Application/Views/Vocimenu/Sito/1000-faq.php:9	<li><a href="<?php echo $this->baseUrl."/faq/main";?>"><i class="fa fa-list"></i> <?php echo gtext("Lista");?></a></li>
Application/Views/Vocimenu/Sito/1000-faq.php:10	<li><a href="<?php echo $this->baseUrl."/faq/form/insert/0";?>"><i class="fa fa-plus-circle"></i> <?php echo gtext("Aggiungi");?></a></li>
Application/Views/Vocimenu/Sito/400-pagine.php:5	<i class="fa fa-folder-open"></i> <span><?php echo gtext("Pagine");?></span>
Application/Views/Vocimenu/Sito/900-modali.php:6	<span><?php echo gtext("Popup");?></span>
Application/Views/Vocimenu/Sito/900-modali.php:9	<li><a href="<?php echo $this->baseUrl."/modali/main";?>"><i class="fa fa-list"></i> <?php echo gtext("Lista");?></a></li>
Application/Views/Vocimenu/Sito/900-modali.php:10	<li><a href="<?php echo $this->baseUrl."/modali/form/insert/0";?>"><i class="fa fa-plus-circle"></i> <?php echo gtext("Aggiungi");?></a></li>
Application/Views/Vocimenu/Sito/1400-servizi.php:6	<span><?php echo gtext("Servizi");?></span>
Application/Views/Vocimenu/Sito/1400-servizi.php:9	<li><a href="<?php echo $this->baseUrl."/servizi/main";?>"><i class="fa fa-list"></i> <?php echo gtext("Lista");?></a></li>
Application/Views/Vocimenu/Sito/1400-servizi.php:10	<li><a href="<?php echo $this->baseUrl."/servizi/form/insert/0";?>"><i class="fa fa-plus-circle"></i> <?php echo gtext("Aggiungi");?></a></li>
Application/Views/Vocimenu/Sito/100-slide.php:9	<li><a href="<?php echo $this->baseUrl."/".v("url_elenco_slide");?>"><i class="fa fa-list"></i> <?php echo gtext("Lista");?></a></li>
Application/Views/Vocimenu/Sito/100-slide.php:10	<li><a href="<?php echo $this->baseUrl."/".v("url_inserisci_slide");?>"><i class="fa fa-plus-circle"></i> <?php echo gtext("Aggiungi");?></a></li>
Application/Views/Vocimenu/Sito/300-eventi.php:6	<span><?php echo gtext("Eventi");?></span>
Application/Views/Vocimenu/Sito/300-eventi.php:9	<li><a href="<?php echo $this->baseUrl."/eventi/main";?>"><i class="fa fa-list"></i> <?php echo gtext("Lista");?></a></li>
Application/Views/Vocimenu/Sito/300-eventi.php:10	<li><a href="<?php echo $this->baseUrl."/eventi/form/insert/0";?>"><i class="fa fa-plus-circle"></i> <?php echo gtext("Aggiungi");?></a></li>
Application/Views/Vocimenu/Sito/300-eventi.php:11	<li class="dropdown-header"><?php echo gtext("Categorie");?></li>
Application/Views/Vocimenu/Sito/300-eventi.php:12	<li class="<?php echo tm($tm, array("eventicat"));?>"><a href="<?php echo $this->baseUrl."/eventicat/main/1";?>"><i class="fa fa-list"></i> <?php echo gtext("Lista categorie");?></a></li>
Application/Views/Vocimenu/Sito/2000-storia.php:6	<span><?php echo gtext("Storia");?></span>
Application/Views/Vocimenu/Sito/2000-storia.php:9	<li><a href="<?php echo $this->baseUrl."/storia/main";?>"><i class="fa fa-list"></i> <?php echo gtext("Lista");?></a></li>
Application/Views/Vocimenu/Sito/2000-storia.php:10	<li><a href="<?php echo $this->baseUrl."/storia/form/insert/0";?>"><i class="fa fa-plus-circle"></i> <?php echo gtext("Aggiungi");?></a></li>
Application/Views/Vocimenu/Sito/1200-gallery.php:9	<li><a href="<?php echo $this->baseUrl."/gallery/main";?>"><i class="fa fa-list"></i> <?php echo gtext("Lista");?></a></li>
Application/Views/Vocimenu/Sito/1200-gallery.php:10	<li><a href="<?php echo $this->baseUrl."/gallery/form/insert/0";?>"><i class="fa fa-plus-circle"></i> <?php echo gtext("Aggiungi");?></a></li>
Application/Views/Vocimenu/Sito/1200-gallery.php:13	<li class="<?php echo tm($tm, array("gallerycat"));?>"><a href="<?php echo $this->baseUrl."/gallerycat/main/1";?>"><i class="fa fa-list"></i> <?php echo gtext("Lista categorie");?></a></li>
Application/Views/Vocimenu/Sito/250-approfondimenti.php:6	<span><?php echo gtext("Approfondimenti");?></span>
Application/Views/Vocimenu/Sito/250-approfondimenti.php:9	<li><a href="<?php echo $this->baseUrl."/approfondimenti/main";?>"><i class="fa fa-list"></i> <?php echo gtext("Lista");?></a></li>
Application/Views/Vocimenu/Sito/250-approfondimenti.php:10	<li><a href="<?php echo $this->baseUrl."/approfondimenti/form/insert/0";?>"><i class="fa fa-plus-circle"></i> <?php echo gtext("Aggiungi");?></a></li>
Application/Views/Vocimenu/Sito/1500-soci.php:6	<span><?php echo gtext("Soci");?></span>
Application/Views/Vocimenu/Sito/1500-soci.php:9	<li><a href="<?php echo $this->baseUrl."/soci/main";?>"><i class="fa fa-list"></i> <?php echo gtext("Lista");?></a></li>
Application/Views/Vocimenu/Sito/1500-soci.php:10	<li><a href="<?php echo $this->baseUrl."/soci/form/insert/0";?>"><i class="fa fa-plus-circle"></i> <?php echo gtext("Aggiungi");?></a></li>
Application/Views/Vocimenu/Sito/700-download.php:6	<span><?php echo gtext("Downloads");?></span>
Application/Views/Vocimenu/Sito/700-download.php:9	<li><a href="<?php echo $this->baseUrl."/download/main";?>"><i class="fa fa-list"></i> <?php echo gtext("Lista");?></a></li>
Application/Views/Vocimenu/Sito/700-download.php:10	<li><a href="<?php echo $this->baseUrl."/download/form/insert/0";?>"><i class="fa fa-plus-circle"></i> <?php echo gtext("Aggiungi");?></a></li>
Application/Views/Vocimenu/Sito/800-avvisi.php:9	<li><a href="<?php echo $this->baseUrl."/avvisi/main";?>"><i class="fa fa-list"></i> <?php echo gtext("Lista");?></a></li>
Application/Views/Vocimenu/Sito/800-avvisi.php:10	<li><a href="<?php echo $this->baseUrl."/avvisi/form/insert/0";?>"><i class="fa fa-plus-circle"></i> <?php echo gtext("Aggiungi");?></a></li>
Application/Views/Vocimenu/Sito/500-referenze.php:6	<span><?php echo gtext("Referenze");?></span>
Application/Views/Vocimenu/Sito/500-referenze.php:9	<li><a href="<?php echo $this->baseUrl."/referenze/main";?>"><i class="fa fa-list"></i> <?php echo gtext("Lista");?></a></li>
Application/Views/Vocimenu/Sito/500-referenze.php:10	<li><a href="<?php echo $this->baseUrl."/referenze/form/insert/0";?>"><i class="fa fa-plus-circle"></i> <?php echo gtext("Aggiungi");?></a></li>
Application/Views/Vocimenu/Sito/1600-progetti.php:6	<span><?php echo gtext("Progetti");?></span>
Application/Views/Vocimenu/Sito/1600-progetti.php:9	<li><a href="<?php echo $this->baseUrl."/progetti/main";?>"><i class="fa fa-list"></i> <?php echo gtext("Lista");?></a></li>
Application/Views/Vocimenu/Sito/1600-progetti.php:10	<li><a href="<?php echo $this->baseUrl."/progetti/form/insert/0";?>"><i class="fa fa-plus-circle"></i> <?php echo gtext("Aggiungi");?></a></li>
Application/Views/Vocimenu/Sito/1300-icone.php:6	<span><?php echo gtext("Icone");?></span>
Application/Views/Vocimenu/Sito/1300-icone.php:9	<li><a href="<?php echo $this->baseUrl."/icone/main";?>"><i class="fa fa-list"></i> <?php echo gtext("Lista");?></a></li>
Application/Views/Vocimenu/Sito/1300-icone.php:10	<li><a href="<?php echo $this->baseUrl."/icone/form/insert/0";?>"><i class="fa fa-plus-circle"></i> <?php echo gtext("Aggiungi");?></a></li>
Application/Views/Vocimenu/Ecommerce/900-corrieri.php:6	<span><?php echo gtext("Corrieri");?></span>
Application/Views/Vocimenu/Ecommerce/900-corrieri.php:9	<li><a href="<?php echo $this->baseUrl."/corrieri/form/insert/0";?>"><i class="fa fa-plus-circle"></i> <?php echo gtext("Aggiungi")?></a></li>
Application/Views/Vocimenu/Ecommerce/900-corrieri.php:10	<li><a href="<?php echo $this->baseUrl."/corrieri/main";?>"><i class="fa fa-list"></i> <?php echo gtext("Lista")?></a></li>
Application/Views/Vocimenu/Ecommerce/450-spedizioninegozio.php:6	<span><?php echo gtext("Spedizioni");?></span>
Application/Views/Vocimenu/Ecommerce/450-spedizioninegozio.php:9	<li class="dropdown-header"><?php echo gtext("Spedizioni");?></li>
Application/Views/Vocimenu/Ecommerce/450-spedizioninegozio.php:10	<li class="<?php echo tm($tm, array("spedizioninegozio"));?>"><a href="<?php echo $this->baseUrl."/spedizioninegozio/main";?>"><i class="fa fa-list"></i> <?php echo gtext("Lista spedizioni");?></a></li>
Application/Views/Vocimenu/Ecommerce/450-spedizioninegozio.php:11	<li class="dropdown-header"><?php echo gtext("Borderò");?></li>
Application/Views/Vocimenu/Ecommerce/450-spedizioninegozio.php:12	<li class="<?php echo tm($tm, array("spedizioninegozioinvii"));?>"><a href="<?php echo $this->baseUrl."/spedizioninegozioinvii/main";?>"><i class="fa fa-book"></i> <?php echo gtext("Lista borderò");?></a></li>
Application/Views/Vocimenu/Ecommerce/740-ticket.php:6	<span><?php echo gtext("Assistenza");?></span>
Application/Views/Vocimenu/Ecommerce/740-ticket.php:9	<li class="dropdown-header"><?php echo gtext("Ticket");?></li>
Application/Views/Vocimenu/Ecommerce/740-ticket.php:10	<li><a href="<?php echo $this->baseUrl."/ticket/form/insert/0";?>"><i class="fa fa-plus-circle"></i> <?php echo gtext("Aggiungi");?></a></li>
Application/Views/Vocimenu/Ecommerce/740-ticket.php:11	<li class="icon_list"><a href="<?php echo $this->baseUrl."/ticket/main/1";?>"><i class="fa fa-list"></i> <?php echo gtext("Lista");?></a></li>
Application/Views/Vocimenu/Ecommerce/740-ticket.php:13	<li class="dropdown-header"><?php echo gtext("Tipologie")?></li>
Application/Views/Vocimenu/Ecommerce/740-ticket.php:14	<li class="<?php echo tm($tm, array("tickettipologie"));?>"><a href="<?php echo $this->baseUrl."/tickettipologie/main/1";?>"><i class="fa fa-cogs"></i> <?php echo gtext("Tipologie");?></a></li>
Application/Views/Vocimenu/Ecommerce/1000-iva.php:6	<span><?php echo gtext("Aliquote iva")?></span>
Application/Views/Vocimenu/Ecommerce/1000-iva.php:9	<li><a href="<?php echo $this->baseUrl."/iva/form/insert/0";?>"><i class="fa fa-plus-circle"></i> <?php echo gtext("Aggiungi")?></a></li>
Application/Views/Vocimenu/Ecommerce/1000-iva.php:10	<li><a href="<?php echo $this->baseUrl."/iva/main";?>"><i class="fa fa-list"></i> <?php echo gtext("Lista")?></a></li>
Application/Views/Vocimenu/Ecommerce/300-regusers.php:6	<span><?php echo gtext("Clienti");?></span>
Application/Views/Vocimenu/Ecommerce/300-regusers.php:9	<li><a href="<?php echo $this->baseUrl."/".v("url_elenco_clienti")."/form/insert/0";?>"><i class="fa fa-plus-circle"></i> <?php echo gtext("Aggiungi cliente");?></a></li>
Application/Views/Vocimenu/Ecommerce/300-regusers.php:10	<li <?php if ($this->controller === "regusers" && $this->action == "main" && !RegusersModel::schermataAgenti()) { ?>class="active"<?php } ?>><a href="<?php echo $this->baseUrl."/".v("url_elenco_clienti")."/main/1?agente=0";?>"><i class="fa fa-list"></i> <?php echo gtext("Lista clienti");?></a></li>
Application/Views/Vocimenu/Ecommerce/300-regusers.php:12	<li class="dropdown-header"><?php echo gtext("Agenti");?></li>
Application/Views/Vocimenu/Ecommerce/300-regusers.php:13	<li><a href="<?php echo $this->baseUrl."/".v("url_elenco_clienti")."/form/insert/0?agente=1";?>"><i class="fa fa-plus-circle"></i> <?php echo gtext("Aggiungi agente");?></a></li>
Application/Views/Vocimenu/Ecommerce/300-regusers.php:14	<li <?php if ($this->controller === "regusers" && $this->action == "main" && RegusersModel::schermataAgenti()) { ?>class="active"<?php } ?>><a href="<?php echo $this->baseUrl."/".v("url_elenco_clienti")."/main/1?agente=1";?>"><i class="fa fa-list"></i> <?php echo gtext("Lista agenti");?></a></li>
Application/Views/Vocimenu/Ecommerce/300-regusers.php:17	<li class="dropdown-header"><?php echo gtext("Ruoli");?></li>
Application/Views/Vocimenu/Ecommerce/300-regusers.php:18	<li class="<?php echo tm($tm, array("ruoli"));?>"><a href="<?php echo $this->baseUrl."/ruoli/main/1";?>"><i class="fa fa-list"></i> <?php echo gtext("Lista ruoli");?></a></li>
Application/Views/Vocimenu/Ecommerce/300-regusers.php:21	<li class="dropdown-header"><?php echo gtext("Tipi azienda");?></li>
Application/Views/Vocimenu/Ecommerce/300-regusers.php:22	<li class="<?php echo tm($tm, array("tipiazienda"));?>"><a href="<?php echo $this->baseUrl."/tipiazienda/main/1";?>"><i class="fa fa-list"></i> <?php echo gtext("Lista tipi aziende");?></a></li>
Application/Views/Vocimenu/Ecommerce/300-regusers.php:25	<li class="dropdown-header"><?php echo gtext("Gruppi");?></li>
Application/Views/Vocimenu/Ecommerce/300-regusers.php:26	<li class="<?php echo tm($tm, array("reggroups"));?>"><a href="<?php echo $this->baseUrl."/reggroups/main/1";?>"><i class="fa fa-group"></i> <?php echo gtext("Lista gruppi");?></a></li>
Application/Views/Vocimenu/Ecommerce/300-regusers.php:32	<i class="fa fa-thumbs-up"></i> <?php echo gtext("Da approvare")?>
Application/Views/Vocimenu/Ecommerce/1300-nazioni.php:6	<span><?php echo gtext("Nazioni");?></span>
Application/Views/Vocimenu/Ecommerce/1300-nazioni.php:9	<li><a href="<?php echo $this->baseUrl."/nazioni/form/insert/0";?>"><i class="fa fa-plus-circle"></i> <?php echo gtext("Aggiungi")?></a></li>
Application/Views/Vocimenu/Ecommerce/1300-nazioni.php:10	<li><a href="<?php echo $this->baseUrl."/nazioni/main";?>"><i class="fa fa-list"></i> <?php echo gtext("Lista")?></a></li>
Application/Views/Vocimenu/Ecommerce/800-classisconto.php:9	<li><a href="<?php echo $this->baseUrl."/classisconto/form/insert/0";?>"><i class="fa fa-plus-circle"></i> <?php echo gtext("Aggiungi")?></a></li>
Application/Views/Vocimenu/Ecommerce/800-classisconto.php:10	<li><a href="<?php echo $this->baseUrl."/classisconto/main";?>"><i class="fa fa-list"></i> <?php echo gtext("Lista")?></a></li>
Application/Views/Vocimenu/Ecommerce/700-promozioni.php:6	<span><?php echo gtext("Promo coupon");?></span>
Application/Views/Vocimenu/Ecommerce/700-promozioni.php:9	<li><a href="<?php echo $this->baseUrl."/promozioni/form/insert/0";?>"><i class="fa fa-plus-circle"></i> <?php echo gtext("Aggiungi promozione");?></a></li>
Application/Views/Vocimenu/Ecommerce/700-promozioni.php:10	<li><a href="<?php echo $this->baseUrl."/promozioni/main";?>"><i class="fa fa-list"></i> <?php echo gtext("Lista")?></a></li>
Application/Views/Vocimenu/Ecommerce/1500-documentidownload.php:6	<span><?php echo gtext("Download documenti")?></span>
Application/Views/Vocimenu/Ecommerce/1500-documentidownload.php:9	<li class="icon_list <?php if ($this->controller === "documentidownload") { ?>active<?php } ?>"><a href="<?php echo $this->baseUrl."/documentidownload/main/1";?>"><i class="fa fa-list"></i> <?php echo gtext("Elenco download documenti")?></a></li>
Application/Views/Vocimenu/Ecommerce/200-prodotti.php:5	<span><?php echo gtext("Prodotti");?></span>
Application/Views/Vocimenu/Ecommerce/200-prodotti.php:8	<li class="dropdown-header"><?php echo gtext("Prodotti");?></li>
Application/Views/Vocimenu/Ecommerce/200-prodotti.php:9	<li><a href="<?php echo $this->baseUrl."/".v("url_elenco_prodotti")."/form/insert/0";?>"><i class="fa fa-plus-circle"></i> <?php echo gtext("Aggiungi prodotto");?></a></li>
Application/Views/Vocimenu/Ecommerce/200-prodotti.php:10	<li class="icon_list <?php if ($this->controller === "prodotti") { ?>active<?php } ?>"><a href="<?php echo $this->baseUrl."/".v("url_elenco_prodotti")."/main/1";?>"><i class="fa fa-list"></i> <?php echo gtext("Lista prodotti");?></a></li>
Application/Views/Vocimenu/Ecommerce/200-prodotti.php:13	<li class="dropdown-header"><?php echo gtext("Varianti prodotto");?></li>
Application/Views/Vocimenu/Ecommerce/200-prodotti.php:14	<li class="<?php echo tm($tm, array("attributi"));?>"><a href="<?php echo $this->baseUrl."/attributi/main/1";?>"><i class="fa fa-cogs"></i> <?php echo gtext("Lista varianti");?></a></li>
Application/Views/Vocimenu/Ecommerce/200-prodotti.php:18	<li class="dropdown-header"><?php echo gtext("Personalizzazioni");?></li>
Application/Views/Vocimenu/Ecommerce/200-prodotti.php:19	<li class="<?php echo tm($tm, array("personalizzazioni"));?>"><a href="<?php echo $this->baseUrl."/personalizzazioni/main/1";?>"><i class="fa fa-cogs"></i> <?php echo gtext("Lista personalizzazioni");?></a></li>
Application/Views/Vocimenu/Ecommerce/200-prodotti.php:27	<span><?php echo gtext("Caratteristiche");?></span>
Application/Views/Vocimenu/Ecommerce/200-prodotti.php:31	<li class="<?php echo tm($tm, array("caratteristiche"));?>"><a href="<?php echo $this->baseUrl."/caratteristiche/main/1";?>"><i class="fa fa-list"></i> <?php echo gtext("Lista caratteristiche");?></a></li>
Application/Views/Vocimenu/Ecommerce/200-prodotti.php:34	<li class="dropdown-header"><?php echo gtext("Tipologie");?></li>
Application/Views/Vocimenu/Ecommerce/200-prodotti.php:35	<li class="<?php echo tm($tm, array("tipologiecaratteristiche"));?>"><a href="<?php echo $this->baseUrl."/tipologiecaratteristiche/main/1";?>"><i class="fa fa-list"></i> <?php echo gtext("Tipologie");?></a></li>
Application/Views/Vocimenu/Ecommerce/200-prodotti.php:44	<span><?php echo gtext("Magazzino");?></span>
Application/Views/Vocimenu/Ecommerce/200-prodotti.php:47	<li><a href="<?php echo $this->baseUrl."/combinazioni/main/1";?>"><fa class="fa fa-list"></fa> <?php echo gtext("Elenco codici");?></a></li>
Application/Views/Vocimenu/Ecommerce/1100-pagamenti.php:6	<span><?php echo gtext("Metodi di pagamento")?></span>
Application/Views/Vocimenu/Ecommerce/1100-pagamenti.php:9	<li><a href="<?php echo $this->baseUrl."/pagamenti/main";?>"><i class="fa fa-list"></i> <?php echo gtext("Lista")?></a></li>
Application/Views/Vocimenu/Ecommerce/100-categorie.php:5	<span><?php echo gtext("Categorie"); ?></span>
Application/Views/Vocimenu/Ecommerce/100-categorie.php:8	<li><a href="<?php echo $this->baseUrl."/categorie/form/insert/0";?>"><i class="fa fa-plus-circle"></i> <?php echo gtext("Aggiungi categoria"); ?></a></li>
Application/Views/Vocimenu/Ecommerce/100-categorie.php:9	<li><a href="<?php echo $this->baseUrl."/categorie/main/1";?>"><i class="fa fa-list"></i> <?php echo gtext("Lista categorie"); ?></a></li>
Application/Views/Vocimenu/Ecommerce/600-tag.php:6	<span><?php echo gtext("Tag / Linee",true,"ucfirst");?></span>
Application/Views/Vocimenu/Ecommerce/600-tag.php:9	<li><a href="<?php echo $this->baseUrl."/tag/form/insert/0";?>"><i class="fa fa-plus-circle"></i> <?php echo gtext("Aggiungi");?></a></li>
Application/Views/Vocimenu/Ecommerce/600-tag.php:10	<li><a href="<?php echo $this->baseUrl."/tag/main";?>"><i class="fa fa-list"></i> <?php echo gtext("Lista");?></a></li>
Application/Views/Vocimenu/Ecommerce/1400-listeregalo.php:6	<span><?php echo gtext("Liste regalo")?></span>
Application/Views/Vocimenu/Ecommerce/1400-listeregalo.php:9	<li class="dropdown-header"><?php echo gtext("Liste regalo")?></li>
Application/Views/Vocimenu/Ecommerce/1400-listeregalo.php:10	<li><a href="<?php echo $this->baseUrl."/listeregalo/form/insert/0";?>"><i class="fa fa-plus-circle"></i> <?php echo gtext("Aggiungi")?></a></li>
Application/Views/Vocimenu/Ecommerce/1400-listeregalo.php:11	<li class="icon_list <?php if ($this->controller === "listeregalo") { ?>active<?php } ?>"><a href="<?php echo $this->baseUrl."/listeregalo/main/1";?>"><i class="fa fa-list"></i> <?php echo gtext("Elenco liste regalo")?></a></li>
Application/Views/Vocimenu/Ecommerce/1400-listeregalo.php:13	<li class="dropdown-header"> <?php echo gtext("Tipologie")?></li>
Application/Views/Vocimenu/Ecommerce/1400-listeregalo.php:14	<li class="<?php echo tm($tm, array("listeregalotipi"));?>"><a href="<?php echo $this->baseUrl."/listeregalotipi/main/1";?>"><i class="fa fa-cogs"></i> <?php echo gtext("Elenco tipologie")?></a></li>
Application/Views/Vocimenu/Ecommerce/400-ordini.php:6	<span><?php echo gtext("Ordini");?></span>
Application/Views/Vocimenu/Ecommerce/400-ordini.php:9	<li class="<?php echo tm($tm, array("ordini"));?>"><a href="<?php echo $this->baseUrl."/".v("url_elenco_ordini")."/1";?>"><i class="fa fa-list"></i> <?php echo gtext("Lista ordini");?></a></li>
Application/Views/Vocimenu/Ecommerce/400-ordini.php:11	<li class="<?php echo tm($tm, array("righe"));?>"><a href="<?php echo $this->baseUrl."/righe/elenco";?>"><i class="fa fa-list"></i> <?php echo gtext("Lista righe ordine");?></a></li>
Application/Views/Vocimenu/Ecommerce/400-ordini.php:14	<li class="<?php echo tm($tm, array("fatture"));?>"><a href="<?php echo $this->baseUrl."/fatture/main/1";?>"><i class="fa fa-list"></i> <?php echo gtext("Lista fatture");?></a></li>
Application/Views/Vocimenu/Ecommerce/500-marchi.php:6	<span><?php echo gtext("famiglie",true,"ucfirst");?></span>
Application/Views/Vocimenu/Ecommerce/500-marchi.php:9	<li><a href="<?php echo $this->baseUrl."/marchi/form/insert/0";?>"><i class="fa fa-plus-circle"></i> <?php echo gtext("Aggiungi");?></a></li>
Application/Views/Vocimenu/Ecommerce/500-marchi.php:10	<li><a href="<?php echo $this->baseUrl."/marchi/main";?>"><i class="fa fa-list"></i> <?php echo gtext("Lista");?></a></li>
Application/Views/Vocimenu/Ecommerce/1200-statiordine.php:6	<span><?php echo gtext("Stati ordine")?></span>
Application/Views/Vocimenu/Ecommerce/1200-statiordine.php:9	<li><a href="<?php echo $this->baseUrl."/statiordine/main";?>"><i class="fa fa-list"></i> <?php echo gtext("Lista")?></a></li>
Application/Views/Vocimenu/Utenti/900-captcha.php:6	<span><?php echo gtext("Gestione antispam")?></span>
Application/Views/Vocimenu/Utenti/900-captcha.php:9	<li><a href="<?php echo $this->baseUrl."/captcha/main";?>"><i class="fa fa-list"></i> <?php echo gtext("Lista")?></a></li>
Application/Views/Vocimenu/Utenti/600-fasceprezzo.php:6	<span><?php echo gtext("Fasce prezzo");?></span>
Application/Views/Vocimenu/Utenti/600-fasceprezzo.php:9	<li><a href="<?php echo $this->baseUrl."/fasceprezzo/form/insert/0";?>"><i class="fa fa-plus-circle"></i> <?php echo gtext("Aggiungi fascia");?></a></li>
Application/Views/Vocimenu/Utenti/600-fasceprezzo.php:10	<li><a href="<?php echo $this->baseUrl."/fasceprezzo/main/1";?>"><i class="fa fa-list"></i> <?php echo gtext("Lista fasce");?></a></li>
Application/Views/Vocimenu/Utenti/2100-regaccessi.php:3	<li class="<?php echo tm($tm, "regaccessi");?>"><a href="<?php echo $this->baseUrl."/regaccessi/main/1";?>"><i class="fa fa-sign-in"></i> <span><?php echo gtext("Accessi utenti");?></span></a></li>
Application/Views/Vocimenu/Utenti/250-traduttori.php:6	<span><?php echo gtext("Traduttori automatici");?></span>
Application/Views/Vocimenu/Utenti/250-traduttori.php:9	<li class="<?php echo tm($tm, array("traduttori"));?>"><a href="<?php echo $this->baseUrl."/traduttori/main/1";?>"><i class="fa fa-list"></i> <?php echo gtext("Traduttori automatici");?></a></li>
Application/Views/Vocimenu/Utenti/250-traduttori.php:11	<li class="<?php echo tm($tm, array("opzioni"));?>"><a href="<?php echo $this->baseUrl."/opzioni/main?codice=FRASI_DA_NON_TRADURRE";?>"><i class="fa fa-ban"></i> <?php echo gtext("Frasi da non tradurre");?></a></li>
Application/Views/Vocimenu/Utenti/250-traduttori.php:13	<li class="<?php echo tm($tm, array("traduzionicorrezioni"));?>"><a href="<?php echo $this->baseUrl."/traduzionicorrezioni/main/1";?>"><i class="fa fa-eraser"></i> <?php echo gtext("Correzioni");?></a></li>
Application/Views/Vocimenu/Utenti/250-traduttori.php:15	<li><a class="ajlink" href="<?php echo Domain::$publicUrl."/cron/traduci?".v("token_comandi_cron_web")."&azione=traduci&limit=30";?>"><i class="fa fa-refresh"></i> <?php echo gtext("Lancia traduzione modifiche");?></a></li>
Application/Views/Vocimenu/Utenti/350-airichieste.php:6	<span><?php echo gtext("Assistente virtuale IA")?></span>
Application/Views/Vocimenu/Utenti/350-airichieste.php:10	<li class="dropdown-header"><?php echo gtext("Generazione IA");?></li>
Application/Views/Vocimenu/Utenti/350-airichieste.php:11	<li><a href="<?php echo $this->baseUrl."/airichieste/main?rag=0";?>"><i class="fa fa-lightbulb-o"></i> <?php echo gtext("Generazione testi IA")?></a></li>
Application/Views/Vocimenu/Utenti/350-airichieste.php:14	<li class="dropdown-header"><?php echo gtext("Chatbot");?></li>
Application/Views/Vocimenu/Utenti/350-airichieste.php:15	<li><a href="<?php echo $this->baseUrl."/airichieste/main?rag=1";?>"><i class="fa fa-comments-o"></i> <?php echo gtext("Chat IA")?></a></li>
Application/Views/Vocimenu/Utenti/350-airichieste.php:18	<li class="dropdown-header"><?php echo gtext("Modelli");?></li>
Application/Views/Vocimenu/Utenti/350-airichieste.php:19	<li class="<?php echo tm($tm, "aimodelli");?>"><a href="<?php echo $this->baseUrl."/aimodelli/main";?>"><i class="fa fa-list"></i> <?php echo gtext("Configurazione modelli")?></a></li>
Application/Views/Vocimenu/Utenti/1100-integrazioni.php:6	<span><?php echo gtext("Integrazioni software esterni")?></span>
Application/Views/Vocimenu/Utenti/1100-integrazioni.php:9	<li><a href="<?php echo $this->baseUrl."/integrazioni/main";?>"><i class="fa fa-list"></i> <?php echo gtext("Lista")?></a></li>
Application/Views/Vocimenu/Utenti/1650-geolocator.php:6	<span><?php echo gtext("Gestione geolocator")?></span>
Application/Views/Vocimenu/Utenti/1650-geolocator.php:9	<li><a href="<?php echo $this->baseUrl."/geolocator/main";?>"><i class="fa fa-list"></i> <?php echo gtext("Lista")?></a></li>
Application/Views/Vocimenu/Utenti/100-users.php:5	<span><?php echo gtext("Amministratori");?></span>
Application/Views/Vocimenu/Utenti/100-users.php:8	<li><a href="<?php echo $this->baseUrl."/users/form/insert/0";?>"><i class="fa fa-plus-circle"></i> <?php echo gtext("Aggiungi utente");?></a></li>
Application/Views/Vocimenu/Utenti/100-users.php:9	<li class="<?php echo tm($tm, array("users"));?>"><a href="<?php echo $this->baseUrl."/users/main/1";?>"><i class="fa fa-list"></i> <?php echo gtext("Lista utenti");?></a></li>
Application/Views/Vocimenu/Utenti/100-users.php:11	<li class="dropdown-header"><?php echo gtext("Gruppi");?></li>
Application/Views/Vocimenu/Utenti/100-users.php:12	<li class="<?php echo tm($tm, array("groups"));?>"><a href="<?php echo $this->baseUrl."/groups/main/1";?>"><i class="fa fa-group"></i> <?php echo gtext("Lista gruppi");?></a></li>
Application/Views/Vocimenu/Utenti/1750-ipfilter.php:6	<span><?php echo gtext("Gestione IP");?></span>
Application/Views/Vocimenu/Utenti/1750-ipfilter.php:10	<li class="dropdown-header"><?php echo gtext("IP brute force bloccati");?></li>
Application/Views/Vocimenu/Utenti/1750-ipfilter.php:11	<li><a href="<?php echo $this->baseUrl."/ipfilter/main/1";?>"><i class="fa fa-list"></i> <?php echo gtext("Lista");?></a></li>
Application/Views/Vocimenu/Utenti/1750-ipfilter.php:14	<li class="dropdown-header"><?php echo gtext("IP Checker");?></li>
Application/Views/Vocimenu/Utenti/1750-ipfilter.php:15	<li><a href="<?php echo $this->baseUrl."/ipchecker/main";?>"><i class="fa fa-list"></i> <?php echo gtext("IP Checker");?></a></li>
Application/Views/Vocimenu/Utenti/1150-pixel.php:6	<span><?php echo gtext("Gestione pixel")?></span>
Application/Views/Vocimenu/Utenti/1150-pixel.php:9	<li><a href="<?php echo $this->baseUrl."/pixel/main";?>"><i class="fa fa-list"></i> <?php echo gtext("Lista")?></a></li>
Application/Views/Vocimenu/Utenti/1400-sitemap.php:6	<span><?php echo gtext("Gestione sitemap")?></span>
Application/Views/Vocimenu/Utenti/1400-sitemap.php:9	<li><a href="<?php echo $this->baseUrl."/sitemap/main";?>"><i class="fa fa-list"></i> <?php echo gtext("Lista")?></a></li>
Application/Views/Vocimenu/Utenti/1200-gestionali.php:6	<span><?php echo gtext("Integrazione gestionali")?></span>
Application/Views/Vocimenu/Utenti/1200-gestionali.php:9	<li><a href="<?php echo $this->baseUrl."/gestionali/main";?>"><i class="fa fa-list"></i> <?php echo gtext("Lista")?></a></li>
Application/Views/Vocimenu/Utenti/1900-cookiearchivio.php:5	<span><?php echo gtext("Archivio cookie terzi")?></span>
Application/Views/Vocimenu/Utenti/1900-cookiearchivio.php:8	<li><a href="<?php echo $this->baseUrl."/cookiearchivio/main";?>"><i class="fa fa-list"></i> <?php echo gtext("Lista")?></a></li>
Application/Views/Vocimenu/Utenti/1600-opzioni.php:6	<span><?php echo gtext("Gestione opzioni")?></span>
Application/Views/Vocimenu/Utenti/1600-opzioni.php:14	<li><a href="<?php echo $this->baseUrl."/opzioni/main?codice=$codice";?>"><i class="fa fa-list"></i> <?php echo gtext("Lista $label")?></a></li>
Application/Views/Vocimenu/Utenti/700-testi.php:6	<span><?php echo gtext("Temi"); ?></span>
Application/Views/Vocimenu/Utenti/700-testi.php:10	<li class="dropdown-header"><?php echo gtext("Contenuti");?></li>
Application/Views/Vocimenu/Utenti/700-testi.php:11	<li class="<?php echo tm($tm, "testi");?>"><a href="<?php echo $this->baseUrl."/testi/main/1";?>"><i class="fa fa-text-width"></i> <span><?php echo gtext("Contenuti tema");?></span></a></li>
Application/Views/Vocimenu/Utenti/700-testi.php:15	<li class="dropdown-header"><?php echo gtext("Layout");?></li>
Application/Views/Vocimenu/Utenti/700-testi.php:16	<li class="<?php echo tm($tm, "elementitema");?>"><a href="<?php echo $this->baseUrl."/elementitema/main/1";?>"><i class="fa fa-map"></i> <span><?php echo gtext("Layout blocchi tema");?></span></a></li>
Application/Views/Vocimenu/Utenti/700-testi.php:20	<li class="dropdown-header"><?php echo gtext("Stile");?></li>
Application/Views/Vocimenu/Utenti/700-testi.php:21	<li class="<?php echo tm($tm, "temi");?>"><a href="<?php echo $this->baseUrl."/impostazioni/tema/1";?>"><i class="fa fa-eye"></i> <span><?php echo gtext("Cambia stile");?></span></a></li>
Application/Views/Vocimenu/Utenti/500-tipidocumento.php:6	<span><?php echo gtext("Tipi documenti");?></span>
Application/Views/Vocimenu/Utenti/500-tipidocumento.php:9	<li><a href="<?php echo $this->baseUrl."/tipidocumento/form/insert/0";?>"><i class="fa fa-plus-circle"></i> <?php echo gtext("Aggiungi tipo");?></a></li>
Application/Views/Vocimenu/Utenti/500-tipidocumento.php:10	<li><a href="<?php echo $this->baseUrl."/tipidocumento/main/1";?>"><i class="fa fa-list"></i> <?php echo gtext("Lista tipi");?></a></li>
Application/Views/Vocimenu/Utenti/1500-redirect.php:6	<span><?php echo gtext("Gestione redirect")?></span>
Application/Views/Vocimenu/Utenti/1500-redirect.php:9	<li><a href="<?php echo $this->baseUrl."/redirect/form/insert/0";?>"><i class="fa fa-plus-circle"></i> <?php echo gtext("Aggiungi");?></a></li>
Application/Views/Vocimenu/Utenti/1500-redirect.php:10	<li><a href="<?php echo $this->baseUrl."/redirect/main";?>"><i class="fa fa-list"></i> <?php echo gtext("Lista")?></a></li>
Application/Views/Vocimenu/Utenti/1700-spedizionieri.php:6	<span><?php echo gtext("Spedizionieri");?></span>
Application/Views/Vocimenu/Utenti/1700-spedizionieri.php:9	<li><a href="<?php echo $this->baseUrl."/spedizionieri/form/insert/0";?>"><i class="fa fa-plus-circle"></i> <?php echo gtext("Aggiungi");?></a></li>
Application/Views/Vocimenu/Utenti/1700-spedizionieri.php:10	<li><a href="<?php echo $this->baseUrl."/spedizionieri/main/1";?>"><i class="fa fa-list"></i> <?php echo gtext("Lista");?></a></li>
Application/Views/Vocimenu/Utenti/800-categories.php:3	<li class="<?php echo tm($tm, "categories");?>"><a href="<?php echo $this->baseUrl."/categories/main/1";?>"><i class="fa fa-folder-open"></i> <span><?php echo gtext("Sezioni sito");?></span></a></li>
Application/Views/Vocimenu/Utenti/1650-commessi.php:6	<span><?php echo gtext("Gestione commessi")?></span>
Application/Views/Vocimenu/Utenti/1650-commessi.php:9	<li><a href="<?php echo $this->baseUrl."/commessi/form/insert/0";?>"><i class="fa fa-plus-circle"></i> <?php echo gtext("Aggiungi");?></a></li>
Application/Views/Vocimenu/Utenti/1650-commessi.php:10	<li><a href="<?php echo $this->baseUrl."/commessi/main/1";?>"><i class="fa fa-list"></i> <?php echo gtext("Lista");?></a></li>
Application/Views/Vocimenu/Utenti/1050-motoriricerca.php:6	<span><?php echo gtext("Motori di ricerca")?></span>
Application/Views/Vocimenu/Utenti/1050-motoriricerca.php:9	<li class="<?php echo tm($tm, array("motoriricerca"));?>"><a href="<?php echo $this->baseUrl."/motoriricerca/main";?>"><i class="fa fa-list"></i> <?php echo gtext("Lista")?></a></li>
Application/Views/Vocimenu/Utenti/1050-motoriricerca.php:10	<li class="<?php echo tm($tm, array("ricerchesinonimi"));?>"><a href="<?php echo $this->baseUrl."/ricerchesinonimi/main";?>"><i class="fa fa-book"></i> <?php echo gtext("Sinonimi")?></a></li>
Application/Views/Vocimenu/Utenti/1050-motoriricerca.php:11	<li class="<?php echo tm($tm, array("ricerche"));?>"><a href="<?php echo $this->baseUrl."/ricerche/main";?>"><i class="fa fa-search"></i> <?php echo gtext("Ricerche effettuate")?></a></li>
Application/Views/Vocimenu/Utenti/1000-integrazioninewsletter.php:6	<span><?php echo gtext("Integrazione newsletter")?></span>
Application/Views/Vocimenu/Utenti/1000-integrazioninewsletter.php:9	<li><a href="<?php echo $this->baseUrl."/integrazioninewsletter/main";?>"><i class="fa fa-list"></i> <?php echo gtext("Lista")?></a></li>
Application/Views/Vocimenu/Utenti/1300-integrazionilogin.php:6	<span><?php echo gtext("Login tramite APP")?></span>
Application/Views/Vocimenu/Utenti/1300-integrazionilogin.php:9	<li><a href="<?php echo $this->baseUrl."/integrazionilogin/main";?>"><i class="fa fa-list"></i> <?php echo gtext("Lista")?></a></li>
Application/Views/Vocimenu/Utenti/400-tipicontenuto.php:6	<span><?php echo gtext("Tipologie fasce");?></span>
Application/Views/Vocimenu/Utenti/400-tipicontenuto.php:9	<li><a href="<?php echo $this->baseUrl."/tipicontenuto/form/insert/0";?>"><i class="fa fa-plus-circle"></i> <?php echo gtext("Aggiungi tipo");?></a></li>
Application/Views/Vocimenu/Utenti/400-tipicontenuto.php:10	<li><a href="<?php echo $this->baseUrl."/tipicontenuto/main/1";?>"><i class="fa fa-list"></i> <?php echo gtext("Lista tipi");?></a></li>
Application/Views/Vocimenu/Utenti/300-impostazioni.php:2	<li class="<?php echo tm($tm, "variabili");?>"><a href="<?php echo $this->baseUrl."/impostazioni/form/update/1";?>"><i class="fa fa-cogs"></i> <span><?php echo gtext("Impostazioni");?></span></a></li>
Application/Views/Vocimenu/Utenti/2000-calendariochiusure.php:6	<span><?php echo gtext("Calendario chiusure")?></span>
Application/Views/Vocimenu/Utenti/2000-calendariochiusure.php:9	<li><a href="<?php echo $this->baseUrl."/calendariochiusure/main";?>"><i class="fa fa-list"></i> <?php echo gtext("Elenco giorni")?></a></li>
Application/Views/Vocimenu/Utenti/200-traduzioni.php:2	<li class="<?php echo tm($tm, "traduzioni");?>"><a href="<?php echo $this->baseUrl."/traduzioni/main/1";?>"><i class="fa fa-language"></i> <span><?php echo gtext("Traduzioni");?></span></a></li>
Application/Views/Vocimenu/Utenti/1800-cache.php:9	<span><?php echo gtext("Gestione cache")?></span>
Application/Views/Vocimenu/Utenti/1800-cache.php:13	<li><a class="svuota_cache" href="<?php echo $this->baseUrl."/cache/svuotacache";?>"><i class="fa fa-trash"></i> <?php echo gtext("Svuota cache database");?></a></li>
Application/Views/Vocimenu/Utenti/1800-cache.php:16	<li><a class="svuota_cache" href="<?php echo $this->baseUrl."/cache/svuotacachetemplate";?>"><i class="fa fa-trash"></i> <?php echo gtext("Svuota cache HTML");?></a></li>
Application/Views/Vocimenu/Utenti/1800-cache.php:19	<li><a class="svuota_cache" href="<?php echo $this->baseUrl."/cache/svuotacacheimmagini";?>"><i class="fa fa-trash"></i> <?php echo gtext("Svuota cache immagini");?></a></li>
Application/Views/Vocimenu/Utenti/1800-cache.php:22	<li><a class="svuota_cache" href="<?php echo $this->baseUrl."/cache/svuotacachemetodi";?>"><i class="fa fa-trash"></i> <?php echo gtext("Svuota cache metodi");?></a></li>
Application/Views/Vocimenu/Utenti/1800-cache.php:25	<li><a class="svuota_cache" href="<?php echo $this->baseUrl."/cache/svuotacachenotfound";?>"><i class="fa fa-trash"></i> <span><?php echo gtext("Svuota cache 404");?></span></a></li>
Application/Views/Vocimenu/Utenti/1800-cache.php:28	<li><a class="iframe" href="<?php echo $this->baseUrl."/opcache/index";?>"><i class="fa fa-area-chart"></i> <span><?php echo gtext("Statistiche OPcache");?></span></a></li>
Application/Views/Progetti/steps.php:13	<li <?php echo $posizioni['immagini'];?> ><a class="help_immagini" href="<?php echo $this->baseUrl."/".$this->applicationUrl.$this->controller."/immagini/$id_page".$viewStatusTutti;?>"><?php echo gtext("Immagini");?></a></li>
Application/Views/Menucucina/steps.php:6	<li <?php echo $posizioni['main'];?>><a href="<?php echo $this->baseUrl."/".$this->controller."/form/update/$id_page".$this->viewStatus;?>"><?php echo gtext("Dettagli");?></a></li>
Application/Views/Menucucina/steps.php:8	<li <?php echo $posizioni['tag'];?>><a class="help_tag_prodotto" href="<?php echo $this->baseUrl."/".$this->applicationUrl.$this->controller."/tag/$id_page".$this->viewStatus;?>"><?php echo gtext("Tag");?></a></li>
Application/Views/Menucucina/steps.php:11	<li <?php echo $posizioni['testi'];?>><a href="<?php echo $this->baseUrl."/".$this->controller."/testi/$id_page".$this->viewStatus;?>"><?php echo gtext("Contenuti");?></a></li>
Application/Views/Menucucina/steps.php:13	<li <?php echo $posizioni['immagini'];?>><a href="<?php echo $this->baseUrl."/".$this->controller."/immagini/$id_page".$this->viewStatus;?>"><?php echo gtext("Immagini");?></a></li>
Application/Views/Menucucina/steps.php:14	<li <?php echo $posizioni['meta'];?>><a href="<?php echo $this->baseUrl."/".$this->controller."/meta/$id_page".$this->viewStatus;?>"><?php echo gtext("Meta");?></a></li>
Application/Views/Menucucina/steps.php:16	<li <?php echo $posizioni['lingue'];?>><a href="<?php echo $this->baseUrl."/".$this->applicationUrl.$this->controller."/lingue/$id_page".$this->viewStatus;?>"><?php echo gtext("Lingue");?></a></li>
Application/Views/Menucucina/pages_form.php:60	<?php echo gtext("Visibilità");?>
Application/Views/Menucucina/pages_form.php:80	<?php echo gtext("Traduzioni");?>
Application/Views/Fornitori/gestisci_associato.php:4	<p><a class="iframe btn btn-success" href="<?php echo $this->baseUrl."/fornitoricontatti/form/insert";?>?partial=Y&nobuttons=N&id_fornitore_insert=<?php echo $id;?>"><i class="fa fa-plus-circle"></i> <?php echo gtext("Aggiungi contatto");?></a></p>
Application/Views/Fornitori/gestisci_associato.php:8	<p><a class="iframe btn btn-success" href="<?php echo $this->baseUrl."/fornitoriimport/form/insert";?>?partial=Y&nobuttons=N&id_fornitore_insert=<?php echo $id;?>"><i class="fa fa-plus-circle"></i> <?php echo gtext("Aggiungi listino");?></a></p>
Application/Views/Fornitori/steps.php:8	<li <?php echo $posizioni['main'];?>><a href="<?php echo $this->baseUrl."/".$this->applicationUrl.$this->controller."/form/update/$id".$this->viewStatus;?>"><?php echo gtext("Dettagli");?></a></li>
Application/Views/Fornitori/steps.php:9	<li <?php echo $posizioni['contatti'];?>><a href="<?php echo $this->baseUrl."/".$this->applicationUrl.$this->controller."/contatti/$id".$this->viewStatus;?>"><?php echo gtext("Contatti");?></a></li>
Application/Views/Fornitori/steps.php:10	<li <?php echo $posizioni['listino'];?>><a href="<?php echo $this->baseUrl."/".$this->applicationUrl.$this->controller."/listino/$id".$this->viewStatus;?>"><?php echo gtext("Listino");?></a></li>
Application/Views/Fornitori/steps.php:11	<li <?php echo $posizioni['import'];?>><a href="<?php echo $this->baseUrl."/".$this->applicationUrl.$this->controller."/import/$id".$this->viewStatus;?>"><?php echo gtext("Import");?></a></li>
Application/Views/Corrierispese/form_scaffold_main.php:27	<?php echo gtext("Salva");?>
Application/Views/Corrierispese/form_scaffold_main.php:29	<?php echo gtext("Procedi");?> <i class="fa fa-arrow-right"></i>
Application/Views/Eventiretargeting/steps.php:6	<li <?php echo $posizioni['main'];?>><a href="<?php echo $this->baseUrl."/".$this->controller."/form/update/$id".$this->viewStatus;?>"><?php echo gtext("Dettagli");?></a></li>
Application/Views/Eventiretargeting/steps.php:7	<li <?php echo $posizioni['invii'];?>><a href="<?php echo $this->baseUrl."/".$this->controller."/invii/$id".$this->viewStatus;?>"><?php echo gtext("Elenco invii");?></a></li>
Application/Views/Partner/steps.php:6	<li <?php echo $posizioni['main'];?>><a href="<?php echo $this->baseUrl."/".$this->controller."/form/update/$id_page".$this->viewStatus;?>"><?php echo gtext("Dettagli");?></a></li>
Application/Views/Partner/steps.php:7	<li <?php echo $posizioni['meta'];?>><a href="<?php echo $this->baseUrl."/".$this->controller."/meta/$id_page".$this->viewStatus;?>"><?php echo gtext("Meta");?></a></li>
Application/Views/form_submit_button.php:4	<button id="<?php echo $type;?>Action" class="btn btn-success make_spinner" name="<?php echo $type;?>Action" type="submit"><i class="fa fa-save"></i> <?php echo gtext("Salva");?></button>
Application/Views/Modali/steps.php:6	<li <?php echo $posizioni['main'];?>><a href="<?php echo $this->baseUrl."/".$this->controller."/form/update/$id_page".$this->viewStatus;?>"><?php echo gtext("Dettagli")?></a></li>
Application/Views/Modali/pages_form.php:7	<h1><?php echo gtext("Gestione");?> <?php echo $tabella;?>: <?php if (strcmp($type,"update") === 0) { echo $titoloPagina; } else { echo "inserimento nuovo elemento";}?></h1>
Application/Views/Modali/pages_form.php:59	<button id="<?php echo $type;?>Action" class="btn btn-success" name="<?php echo $type;?>Action" type="submit"><?php echo gtext("Salva", false);?></button>
Application/Views/Modali/pages_form.php:69	<?php echo gtext("Pulsante nella modale (call to action)")?>
Application/Views/Modali/pages_form.php:105	<?php echo gtext("Visibilità");?>
Application/Views/Modali/pages_form.php:115	<?php echo gtext("Traduzioni");?>
Application/Views/Gallerycat/categories_steps.php:6	<li <?php echo $posizioni['main'];?>><a href="<?php echo $this->baseUrl."/".$this->controller."/form/update/$id".$this->viewStatus;?>"><?php echo gtext("Dettagli");?></a></li>
Application/Views/Gallerycat/categories_steps.php:7	<li <?php echo $posizioni['meta'];?>><a href="<?php echo $this->baseUrl."/".$this->controller."/meta/$id".$this->viewStatus;?>"><?php echo gtext("Meta");?></a></li>
Application/Views/Tag/steps.php:6	<li <?php echo $posizioni['main'];?>><a href="<?php echo $this->baseUrl."/".$this->controller."/form/update/$id".$this->viewStatus;?>"><?php echo gtext("Dettagli");?></a></li>
Application/Views/Tag/steps.php:7	<li <?php echo $posizioni['meta'];?>><a class="help_meta" href="<?php echo $this->baseUrl."/".$this->controller."/meta/update/$id".$this->viewStatus;?>"><?php echo gtext("Meta");?></a></li>
Application/Views/Tag/steps.php:9	<li <?php echo $posizioni['immagini'];?>><a class="help_immagini" href="<?php echo $this->baseUrl."/".$this->applicationUrl.$this->controller."/immagini/$id".$this->viewStatus;?>"><?php echo gtext("Immagini");?></a></li>
Application/Views/pages_main.php:121	<h1><?php echo gtext("Gestione");?> <?php echo gtext($tabella);?> <?php include($this->viewPath("link_manuale"));?></h1>
Application/Views/gestisci_associato_pagine_correlate.php:10	<a class="btn btn-primary iframe pull-right" href="<?php echo $this->baseUrl."/$section/main?partial=Y"?>"><i class="fa fa-edit"></i> <?php echo gtext("Gestione");?> <?php echo gtext($titleSection);?></a>
Application/Views/gestisci_associato_pagine_correlate.php:12	<a class="btn btn-success iframe" href="<?php echo $this->baseUrl."/$section/main?id_pcorr=$id_page&partial=Y&cl_on_sv=Y&pcorr_sec=$section";?>"><i class="fa fa-plus-circle"></i> <?php echo gtext("Aggiungi");?></a>
Application/Views/Tipicontenuto/form_scaffold_main.php:33	<button id="<?php echo $type;?>Action" class="btn btn-success make_spinner" name="<?php echo $type;?>Action" type="submit"><i class="fa fa-save"></i> <?php echo gtext("Salva"); ?></button>
Application/Views/Partnercat/categories_steps.php:6	<li <?php echo $posizioni['main'];?>><a href="<?php echo $this->baseUrl."/".$this->controller."/form/update/$id".$this->viewStatus;?>"><?php echo gtext("Dettagli");?></a></li>
Application/Views/Partnercat/categories_steps.php:7	<li <?php echo $posizioni['meta'];?>><a href="<?php echo $this->baseUrl."/".$this->controller."/meta/$id".$this->viewStatus;?>"><?php echo gtext("Meta");?></a></li>
Application/Views/Corrieri/steps.php:7	<li <?php echo $posizioni['prezzi'];?>><a class="help_scaglioni" href="<?php echo $this->baseUrl."/".$this->controller."/prezzi/$id".$this->viewStatus;?>"><?php echo gtext("Scaglioni prezzo");?></a></li>
Application/Views/Ordiniacquisto/top_steps.php:8	<?php echo gtext("N° Ordine");?> #<b><?php echo $ordine["numero_ordine"];?></b></b>
Application/Views/Ordiniacquisto/top_steps.php:15	<td><?php echo gtext("N° Ordine");?>:</td>
Application/Views/Ordiniacquisto/top_steps.php:19	<td><?php echo gtext("Data ordine");?>:</td>
Application/Views/Ordiniacquisto/top_steps.php:25	<td><?php echo gtext("Fornitore");?>:</td>
Application/Views/Ordiniacquisto/top_steps.php:38	<td><?php echo gtext("Stato ordine");?>:</td>
Application/Views/Ordiniacquisto/top_steps.php:42	<a <?php if (partial()) { ?>target="_blank"<?php } ?> class="<?php if (!partial()) { ?>iframe<?php } ?> pull-right help_storico_stati_ordini_acquisto" href="<?php echo $this->baseUrl."/".$this->applicationUrl.$this->controller."/storicostati/".$ordine["id_ordine_acquisto"];?>?partial=Y"><i class="fa fa-history"></i> <?php echo gtext("Vedi storico cambio stato");?></a>
Application/Views/Ordiniacquisto/top_steps.php:50	<td><?php echo gtext("Ricezioni").":";?></td>
Application/Views/Ordiniacquisto/top_steps.php:53	<?php echo gtext("N°");?> <a target="_blank" href="<?php echo $this->baseUrl."/$urlOrdineAcquistoRicezioni/form/update/".$ricezione["ordini_acquisto_ricezioni"]["id_ordine_acquisto_ricezione"];?>"><b><?php echo $ricezione["ordini_acquisto_ricezioni"]["id_ordine_acquisto_ricezione"];?></b></a> <?php echo gtext("del");?> <b><?php echo smartDate($ricezione["ordini_acquisto_ricezioni"]["data_ricezione_merce"], v("default_date_format"));?></b> <?php echo OrdiniacquistoricezioniModel::g()->statoLabelCrud($ricezione);?>
Application/Views/Ordiniacquisto/top_steps.php:66	<td><?php echo gtext("Imponibile");?>:</td>
Application/Views/Ordiniacquisto/top_steps.php:70	<td><?php echo gtext("Imponibile scontato");?>:</td>
Application/Views/Ordiniacquisto/top_steps.php:75	<td><?php echo gtext("Imponibile");?>:</td>
Application/Views/Ordiniacquisto/top_steps.php:80	<td><?php echo gtext("Iva");?>:</td>
Application/Views/Ordiniacquisto/top_steps.php:84	<td><?php echo gtext("Totale");?>:</td>
Application/Views/Ordiniacquisto/seleziona_contatto.php:4	<h1><?php echo gtext("Seleziona il contatto a cui inviare l'ordine di acquisto");?></h1>
Application/Views/Ordiniacquisto/seleziona_contatto.php:22	<i class="fa fa-envelope"></i> <?php echo gtext("Invia");?>
Application/Views/Ordiniacquisto/gestisci_associato.php:14	<a style="margin-left:5px;" id-ordine="<?php echo $id;?>" id-riga-tipologia="0" class="aggiungi_riga_tipologia_ordine_acquisto make_spinner pull-right btn btn-sm btn-default" href="<?php echo $this->baseUrl."/ordiniacquistorighe/form/insert/0";?>"><i class="fa fa-plus"></i> <?php echo gtext("Riga libera");?></a>
Application/Views/Ordiniacquisto/gestisci_associato.php:21	<div class="callout callout-info"><?php echo gtext("Le righe dell'ordine non sono modificabili in quanto l'ordine non è più in stato di Bozza oppure ha delle ricezioni collegate");?></b></div>
Application/Views/Ordiniacquisto/steps.php:10	<li <?php echo $posizioni['main'];?>><a href="<?php echo $this->baseUrl."/".$this->applicationUrl.$this->controller."/form/update/$id".$this->viewStatus;?>"><?php echo gtext("Dettagli");?></a></li>
Application/Views/Ordiniacquisto/steps.php:11	<li <?php echo $posizioni['righe'];?>><a href="<?php echo $this->baseUrl."/".$this->applicationUrl.$this->controller."/righe/$id".$this->viewStatus;?>"><?php echo gtext("Righe ordine");?></a></li>
Application/Views/Ordiniacquisto/steps.php:12	<li <?php echo $posizioni['inviipdf'];?>><a href="<?php echo $this->baseUrl."/".$this->applicationUrl.$this->controller."/inviipdf/$id".$this->viewStatus;?>"><?php echo gtext("Storico PDF");?></a></li>
Application/Views/Ordiniacquisto/vedi_storico.php:4	<h1><?php echo gtext("Storico delle modifiche agli stati dell'ordine");?></h1>
Application/Views/Ordiniacquisto/vedi_storico.php:16	<?php echo gtext("Data ora");?>
Application/Views/Ordiniacquisto/vedi_storico.php:19	<?php echo gtext("Stato");?>
Application/Views/Ordiniacquisto/vedi_storico.php:22	<?php echo gtext("Utente admin");?>
Application/Views/Ordiniacquisto/top_steps_buttons.php:4	<a class="m-l pull-right btn btn-xs btn-info btn-rounded make_spinner" href="<?php echo $this->baseUrl."/".$this->applicationUrl.$this->controller."/generaricezione/".$ordine["id_ordine_acquisto"];?>"><i class="fa fa-truck"></i> <?php echo gtext("Genera ricezione");?></a>
Application/Views/Ordiniacquisto/top_steps_buttons.php:8	<a class="m-l pull-right btn btn-xs btn-warning btn-rounded iframe" href="<?php echo $this->baseUrl."/".$this->applicationUrl.$this->controller."/inviapdfselezionecontatto/".$ordine["id_ordine_acquisto"]."?partial=Y&nobuttons=Y";?>"><i class="fa fa-envelope"></i> <?php echo gtext("Invia PDF");?></a>
Application/Views/Ordiniacquisto/top_steps_buttons.php:11	<a target="_blank" class="pull-right btn btn-xs btn-success btn-rounded" href="<?php echo $this->baseUrl."/".$this->applicationUrl.$this->controller."/stampapdf/".$ordine["id_ordine_acquisto"]."?csrf=".User::$csrfToken;;?>"><i class="fa fa-file-pdf-o"></i> <?php echo gtext("Stampa PDF");?></a>
Application/Views/notice.php:12	<a class="btn btn-info make_spinner" href="<?php echo $this->baseUrl."/users/login"?>"><?php echo gtext("Torna al login");?> <i class="fa fa-arrow-right"></i></a>
Application/Views/Servizi/pages_form_visibility.php:5	<?php echo gtext("Visibilità");?>
Application/Views/Servizi/gestisci_associato.php:5	<p><a class="iframe btn btn-success" href="<?php echo $this->baseUrl."/contenuti/form/insert";?>?partial=Y&nobuttons=N&id_page=<?php echo $id_page;?>"><?php echo gtext("Aggiungi fascia");?></a></p>
Application/Views/Servizi/steps.php:12	<li <?php echo $posizioni['main'];?>><a href="<?php echo $this->baseUrl."/".$this->controller."/form/update/$id_page".$viewStatusTutti;?>"><?php echo gtext("Dettagli");?></a></li>
Application/Views/Servizi/steps.php:13	<li <?php echo $posizioni['meta'];?>><a href="<?php echo $this->baseUrl."/".$this->controller."/meta/$id_page".$viewStatusTutti;?>"><?php echo gtext("Meta");?></a></li>
Application/Views/Servizi/steps.php:15	<li <?php echo $posizioni['testi'];?>><a href="<?php echo $this->baseUrl."/".$this->controller."/testi/$id_page".$viewStatusTutti;?>"><?php echo gtext("Contenuti");?></a></li>
Application/Views/Servizi/steps.php:18	<li <?php echo $posizioni['contenuti'];?>><a href="<?php echo $this->baseUrl."/".$this->controller."/contenuti/$id_page".$viewStatusTutti;?>"><?php echo gtext("Fasce");?></a></li>
Application/Views/Combinazioni/main_filtri.php:6	<?php echo gtext("Modifica di gruppo");?>
Application/Views/Combinazioni/main_filtri.php:17	<button class="btn btn-success btn-imposta-gruppo"><?php echo gtext("Imposta");?></button>
Application/Views/Combinazioni/main_filtri.php:47	<?php echo gtext("Il listino")." <b>(".findTitoloDaCodice($this->viewArgs["listino"]).")</b> ".gtext("non è sincronizzato con quello di default")." <b>(".findTitoloDaCodice(v("nazione_default")).")</b>.";?>
Application/Views/Combinazioni/main_filtri.php:48	<a style="text-decoration:none;" class="badge badge-default pull-right" href="<?php echo $this->baseUrl."/combinazioni/main".$this->viewStatus."&sincronizza";?>"><?php echo gtext("Sincronizza il listino");?></a>
Application/Views/Combinazioni/aggiungi_listino.php:4	<h1><?php echo gtext("Aggiunta listino");?></h1>
Application/Views/Combinazioni/aggiungi_listino.php:18	<label class="entryLabel"><?php echo gtext("Nazione");?></label>
Application/Views/Combinazioni/aggiungi_listino.php:23	<a class="btn btn-info make_spinner" href="<?php echo $this->baseUrl."/".$this->applicationUrl.$this->controller."/main".$this->viewStatus;?>"><i class="fa fa-arrow-left"></i> <?php echo gtext("Torna");?></a>
Application/Views/Combinazioni/aggiungi_listino.php:26	<?php echo gtext("Procedi");?> <i class="fa fa-arrow-right"></i>
Application/Views/Combinazioni/main_menu.php:16	<a style="margin-left:10px;" href="<?php echo $this->baseUrl."/combinazioni/main".Url::createUrl($temp);?>" class="btn btn-<?php if ($this->viewArgs["listino"] == $l) { ?>info<?php } else { ?><?php echo $defaultLabel;?><?php } ?> pull-right"><?php echo gtext($titoloListino);?></a>
Application/Views/Combinazioni/main_menu.php:72	<h4 class="modal-title" id="myModalLabel"><?php echo gtext("Seleziona immagine variante");?></h4>
Application/Views/Combinazioni/main_menu.php:78	<button type="button" class="btn btn-default" data-dismiss="modal"><?php echo gtext("Chiudi");?></button>
Application/Views/header_utenti.php:9	<li class="header"><?php echo gtext("MENÙ GENSTIONE PREFERENZE");?></li>
Application/Views/categories_main.php:21	<h1><?php echo gtext("Gestione");?> <?php echo gtext("categorie");?></h1>
Application/Views/categories_form.php:51	<?php echo gtext("Traduzioni");?>
Application/Views/Users/two_factor.php:7	<h4 class="form-signin-heading"><?php echo gtext("Per completare l'accesso, digita nel campo sottostante il codice a ".v("autenticazione_due_fattori_numero_cifre_admin")." cifre che ti è stato inviato via mail all'indirizzo");?> <b><?php echo partiallyHideEmail($user["email"]);?></b></h4>
Application/Views/Users/two_factor.php:13	<button class="btn btn-lg btn-primary btn-block make_spinner" type="submit"><i class="fa fa-check"></i> <?php echo gtext("Invia");?></button>
Application/Views/Users/two_factor.php:15	<a class="btn btn-lg btn-info btn-block make_spinner" href="<?php echo $this->baseUrl."/".$this->applicationUrl.$this->controller."/login";?>"><i class="fa fa-arrow-left"></i> <?php echo gtext("Torna");?></a>
Application/Views/Users/two_factor.php:19	<br /><a class="ajlink" href="<?php echo $this->baseUrl."/".$this->applicationUrl.$this->controller."/twofactorinviamail";?>"><?php echo gtext("Invia nuovamente il codice a ".v("autenticazione_due_fattori_numero_cifre_admin")." cifre");?> <i class="fa fa-envelope"></i></a>
Application/Views/Users/gestisci_associato.php:5	<a class="btn btn-success iframe" href="<?php echo $this->baseUrl."/groups/main?id_user=$id&partial=Y&cl_on_sv=Y";?>"><i class="fa fa-plus"></i> <?php echo gtext("Aggiungi gruppo");?></a>
Application/Views/Users/steps.php:6	<li <?php echo $posizioni['main'];?>><a href="<?php echo $this->baseUrl."/".$this->controller."/form/update/$id".$this->viewStatus;?>"><?php echo gtext("Dettagli");?></a></li>
Application/Views/Users/steps.php:8	<li <?php echo $posizioni['gruppi'];?>><a href="<?php echo $this->baseUrl."/".$this->controller."/gruppi/$id".$this->viewStatus;?>"><?php echo gtext("Gruppi");?></a></li>
Application/Views/Contenuti/gestisci_associato.php:14	<a class="btn btn-info" href="<?php echo $this->baseUrl."/contenuti/form/insert/0?id_fascia=$id&partial=Y&tipo=GENERICO&id_tipo=".$this->viewArgs["id_tipo_figlio"]."&id_tipo_figlio=".$this->viewArgs["id_tipo_figlio"];?>"><i class="fa fa-plus"></i> <?php echo gtext("Nuovo elemento");?></a>
Application/Views/Contenuti/steps.php:7	<li <?php echo $posizioni['figli'];?>><a href="<?php echo $this->baseUrl."/".$this->controller."/figli/$id".$this->viewStatus;?>"><?php echo gtext("Elementi");?></a></li>
Application/Views/Spedizionieri/main_filtri.php:3	<?php echo gtext("Gli spedizionieri non vengono mostrati al checkout, servono in fase di backend per decidere come spedire la merce.");?>
Application/Views/Spedizionieri/main_filtri.php:5	<?php echo gtext("Per la gestione delle tipologie di spedizione che il cliente può scegliere, si vada alla sezione <b>Ecommerce > Corrieri</b>")?>
Application/Views/Spedizionieri/gestisci_associato.php:6	<a class="iframe btn btn-primary" href="<?php echo $this->baseUrl."/spedizionieriletterevettura/form/insert";?>?partial=Y&nobuttons=Y&id_spedizioniere=<?php echo $id;?>"><i class="fa fa-plus-square-o"></i> <?php echo gtext("Aggiungi template")?></a>
Application/Views/Spedizionieri/steps.php:6	<li <?php echo $posizioni['main'];?>><a href="<?php echo $this->baseUrl."/".$this->controller."/form/update/$id".$this->viewStatus;?>"><?php echo gtext("Dettagli");?></a></li>
Application/Views/Spedizionieri/steps.php:8	<li <?php echo $posizioni['lettere'];?>><a href="<?php echo $this->baseUrl."/".$this->controller."/lettere/$id".$this->viewStatus;?>"><?php echo gtext("Template lettere di vettura");?></a></li>
Application/Views/Spedizionieri/Bordero/Gls.php:55	<div style="font-size:22px;"><?php echo gtext("General Logistic Systems Italy S.p.A.");?>
Application/Views/Spedizionieri/Bordero/Gls.php:56	<p style="text-align:center;"><?php echo gtext("Distinta spedizioni del");?> <?php echo date("d/m/Y H:i:s",strtotime($data));?></p>
Application/Views/Spedizionieri/Bordero/Gls.php:58	<?php echo gtext("Sede di appartenenza");?>: <?php echo $this->getParam("codice_sede");?><br />
Application/Views/Spedizionieri/Bordero/Gls.php:59	<?php echo gtext("Codice cliente");?>: <?php echo $this->getParam("codice_cliente");?> - <?php echo $nomeCliente;?>
Application/Views/Spedizionieri/Bordero/Gls.php:62	<p style="font-size:16px;"><?php echo gtext("Contratto mittente");?>: <?php echo $codiceContratto;?> - <?php echo $nomeCliente;?></p>
Application/Views/Spedizionieri/Bordero/Gls.php:66	<th><?php echo gtext("Data");?></th>
Application/Views/Spedizionieri/Bordero/Gls.php:67	<th><?php echo gtext("N° Sped.");?></th>
Application/Views/Spedizionieri/Bordero/Gls.php:68	<th><?php echo gtext("Destinatario");?></th>
Application/Views/Spedizionieri/Bordero/Gls.php:69	<th><?php echo gtext("Località");?></th>
Application/Views/Spedizionieri/Bordero/Gls.php:70	<th><?php echo gtext("Indirizzo");?></th>
Application/Views/Spedizionieri/Bordero/Gls.php:71	<th><?php echo gtext("Prov");?></th>
Application/Views/Spedizionieri/Bordero/Gls.php:72	<th><?php echo gtext("ZipCode");?></th>
Application/Views/Spedizionieri/Bordero/Gls.php:73	<th><?php echo gtext("Colli");?></th>
Application/Views/Spedizionieri/Bordero/Gls.php:74	<th><?php echo gtext("Peso");?></th>
Application/Views/Spedizionieri/Bordero/Gls.php:75	<th><?php echo gtext("BDA");?></th>
Application/Views/Spedizionieri/Bordero/Gls.php:144	<?php echo gtext("Totale spedizioni");?>: <?php echo $numeroSpedizioni;?><br />
Application/Views/Spedizionieri/Bordero/Gls.php:145	<?php echo gtext("Totale colli");?>: <?php echo $numeroColliTotali;?><br />
Application/Views/Spedizionieri/Bordero/Gls.php:146	<?php echo gtext("Totale peso reale");?>: <?php echo number_format($pesoTotale,1,",",".");?><br />
Application/Views/Spedizionieri/Bordero/Gls.php:147	<?php echo gtext("Totale peso volume");?>: 0<br />
Application/Views/Spedizionieri/Bordero/Gls.php:148	<?php echo gtext("Totale spedizioni in contrassegno");?>: <?php echo $numeroContrassegno;?> <?php echo gtext("con valore complessivo di");?> <?php echo number_format($totaleContrassegno,2,",",".");?> <?php echo gtext("Euro");?>.<br />
Application/Views/Spedizionieri/Bordero/Gls.php:149	<?php echo gtext("Totale spedizioni in Porto Franco");?>: <?php echo $numeroSpedizioni;?><br />
Application/Views/Spedizionieri/Bordero/Gls.php:150	<?php echo gtext("Totale spedizioni in Porto Assegnato");?>: 0<br />
Application/Views/Spedizionieri/Bordero/Gls.php:151	<?php echo gtext("Totale spedizioni con assicurazione integrativa 10/10");?>: <?php echo $numeroAssicurazione1010;?><br />
Application/Views/Spedizionieri/Bordero/Gls.php:152	<?php echo gtext("Totale spedizioni con assicurazione integrativa ALL-IN");?>: <?php echo $numeroAssicurazioneALLIN;?><br />
Application/Views/Spedizionieri/Bordero/Gls.php:155	<?php echo gtext("Sono presenti spedizioni con servizi Sprinter che prevedono un costo aggiuntivo.");?>
Application/Views/Spedizionieri/Bordero/Brt.php:62	<td style="width:99mm;"><b><?php echo gtext("Mittente");?> <?php echo $codiceCliente;?> <?php echo $this->params["ragione_sociale_cliente"];?></b></td>
Application/Views/Spedizionieri/Bordero/Brt.php:63	<td style="width:99mm;text-align:center;"><b><?php echo gtext("Borderò BRT");?></b> <b><?php echo gtext("del");?></b> <?php echo date("d/m/Y H:i",strtotime($data));?> </td>
Application/Views/Spedizionieri/Bordero/Brt.php:64	<td style="width:99mm;text-align:right;"><b><?php echo gtext("Data stampa");?></b>&nbsp;&nbsp;&nbsp;<?php echo date("d/m/Y H:i");?></td>
Application/Views/Spedizionieri/Bordero/Brt.php:71	<th style="width:65mm;"><?php echo gtext("Destinatario");?></th>
Application/Views/Spedizionieri/Bordero/Brt.php:74	<?php echo gtext("Indirizzo");?>
Application/Views/Spedizionieri/Bordero/Brt.php:77	<?php echo gtext("Rif. Numerico");?>
Application/Views/Spedizionieri/Bordero/Brt.php:79	<th align="center"><?php echo gtext("Cod");?></th>
Application/Views/Spedizionieri/Bordero/Brt.php:80	<th><?php echo gtext("Importo");?></th>
Application/Views/Spedizionieri/Bordero/Brt.php:81	<th><?php echo gtext("T.I.");?></th>
Application/Views/Spedizionieri/Bordero/Brt.php:82	<th><?php echo gtext("Importo");?></th>
Application/Views/Spedizionieri/Bordero/Brt.php:83	<th align="center"><?php echo gtext("Colli");?></th>
Application/Views/Spedizionieri/Bordero/Brt.php:84	<th align="center"><?php echo gtext("Peso");?></th>
Application/Views/Spedizionieri/Bordero/Brt.php:85	<th><?php echo gtext("MC Pallet");?></th>
Application/Views/Spedizionieri/Bordero/Brt.php:87	<?php echo gtext("Segnacolli");?>
Application/Views/Spedizionieri/Bordero/Brt.php:94	<?php echo gtext("CAP");?>&nbsp;&nbsp;&nbsp;&nbsp;&nbsp;&nbsp;&nbsp;&nbsp;<?php echo gtext("Località");?>
Application/Views/Spedizionieri/Bordero/Brt.php:107	<?php echo gtext("Dal");?> &nbsp;&nbsp;&nbsp;&nbsp;&nbsp;&nbsp;&nbsp;&nbsp;<?php echo gtext("Al");?>
Application/Views/Spedizionieri/Bordero/Brt.php:158	<?php echo gtext("Tipo Servizio");?> <b><?php echo $spedizione["tipo_servizio"] ? $spedizione["tipo_servizio"] : "C";?></b> &nbsp;&nbsp;&nbsp;&nbsp;&nbsp;&nbsp;
Application/Views/Spedizionieri/Bordero/Brt.php:188	<td style="text-align:right;" class="border_bottom"><b><?php echo gtext("Spedizioni");?>: <?php echo count($spedizioni);?></b></td>
Application/Views/Spedizionieri/Bordero/FedEx.php:55	<div style="font-size:22px;"><?php echo gtext("General Logistic Systems Italy S.p.A.");?>
Application/Views/Spedizionieri/Bordero/FedEx.php:56	<p style="text-align:center;"><?php echo gtext("Distinta spedizioni del");?> <?php echo date("d/m/Y H:i:s",strtotime($data));?></p>
Application/Views/Spedizionieri/Bordero/FedEx.php:58	<?php echo gtext("Sede di appartenenza");?>: <?php echo $this->getParam("codice_sede");?><br />
Application/Views/Spedizionieri/Bordero/FedEx.php:59	<?php echo gtext("Cliente");?>: <?php echo $nomeCliente;?>
Application/Views/Spedizionieri/Bordero/FedEx.php:62	<p style="font-size:16px;"><?php echo gtext("Codici cliente");?>: <?php echo $codiceContratto;?></p>
Application/Views/Spedizionieri/Bordero/FedEx.php:66	<th><?php echo gtext("Data");?></th>
Application/Views/Spedizionieri/Bordero/FedEx.php:67	<th><?php echo gtext("N° Sped.");?></th>
Application/Views/Spedizionieri/Bordero/FedEx.php:68	<th><?php echo gtext("Destinatario");?></th>
Application/Views/Spedizionieri/Bordero/FedEx.php:69	<th><?php echo gtext("Località");?></th>
Application/Views/Spedizionieri/Bordero/FedEx.php:70	<th><?php echo gtext("Indirizzo");?></th>
Application/Views/Spedizionieri/Bordero/FedEx.php:71	<th><?php echo gtext("Prov");?></th>
Application/Views/Spedizionieri/Bordero/FedEx.php:72	<th><?php echo gtext("ZipCode");?></th>
Application/Views/Spedizionieri/Bordero/FedEx.php:73	<th><?php echo gtext("Colli");?></th>
Application/Views/Spedizionieri/Bordero/FedEx.php:74	<th><?php echo gtext("Peso");?></th>
Application/Views/Spedizionieri/Bordero/FedEx.php:75	<th><?php echo gtext("Codice cliente");?></th>
Application/Views/Spedizionieri/Bordero/FedEx.php:144	<?php echo gtext("Totale spedizioni");?>: <?php echo $numeroSpedizioni;?><br />
Application/Views/Spedizionieri/Bordero/FedEx.php:145	<?php echo gtext("Totale colli");?>: <?php echo $numeroColliTotali;?><br />
Application/Views/Spedizionieri/Bordero/FedEx.php:146	<?php echo gtext("Totale peso reale");?>: <?php echo number_format($pesoTotale,1,",",".");?><br />
Application/Views/pages_form_categorie.php:5	<?php echo gtext("Categoria");?>
Application/Views/Statiordine/form_scaffold_main.php:38	<?php echo gtext("Traduzioni");?>
Application/Views/Tipidocumento/gestisci_associato.php:4	<p><a class="iframe btn btn-success" href="<?php echo $this->baseUrl."/tipidocumentoestensioni/form/insert";?>?partial=Y&nobuttons=N&id_tipo_doc=<?php echo $id;?>"><i class="fa fa-plus-circle"></i> <?php echo gtext("Aggiungi estensione")?></a></p>
Application/Views/Tipidocumento/steps.php:6	<li <?php echo $posizioni['main'];?>><a href="<?php echo $this->baseUrl."/".$this->controller."/form/update/$id".$this->viewStatus;?>"><?php echo gtext("Dettagli");?></a></li>
Application/Views/Tipidocumento/steps.php:8	<li <?php echo $posizioni['estensioni'];?>><a href="<?php echo $this->baseUrl."/".$this->controller."/estensioni/$id".$this->viewStatus;?>"><?php echo gtext("Estensioni");?></a></li>
Application/Views/pages_form_visibility.php:5	<?php echo gtext("Visibilità");?>
Application/Views/header.php:36	closeText: '<?php echo gtext("Chiudi");?>',
Application/Views/header.php:37	prevText: '&#x3c;<?php echo gtext("Prec");?>',
Application/Views/header.php:38	nextText: '<?php echo gtext("Succ");?>&#x3e;',
Application/Views/header.php:39	currentText: '<?php echo gtext("Oggi");?>',
Application/Views/header.php:40	monthNames: ['<?php echo gtext("Gennaio");?>','<?php echo gtext("Febbraio");?>','<?php echo gtext("Marzo");?>','<?php echo gtext("Aprile");?>','<?php echo gtext("Maggio");?>','<?php echo gtext("Giugno");?>','<?php echo gtext("Luglio");?>','<?php echo gtext("Agosto");?>','<?php echo gtext("Settembre");?>','<?php echo gtext("Ottobre");?>','<?php echo gtext("Novembre");?>','<?php echo gtext("Dicembre");?>'],
Application/Views/header.php:45	dayNamesMin: ['<?php echo gtext("Do");?>','<?php echo gtext("Lu");?>','<?php echo gtext("Ma");?>','<?php echo gtext("Me");?>','<?php echo gtext("Gi");?>','<?php echo gtext("Ve");?>','<?php echo gtext("Sa");?>'],
Application/Views/header.php:169	<a href="#" class="dropdown-toggle" data-toggle="dropdown"><i class="fa fa-flag"></i> <?php if (!User::$isMobile) { ?><?php echo gtext(LingueModel::titoloLinguaCorrente());?><?php } ?><span class="caret"></span></a>
Application/Views/header.php:172	<li><a href="<?php echo $this->baseUrlSrc."/$codiceLingua/panel/main";?>"><?php echo gtext($titoloLingua)?></a></li>
Application/Views/header.php:202	<li><a href="<?php echo $this->baseUrl.'/password/form';?>"><span class="glyphicon glyphicon-cog"></span> <?php echo gtext("Modifica password")?></a></li>
Application/Views/header.php:203	<li><a href="<?php echo $this->baseUrl.'/users/logout';?>"><span class="glyphicon glyphicon-off"></span> <?php echo gtext("Esci")?></a></li>
Application/Views/header.php:224	<?php echo gtext($pannello["titolo"])?>
Application/Views/Airichieste/messaggi.php:4	<h1><?php echo gtext("Gestione");?> <?php echo gtext($tabella);?>: <?php echo $titoloRecord;?></h1>
Application/Views/Airichieste/gestisci_associato.php:9	<button class="submit_file btn btn-primary btn-sm make_spinner" type="submit" name="insertAction" value="Aggiungi"><i class="fa fa-save"></i> <?php echo gtext("Aggiungi");?></button>
Application/Views/Airichieste/steps.php:8	<li <?php echo $posizioni['messaggi'];?>><a href="<?php echo $this->baseUrl."/".$this->controller."/messaggi/$id".$this->viewStatus;?>"><?php echo gtext("Chat");?></a></li>
Application/Views/Airichieste/steps.php:10	<li <?php echo $posizioni['main'];?>><a href="<?php echo $this->baseUrl."/".$this->controller."/form/update/$id".$this->viewStatus;?>"><?php echo gtext("Dettagli");?></a></li>
Application/Views/Airichieste/steps.php:11	<li <?php echo $posizioni['contesti'];?>><a class="help_scaglioni" href="<?php echo $this->baseUrl."/".$this->controller."/contesti/$id".$this->viewStatus;?>"><?php echo gtext("Contesto");?></a></li>
Application/Views/Airichieste/chat.php:41	<?php echo gtext("Invia");?>
Application/Views/Storia/steps.php:11	<li <?php echo $posizioni['immagini'];?> ><a class="help_immagini" href="<?php echo $this->baseUrl."/".$this->applicationUrl.$this->controller."/immagini/$id_page".$viewStatusTutti;?>"><?php echo gtext("Immagini");?></a></li>
Application/Views/gestisci_associato_contenuti.php:16	<i class="fa fa-plus-circle"></i> <?php echo gtext("Aggiungi");?>
Application/Views/Nazioni/gestisci_associato.php:5	<p><a class="iframe btn btn-success" href="<?php echo $this->baseUrl."/regioni/form/insert";?>?partial=Y&nobuttons=Y&id_nazione=<?php echo $id;?>"><i class="fa fa-plus"></i> <?php echo gtext("Aggiungi regione")?></a></p>
Application/Views/Nazioni/gestisci_associato.php:11	<p><a class="iframe btn btn-success" href="<?php echo $this->baseUrl."/regusers/main";?>?partial=Y&cl_on_sv=Y&id_nazione=<?php echo $id;?>"><i class="fa fa-plus"></i> <?php echo gtext("Aggiungi cliente");?></a></p>
Application/Views/Nazioni/steps.php:6	<li <?php echo $posizioni['main'];?>><a href="<?php echo $this->baseUrl."/".$this->applicationUrl.$this->controller."/form/update/$id".$this->viewStatus;?>"><?php echo gtext("Dettagli");?></a></li>
Application/Views/Nazioni/steps.php:7	<li <?php echo $posizioni['regioni'];?>><a href="<?php echo $this->baseUrl."/".$this->applicationUrl.$this->controller."/regioni/$id".$this->viewStatus;?>"><?php echo gtext("Regioni");?></a></li>
Application/Views/Nazioni/steps.php:9	<li <?php echo $posizioni['regusers'];?>><a href="<?php echo $this->baseUrl."/".$this->applicationUrl.$this->controller."/regusers/$id".$this->viewStatus;?>"><?php echo gtext("Clienti")?></a></li>
Application/Views/associati.php:6	<h1><?php echo gtext("Gestione");?> <?php echo gtext($tabella);?>: <?php echo $titoloRecord;?></h1>
Application/Views/menu_form.php:76	<h1><?php echo gtext($titoloMenu);?></h1>
Application/Views/Integrazioninewsletter/steps.php:6	<li <?php echo $posizioni['main'];?>><a href="<?php echo $this->baseUrl."/".$this->controller."/form/update/$id".$this->viewStatus;?>"><?php echo gtext("Dettagli");?></a></li>
Application/Views/Integrazioninewsletter/steps.php:7	<li <?php echo $posizioni['campi'];?>><a href="<?php echo $this->baseUrl."/".$this->controller."/campi/$id".$this->viewStatus;?>"><?php echo gtext("Campi aggiuntivi");?></a></li>
Application/Views/Templateemail/steps.php:6	<li <?php echo $posizioni['main'];?>><a href="<?php echo $this->baseUrl."/".$this->controller."/form/update/$id_page".$this->viewStatus;?>"><?php echo gtext("Dettagli")?></a></li>
Application/Views/Templateemail/pages_form.php:7	<h1><?php echo gtext("Gestione");?> <?php echo $tabella;?>: <?php if (strcmp($type,"update") === 0) { echo $titoloPagina; } else { echo "inserimento nuovo elemento";}?></h1>
Application/Views/Templateemail/pages_form.php:47	<button id="<?php echo $type;?>Action" class="btn btn-success" name="<?php echo $type;?>Action" type="submit"><?php echo gtext("Salva", false);?></button>
Application/Views/Templateemail/pages_form.php:59	<?php echo gtext("Traduzioni");?>
Application/Views/Sedi/pages_form_categorie.php:9	<?php echo gtext("Social");?>
Application/Views/Sedi/pages_form_traduzioni.php:9	<?php echo gtext("Traduzioni");?>
Application/Views/menu_main.php:6	<h1><?php echo gtext($titoloMenu);?></h1>
Application/Views/Regusers/form_scaffold_main.php:6	<div class="callout callout-info"><?php echo gtext("Questo cliente si è registrato tramite");?> <b><?php echo $appLogin["titolo"];?></b>.</div>
Application/Views/Regusers/form_scaffold_main.php:10	<div class="callout callout-info"><?php echo gtext("Dopo che avrai concluso la creazione del nuovo cliente, verrai reindirizzato al nuovo ticket legato a tale cliente.");?></div>
Application/Views/Regusers/form_scaffold_main.php:14	<div class="callout callout-warning"><?php echo gtext("Questo cliente si è registrato ma non ha mai confermato l'account");?></div>
Application/Views/Regusers/form_scaffold_main.php:20	<h4 class="text-bold" style="padding-bottom:10px;"><i class="fa fa-user"></i> <?php echo gtext("Fatturazione");?></h4>
Application/Views/Regusers/form_scaffold_main.php:121	<h4 class="text-bold" style="padding-bottom:10px;"><i class="fa fa-lock"></i> <?php echo gtext("Gestione account");?></h4>
Application/Views/Regusers/form_scaffold_main.php:156	<br /><h4 class="text-bold" style="padding-bottom:10px;"><i class="fa fa-money"></i> <?php echo gtext("Scontistica");?></h4>
Application/Views/Regusers/gestisci_associato.php:11	<button class="submit_file btn btn-primary btn-sm make_spinner" type="submit" name="insertAction" value="Aggiungi"><i class="fa fa-save"></i> <?php echo gtext("Aggiungi");?></button>
Application/Views/Regusers/gestisci_associato.php:19	<p><a class="iframe btn btn-success" href="<?php echo $this->baseUrl."/spedizioni/form/insert";?>?partial=Y&nobuttons=Y&id_user=<?php echo $id;?>"><i class="fa fa-plus"></i> <?php echo gtext("Aggiungi indirizzo di spedizione")?></a></p>
Application/Views/Regusers/gestisci_associato.php:25	<p><a class="iframe btn btn-success" href="<?php echo $this->baseUrl."/promozioni/form/insert";?>?partial=Y&nobuttons=Y&id_user=<?php echo $id;?>"><i class="fa fa-plus"></i> <?php echo gtext("Aggiungi codice coupon")?></a></p>
Application/Views/Regusers/gestisci_associato.php:31	<p><a class="iframe btn btn-success" href="<?php echo $this->baseUrl."/documenti/form/insert";?>?partial=Y&nobuttons=N&id_page=0&id_user=<?php echo $id;?>"><i class="fa fa-plus-circle"></i> <?php echo gtext("Aggiungi")?></a></p>
Application/Views/Regusers/steps.php:6	<li <?php echo $posizioni['main'];?>><a href="<?php echo $this->baseUrl."/".$this->applicationUrl.$this->controller."/form/update/$id".$this->viewStatus;?>"><?php echo gtext("Dettagli");?></a></li>
Application/Views/Regusers/steps.php:8	<li <?php echo $posizioni['spedizioni'];?>><a class="help_spedizioni" href="<?php echo $this->baseUrl."/".$this->applicationUrl.$this->controller."/spedizioni/$id".$this->viewStatus;?>"><?php echo gtext("Indirizzi di spedizione");?></a></li>
Application/Views/Regusers/steps.php:11	<li <?php echo $posizioni['ordini'];?>><a class="help_ordini" href="<?php echo $this->baseUrl."/".$this->applicationUrl.$this->controller."/ordini/$id".$this->viewStatus;?>"><?php echo gtext("Ordini effettuati");?></a></li>
Application/Views/Regusers/steps.php:14	<li <?php echo $posizioni['gruppi'];?>><a href="<?php echo $this->baseUrl."/".$this->applicationUrl.$this->controller."/gruppi/$id".$this->viewStatus;?>"><?php echo gtext("Gruppi");?></a></li>
Application/Views/Regusers/steps.php:17	<li <?php echo $posizioni['ordinicollegati'];?>><a href="<?php echo $this->baseUrl."/".$this->applicationUrl.$this->controller."/ordinicollegati/$id".$this->viewStatus;?>"><?php echo gtext("Ordini collegati");?></a></li>
Application/Views/Regusers/steps.php:18	<li <?php echo $posizioni['promozioni'];?>><a href="<?php echo $this->baseUrl."/".$this->applicationUrl.$this->controller."/promozioni/$id".$this->viewStatus;?>"><?php echo gtext("Coupon");?></a></li>
Application/Views/Regusers/steps.php:21	<li <?php echo $posizioni['documenti'];?>><a href="<?php echo $this->baseUrl."/".$this->applicationUrl.$this->controller."/documenti/$id".$this->viewStatus;?>"><?php echo gtext("Documenti");?></a></li>
Application/Views/Regusers/steps.php:22	<li <?php echo $posizioni['download'];?>><a href="<?php echo $this->baseUrl."/".$this->applicationUrl.$this->controller."/download/$id".$this->viewStatus;?>"><?php echo gtext("Statistiche download");?></a></li>
Application/Views/Ordiniacquistoricezioni/top_steps.php:7	<a class="pull-right btn btn-xs btn-<?php echo OrdiniacquistoricezioniModel::$stati["aperto"]["label"];?> btn-rounded make_spinner" href="<?php echo $this->baseUrl."/".$this->applicationUrl.$this->controller."/chiudi/".$ricezione["id_ordine_acquisto_ricezione"];?>/0"><i class="fa fa-unlock"></i> <?php echo gtext(OrdiniacquistoricezioniModel::$stati["chiuso"]["azione"]);?></a>
Application/Views/Ordiniacquistoricezioni/top_steps.php:9	<a class="pull-right btn btn-xs btn-<?php echo OrdiniacquistoricezioniModel::$stati["chiuso"]["label"];?> btn-rounded make_spinner" href="<?php echo $this->baseUrl."/".$this->applicationUrl.$this->controller."/chiudi/".$ricezione["id_ordine_acquisto_ricezione"];?>/1"><i class="fa fa-lock"></i> <?php echo gtext(OrdiniacquistoricezioniModel::$stati["aperto"]["azione"]);?></a>
Application/Views/Ordiniacquistoricezioni/top_steps.php:12	<?php echo gtext("N° Ricezione");?> #<b><?php echo $ricezione["id_ordine_acquisto_ricezione"];?></b></b>
Application/Views/Ordiniacquistoricezioni/top_steps.php:19	<td><?php echo gtext("N° Ricezione");?>:</td>
Application/Views/Ordiniacquistoricezioni/top_steps.php:23	<td><?php echo gtext("Numero DDT");?>:</td>
Application/Views/Ordiniacquistoricezioni/top_steps.php:27	<td><?php echo gtext("Data ricezione");?>:</td>
Application/Views/Ordiniacquistoricezioni/top_steps.php:31	<td><?php echo gtext("Stato ricezione");?>:</td>
Application/Views/Ordiniacquistoricezioni/top_steps.php:42	<td><?php echo gtext("Ordini di acquisto").":";?></td>
Application/Views/Ordiniacquistoricezioni/top_steps.php:45	<?php echo gtext("N°");?> <a target="_blank" href="<?php echo $this->baseUrl."/$urlOrdineAcquisto/form/update/".$ordine["ordini_acquisto"]["id_ordine_acquisto"];?>"><b><?php echo $ordine["ordini_acquisto"]["numero_ordine"];?></b></a> <?php echo gtext("del");?> <b><?php echo smartDate($ordine["ordini_acquisto"]["data_ordine"], v("default_date_format"));?></b>
Application/Views/Ordiniacquistoricezioni/gestisci_associato.php:6	<a class="iframe pull-right btn btn-sm btn-default" href="<?php echo $this->baseUrl."/magazzinoarticoli/main/1?id_ordine_acquisto_ricezione=$id&partial=Y&nobuttons=Y";?>"><i class="fa fa-plus"></i> <?php echo gtext("Articolo non in ordine");?></a>
Application/Views/Ordiniacquistoricezioni/gestisci_associato.php:13	<div class="callout callout-info"><?php echo gtext("Le righe della ricezione non sono modificabili in quanto la ricezione è stata chiusa");?></b></div>
Application/Views/Ordiniacquistoricezioni/steps.php:10	<li <?php echo $posizioni['main'];?>><a href="<?php echo $this->baseUrl."/".$this->applicationUrl.$this->controller."/form/update/$id".$this->viewStatus;?>"><?php echo gtext("Dettagli");?></a></li>
Application/Views/Ordiniacquistoricezioni/steps.php:11	<li <?php echo $posizioni['righe'];?>><a href="<?php echo $this->baseUrl."/".$this->applicationUrl.$this->controller."/righe/$id".$this->viewStatus;?>"><?php echo gtext("Righe");?></a></li>
Application/Views/pages_form_traduzioni.php:6	<?php echo gtext("Traduzioni");?>
Application/Views/Approfondimenti/gestisci_associato.php:5	<p><a class="iframe btn btn-success" href="<?php echo $this->baseUrl."/contenuti/form/insert";?>?partial=Y&nobuttons=N&id_page=<?php echo $id_page;?>"><?php echo gtext("Aggiungi fascia");?></a></p>
Application/Views/Approfondimenti/steps.php:11	<li <?php echo $posizioni['main'];?>><a href="<?php echo $this->baseUrl."/".$this->controller."/form/update/$id_page".$viewStatusTutti;?>"><?php echo gtext("Dettagli");?></a></li>
Application/Views/Approfondimenti/steps.php:12	<li <?php echo $posizioni['meta'];?>><a href="<?php echo $this->baseUrl."/".$this->controller."/meta/$id_page".$viewStatusTutti;?>"><?php echo gtext("Meta");?></a></li>
Application/Views/Approfondimenti/steps.php:14	<li <?php echo $posizioni['testi'];?>><a href="<?php echo $this->baseUrl."/".$this->controller."/testi/$id_page".$viewStatusTutti;?>"><?php echo gtext("Contenuti");?></a></li>
Application/Views/Approfondimenti/steps.php:17	<li <?php echo $posizioni['contenuti'];?>><a href="<?php echo $this->baseUrl."/".$this->controller."/contenuti/$id_page".$viewStatusTutti;?>"><?php echo gtext("Fasce");?></a></li>
Application/Views/anagrafiche_js.php:8	<h4 class="modal-title"><?php echo gtext("Anagrafica cliente esistente")?></h4>
Application/Views/anagrafiche_js.php:11	<h3 class="titolo_avviso_cliente_presente"><?php echo gtext("Attenzione, l'indirizzo email [INDIRIZZO_EMAIL] che hai inserito nella testata dell'ordine è già presente nel database dei clienti.");?></h3>
Application/Views/anagrafiche_js.php:12	<?php echo gtext("Questo significa che il cliente è già presente nel database.");?><br /><br />
Application/Views/anagrafiche_js.php:13	<?php echo gtext("Premi il pulsante");?> <b><?php echo gtext("Importa dati cliente da anagrafica");?></b> <?php echo gtext("se vuoi che i dati del cliente vengano caricati dall'anagrafica cliente ed inseriti nell'ordine corrente.")?><br /><br />
Application/Views/anagrafiche_js.php:14	<?php echo gtext("Premi il pulsante");?> <b><?php echo gtext("Continua e sovrascrivi dati cliente");?></b> <?php echo gtext("se vuoi continuare inserendo i dati del cliente. Nel momento in cui salverai l'ordine, l'anagrafica cliente verrà sovrascritta con i dati che hai inserito nella testata dell'ordine.")?><br />
Application/Views/anagrafiche_js.php:17	<button type="button" class="btn btn-info importa_dati_anagrafica" data-dismiss="modal"><i class="fa fa-upload"></i> <?php echo gtext("Importa dati cliente da anagrafica");?></button>
Application/Views/anagrafiche_js.php:18	<button type="button" class="btn btn-warning" data-dismiss="modal"><i class="fa fa-save"></i> <?php echo gtext("Continua e sovrascrivi dati cliente");?></button>
Application/Views/Spedizioninegozio/vedi_info.php:5	<h1><?php echo gtext("Dettaglio trasmissione")?> <?php echo $record_evento["spedizioni_negozio_info"]["codice_info"];?></h1>
Application/Views/Spedizioninegozio/main_righe_bottom.php:6	<i class="fa fa-exclamation-triangle"></i> <?php echo gtext("Se si aggiungono o tolgono righe alla spedizione, l'importo in contrassegno verrà ricalcolato, se presente. Si prega di verificare l'importo del contrassegno.")?>
Application/Views/Spedizioninegozio/main_righe_bottom.php:12	<button class="submit_file btn btn-success btn-sm make_spinner" type="submit" name="insertAction" value="Aggiungi"><i class="fa fa-plus-square-o"></i> <?php echo gtext("Aggiungi alla spedizione");?></button>
Application/Views/Spedizioninegozio/form_scaffold_main.php:12	<h4 class="text-bold" style="padding-bottom:10px;"><i class="fa fa-cog"></i> <?php echo gtext("Opzioni di spedizione");?></h4>
Application/Views/Spedizioninegozio/form_scaffold_main.php:41	<h4 class="text-bold" style="padding-top:10px;padding-bottom:10px;"><i class="fa fa-map-marker"></i> <?php echo gtext("Indirizzo spedizione");?></h4>
Application/Views/Spedizioninegozio/form_scaffold_main.php:78	<h4 class="text-bold" style="padding-top:10px;padding-bottom:10px;"><i class="fa fa-sticky-note-o"></i> <?php echo gtext("Note");?></h4>
Application/Views/Spedizioninegozio/main_colli_bottom.php:9	<button class="submit_file btn btn-success btn-sm make_spinner" type="submit" name="insertAction" value="Aggiungi"><i class="fa fa-plus-square-o"></i> <?php echo gtext("Aggiungi collo");?></button>
Application/Views/Spedizioninegozio/steps.php:56	<td><?php echo gtext("Stato");?>:</td>
Application/Views/Spedizioninegozio/steps.php:70	<td><?php echo gtext("Spedizioniere");?>:</td>
Application/Views/Spedizioninegozio/steps.php:74	<td><?php echo gtext("Data spedizione");?>:</td>
Application/Views/Spedizioninegozio/steps.php:79	<td><?php echo gtext("Data consegna");?>:</td>
Application/Views/Spedizioninegozio/steps.php:84	<td><?php echo gtext("ID Spedizione");?>:</td>
Application/Views/Spedizioninegozio/steps.php:91	<a style="margin-left:5px;" target="_blank" href="<?php echo $this->baseUrl."/spedizioninegozio/zpl/".(int)$id;?>" class="pull-right btn btn-info print_zpl"><i class="fa fa-file-text-o"></i> <?php echo gtext("ZPL");?></a>
Application/Views/Spedizioninegozio/steps.php:95	<a style="margin-left:5px;" target="_blank" href="<?php echo $this->baseUrl."/spedizioninegozio/segnacollo/".(int)$id;?>" class="pull-right btn btn-primary"><i class="fa fa-file-pdf-o"></i> <?php echo gtext("PDF");?></a>
Application/Views/Spedizioninegozio/steps.php:118	<td><?php echo gtext("Lettera di vettura");?>:</td>
Application/Views/Spedizioninegozio/steps.php:119	<td><a target="_blank" class="badge bg-purple" href="<?php echo $this->baseUrl."/spedizioninegozio/letteradivettura/".(int)$id;?>"><?php echo gtext("Scarica");?> <i class="fa fa-download"></i></a></td>
Application/Views/Spedizioninegozio/steps.php:124	<td><?php echo gtext("URL tracking");?>:</td>
Application/Views/Spedizioninegozio/steps.php:125	<td><a target="_blank" href="<?php echo $modulo->getUrlTracking((int)$id);?>"><?php echo gtext("Pagina del tracking")?> <i class="fa fa-arrow-right"></i></a></td>
Application/Views/Spedizioninegozio/steps.php:130	<td><?php echo gtext("Label spedizioniere");?>:</td>
Application/Views/Spedizioninegozio/steps.php:132	<a href="<?php echo $this->baseUrl."/spedizioninegozio/controllaspedizioni/".(int)$id."/1";?>" class="ajlink pull-right btn btn-info btn-xs"><i class="fa fa-refresh"></i> <?php echo gtext("Aggiorna");?></a>
Application/Views/Spedizioninegozio/steps.php:139	<td><?php echo gtext("Ordini");?>:</td>
Application/Views/Spedizioninegozio/steps.php:149	<td><?php echo gtext("Lista regalo");?>:</td>
Application/Views/Spedizioninegozio/steps.php:156	<td><?php echo gtext("Colli");?>:</td>
Application/Views/Spedizioninegozio/steps.php:158	<?php echo gtext("Peso totale");?>: <b><?php echo setPriceReverse($pesoTotale);?> kg</b><br />
Application/Views/Spedizioninegozio/steps.php:159	<?php echo gtext("Numero colli");?>: <b><?php echo $numeroColli;?></b><br />
Application/Views/Spedizioninegozio/steps.php:162	<i class="fa fa-exclamation-triangle"></i> <?php echo gtext("Attenzione, inserire almeno un collo di peso maggiore di 0 kg.")."<br />".gtext("Controllare inoltre che nessun collo abbia peso 0kg.")?>
Application/Views/Spedizioninegozio/steps.php:169	<td><?php echo gtext("Costo stimato (IVA esclusa)");?>:</td>
Application/Views/Spedizioninegozio/steps.php:186	<i class="fa fa-exclamation-triangle"></i> <i><?php echo gtext("Errori invio");?>: <?php echo sanitizeHtml($spedizione["spedizioni_negozio"]["errore_invio"]);?></i>
Application/Views/Spedizioninegozio/steps.php:188	<a style="margin:10px;display:inline-block;" class="alert alert-warning make_spinner" href="<?php echo $this->baseUrl."/spedizioninegozio/confermaspedizioni/".$spedizione["spedizioni_negozio"]["id_spedizione_negozio"]."/".$spedizione["spedizioni_negozio"]["id_spedizione_negozio_invio"];?>"><i class="fa fa-check"></i> <?php echo gtext("Riprova invio manualmente")?></a>
Application/Views/Spedizioninegozio/steps.php:195	<i class="fa fa-exclamation-triangle"></i> <i><?php echo gtext("Alert corriere");?>: <?php echo sanitizeHtml($spedizione["spedizioni_negozio"]["warning_invio"]);?></i>
Application/Views/Spedizioninegozio/steps.php:200	<li <?php echo $posizioni['main'];?>><a href="<?php echo $this->baseUrl."/".$this->controller."/form/update/$id".$this->viewStatus;?>"><?php echo gtext("Dettagli");?></a></li>
Application/Views/Spedizioninegozio/steps.php:201	<li <?php echo $posizioni['colli'];?>><a <?php if (!$checkColli) { ?>style="background-color:red !important;color:#FFF !important;"<?php } ?>href="<?php echo $this->baseUrl."/".$this->controller."/colli/$id".$this->viewStatus;?>"><?php echo gtext("Colli");?></a></li>
Application/Views/Spedizioninegozio/steps.php:203	<li <?php echo $posizioni['servizi'];?>><a href="<?php echo $this->baseUrl."/".$this->controller."/servizi/$id".$this->viewStatus;?>"><?php echo gtext("Servizi aggiuntivi");?></a></li>
Application/Views/Spedizioninegozio/steps.php:206	<li <?php echo $posizioni['righe'];?>><a href="<?php echo $this->baseUrl."/".$this->controller."/righe/$id".$this->viewStatus;?>"><?php echo gtext("Righe ordine");?></a></li>
Application/Views/Spedizioninegozio/steps.php:208	<li <?php echo $posizioni['eventi'];?>><a href="<?php echo $this->baseUrl."/".$this->controller."/eventi/$id".$this->viewStatus;?>"><?php echo gtext("Cronologia eventi");?></a></li>
Application/Views/Spedizioninegozio/steps.php:209	<li <?php echo $posizioni['info'];?>><a href="<?php echo $this->baseUrl."/".$this->controller."/info/$id".$this->viewStatus;?>"><?php echo gtext("Cronologia chiamate API");?></a></li>
Application/Views/Spedizioninegozio/main_servizi_bottom.php:9	<button class="submit_file btn btn-success btn-sm make_spinner" type="submit" name="insertAction" value="Aggiungi"><i class="fa fa-plus-square-o"></i> <?php echo gtext("Aggiungi servizio");?></button>
Application/Views/Promozioni/form_scaffold_main.php:4	<?php echo gtext("Questo coupon è assegnato all'agente");?>
Application/Views/Promozioni/gestisci_associato.php:5	<div class="callout callout-info"><?php echo gtext("Se non si seleziona alcuna categoria la promo sarà utilizzabile sui prodotti di tutte le categorie.");?></div>
Application/Views/Promozioni/gestisci_associato.php:17	<button class="submit_file btn btn-primary btn-sm make_spinner" type="submit" name="insertAction"><i class="fa fa-save"></i> <?php echo gtext("Aggiungi");?></button>
Application/Views/Promozioni/gestisci_associato.php:25	<div class="callout callout-info"><?php echo gtext("Se non si seleziona alcun marchio la promo sarà utilizzabile sui prodotti di tutti i marchi.");?></div>
Application/Views/Promozioni/gestisci_associato.php:37	<button class="submit_file btn btn-primary btn-sm make_spinner" type="submit" name="insertAction"><i class="fa fa-save"></i> <?php echo gtext("Aggiungi");?></button>
Application/Views/Promozioni/gestisci_associato.php:45	<div class="callout callout-info"><?php echo gtext("Se non si seleziona alcun prodotto la promo sarà utilizzabile su tutti i prodotti.");?></div>
Application/Views/Promozioni/gestisci_associato.php:57	<button class="submit_file btn btn-primary btn-sm make_spinner" type="submit" name="insertAction"><i class="fa fa-save"></i> <?php echo gtext("Aggiungi");?></button>
Application/Views/Promozioni/gestisci_associato.php:66	<div class="callout callout-info"><?php echo gtext("Se non si seleziona alcun tipo cliente la promo sarà utilizzabile per tutti i tipi di cliente.");?></div>
Application/Views/Promozioni/gestisci_associato.php:74	<button class="submit_file btn btn-primary btn-sm make_spinner" type="submit" name="insertAction"><i class="fa fa-save"></i> <?php echo gtext("Aggiungi");?></button>
Application/Views/Promozioni/steps.php:6	<li <?php echo $posizioni['main'];?>><a href="<?php echo $this->baseUrl."/".$this->controller."/form/update/$id".$this->viewStatus;?>"><?php echo gtext("Dettagli");?></a></li>
Application/Views/Promozioni/steps.php:8	<li <?php echo $posizioni['categorie'];?>><a href="<?php echo $this->baseUrl."/".$this->controller."/categorie/$id".$this->viewStatus;?>"><?php echo gtext("Categorie incluse / escluse");?></a></li>
Application/Views/Promozioni/steps.php:10	<li <?php echo $posizioni['marchi'];?>><a href="<?php echo $this->baseUrl."/".$this->controller."/marchi/$id".$this->viewStatus;?>"><?php echo gtext("Marchi inclusi / esclusi");?></a></li>
Application/Views/Promozioni/steps.php:12	<li <?php echo $posizioni['pagine'];?>><a href="<?php echo $this->baseUrl."/".$this->controller."/pagine/$id".$this->viewStatus;?>"><?php echo gtext("Prodotti inclusi / esclusi");?></a></li>
Application/Views/Promozioni/steps.php:14	<li <?php echo $posizioni['tipi'];?>><a href="<?php echo $this->baseUrl."/".$this->controller."/tipi/$id".$this->viewStatus;?>"><?php echo gtext("Tipi clienti inclusi");?></a></li>
Application/Views/Promozioni/steps.php:18	<li <?php echo $posizioni['invii'];?>><a href="<?php echo $this->baseUrl."/".$this->controller."/invii/$id".$this->viewStatus;?>"><?php echo gtext("Mail con dedica");?></a></li>
Application/Views/Promozioni/steps.php:21	<li <?php echo $posizioni['ordini'];?>><a href="<?php echo $this->baseUrl."/".$this->controller."/ordini/$id".$this->viewStatus;?>"><?php echo gtext("Ordini legati al coupon");?></a></li>
Application/Views/categories_gruppi.php:5	<h1><?php echo gtext("Gestione")." $tabella";?>: <?php echo $titoloPagina;?></h1>
Application/Views/categories_gruppi.php:27	<div class="callout callout-warning"><?php echo gtext("La categoria è accessibile solo agli utenti che appartengono ad uno dei seguenti gruppi.");?></div>
Application/Views/categories_gruppi.php:30	<div class="callout callout-info"><?php echo gtext("La categoria è accessibile a tutti.");?></div>
Application/Views/categories_gruppi.php:41	<button class="submit_file btn btn-primary btn-sm make_spinner" type="submit" name="insertAction" value="Aggiungi"><i class="fa fa-save"></i> <?php echo gtext("Aggiungi");?></button>
Application/Views/Reggroups/gestisci_associato.php:6	<?php echo gtext("In questa sezione si possono aggiungere tipologie di contenuti e di documenti ad un gruppo di utenti.") ?>
Application/Views/Reggroups/gestisci_associato.php:7	<br /><?php echo gtext("Tutti i contenuti o i documenti della tipologia aggiunta saranno accessibili agli utenti del gruppo in questione.");?>
Application/Views/Reggroups/gestisci_associato.php:8	<br /><b><?php echo gtext("Se non viene aggiunta nessuna tipologia di contenuti o documenti a nessun gruppo di utenti, tutti i contenuti e tutti i documenti del sito saranno accessibili a tutti.") ?></b>
Application/Views/Reggroups/gestisci_associato.php:12	<a class="iframe btn btn-info" href="<?php echo $this->baseUrl."/tipicontenuto/main";?>?partial=Y&nobuttons=Y&tipo=GENERICO&id_group=<?php echo $id;?>&nofiltri=Y"><i class="fa fa-plus-circle"></i> <?php echo gtext("Aggiungi tipologia contenuto");?></a>
Application/Views/Reggroups/gestisci_associato.php:14	<a class="iframe btn btn-primary" href="<?php echo $this->baseUrl."/tipidocumento/main";?>?partial=Y&nobuttons=Y&id_group=<?php echo $id;?>"><i class="fa fa-plus-circle"></i> <?php echo gtext("Aggiungi tipologia documento");?></a>
Application/Views/Reggroups/steps.php:6	<li <?php echo $posizioni['main'];?>><a href="<?php echo $this->baseUrl."/".$this->controller."/form/update/$id".$this->viewStatus;?>"><?php echo gtext("Dettagli");?></a></li>
Application/Views/Reggroups/steps.php:8	<li <?php echo $posizioni['tipi'];?>><a class="help_ordini" href="<?php echo $this->baseUrl."/".$this->controller."/tipi/$id".$this->viewStatus;?>"><?php echo gtext("Accesso contenuti");?></a></li>
Application/Views/Prodotti/inviaadacquisti.php:8	<div class="text-warning"><?php echo gtext("Numero combinazioni da inviare ad acquisti:")." <b>".count($combDaImportare)."</b>";?></div>
Application/Views/Prodotti/inviaadacquisti.php:10	<a class="label label-success ajlink" href="<?php echo Url::getRoot()."prodotti/inviaadacquisti/".(int)$id;?>"><i class='fa fa-send'></i> <?php echo gtext("Invia ad acquisti");?></a>
Application/Views/Prodotti/gestisci_associato.php:5	<p><a class="iframe btn btn-success" href="<?php echo $this->baseUrl."/scaglioni/form/insert";?>?partial=Y&nobuttons=Y&id_page=<?php echo $id_page;?>"><?php echo gtext("Aggiungi scaglione");?></a></p>
Application/Views/Prodotti/gestisci_associato.php:11	<p><a class="iframe btn btn-success" href="<?php echo $this->baseUrl."/contenuti/form/insert";?>?partial=Y&nobuttons=N&id_page=<?php echo $id_page;?>"><?php echo gtext("Aggiungi fascia");?></a></p>
Application/Views/Prodotti/gestisci_associato.php:17	<p><a class="iframe btn btn-success" href="<?php echo $this->baseUrl."/documenti/form/insert";?>?partial=Y&nobuttons=N&id_page=<?php echo $id_page;?>"><i class="fa fa-plus-circle"></i> <?php echo gtext("Aggiungi");?></a></p>
Application/Views/Prodotti/gestisci_associato.php:34	<button class="submit_file btn btn-primary btn-sm make_spinner" type="submit" name="insertAction" value="Aggiungi"><i class="fa fa-save"></i> <?php echo gtext("Aggiungi");?></button>
Application/Views/Prodotti/gestisci_associato.php:47	<button class="submit_file btn btn-primary btn-sm make_spinner" type="submit" name="insertAction" value="Aggiungi"><i class="fa fa-save"></i> <?php echo gtext("Aggiungi");?></button>
Application/Views/Prodotti/gestisci_associato.php:76	<a class="btn btn-success iframe" href="<?php echo $this->baseUrl."/regioni/main?id_page=$id_page&partial=Y&cl_on_sv=Y";?>"><i class="fa fa-plus"></i> <?php echo gtext("Aggiungi regione");?></a>
Application/Views/Prodotti/gestisci_associato.php:78	<a class="btn btn-info iframe" href="<?php echo $this->baseUrl."/nazioni/main?id_page=$id_page&partial=Y&cl_on_sv=Y&nobuttons=Y";?>"><i class="fa fa-plus"></i> <?php echo gtext("Aggiungi nazione");?></a>
Application/Views/Prodotti/gestisci_associato.php:88	<?php echo gtext("In questa scheda è possibile specificare le nazioni in cui il prodotto può essere spedito.") ?><br />
Application/Views/Prodotti/gestisci_associato.php:89	<b><?php echo gtext("Se non è inclusa alcuna nazione significa che il prodotto è spedibile in tutte le nazioni attive.") ?></b>
Application/Views/Prodotti/gestisci_associato.php:93	<a class="btn btn-success iframe" href="<?php echo $this->baseUrl."/nazioni/main?id_page_sp=$id_page&partial=Y&cl_on_sv=Y&nobuttons=Y";?>"><i class="fa fa-plus"></i> <?php echo gtext("Aggiungi nazione");?></a>
Application/Views/Prodotti/gestisci_associato.php:109	<button class="submit_file btn btn-primary btn-sm make_spinner" type="submit" name="insertAction" value="Aggiungi"><i class="fa fa-save"></i> <?php echo gtext("Aggiungi");?></button>
Application/Views/Prodotti/steps.php:15	<li <?php echo $posizioni['main'];?>><a class="help_dettagli" href="<?php echo $this->baseUrl."/".$this->applicationUrl.$this->controller."/form/update/$id_page".$viewStatusTutti;?>"><?php echo gtext("Dettagli");?></a></li>
Application/Views/Prodotti/steps.php:17	<li <?php echo $posizioni['categorie'];?>><a class="help_dettagli" href="<?php echo $this->baseUrl."/".$this->applicationUrl.$this->controller."/categorie/$id_page".$viewStatusTutti;?>"><?php echo gtext("Categorie");?></a></li>
Application/Views/Prodotti/steps.php:20	<li <?php echo $posizioni['testi'];?>><a href="<?php echo $this->baseUrl."/".$this->applicationUrl.$this->controller."/testi/$id_page".$viewStatusTutti;?>"><?php echo gtext("Contenuti");?></a></a></li>
Application/Views/Prodotti/steps.php:23	<li <?php echo $posizioni['contenuti'];?>><a href="<?php echo $this->baseUrl."/".$this->applicationUrl.$this->controller."/contenuti/$id_page".$viewStatusTutti;?>"><?php echo gtext("Fasce");?></a></li>
Application/Views/Prodotti/steps.php:26	<li <?php echo $posizioni['scaglioni'];?> ><a class="help_scaglioni" href="<?php echo $this->baseUrl."/".$this->applicationUrl.$this->controller."/scaglioni/$id_page".$viewStatusTutti;?>"><?php echo gtext("Sconti quantità");?></a></li>
Application/Views/Prodotti/steps.php:29	<li <?php echo $posizioni['meta'];?> ><a class="help_meta" href="<?php echo $this->baseUrl."/".$this->applicationUrl.$this->controller."/meta/$id_page".$viewStatusTutti;?>"><?php echo gtext("Meta");?></a></li>
Application/Views/Prodotti/steps.php:30	<li <?php echo $posizioni['immagini'];?> ><a class="help_immagini" href="<?php echo $this->baseUrl."/".$this->applicationUrl.$this->controller."/immagini/$id_page".$viewStatusTutti;?>"><?php echo gtext("Immagini");?></a></li>
Application/Views/Prodotti/steps.php:32	<li <?php echo $posizioni['prod_corr'];?> ><a class="help_correlati" href="<?php echo $this->baseUrl."/".$this->applicationUrl.$this->controller."/correlati/$id_page".$viewStatusTutti;?>"><?php echo gtext("Prodotti correlati");?></a></li>
Application/Views/Prodotti/steps.php:35	<li <?php echo $posizioni['accessori'];?>><a class="help_accessori" href="<?php echo $this->baseUrl."/".$this->applicationUrl.$this->controller."/accessori/$id_page".$viewStatusTutti;?>"><?php echo gtext("Accessori");?></a></li>
Application/Views/Prodotti/steps.php:39	<li <?php echo $posizioni['caratteristiche'];?>><a class="help_caratteristiche" href="<?php echo $this->baseUrl."/".$this->applicationUrl.$this->controller."/caratteristiche/$id_page".$viewStatusTutti;?>"><?php echo gtext("Caratteristiche");?></a></li>
Application/Views/Prodotti/steps.php:54	<li <?php echo $posizioni['attributi'];?>><a class="help_varianti" href="<?php echo $this->baseUrl."/".$this->applicationUrl.$this->controller."/attributi/$id_page".$viewStatusTutti;?>"><?php echo gtext("Varianti");?></a></li>
Application/Views/Prodotti/steps.php:57	<li <?php echo $posizioni['personalizzazioni'];?>><a class="help_personalizzazioni" href="<?php echo $this->baseUrl."/".$this->applicationUrl.$this->controller."/personalizzazioni/$id_page".$viewStatusTutti;?>"><?php echo gtext("Personalizzazioni");?></a></li>
Application/Views/Prodotti/steps.php:60	<li <?php echo $posizioni['tag'];?>><a class="help_tag_prodotto" href="<?php echo $this->baseUrl."/".$this->applicationUrl.$this->controller."/tag/$id_page".$viewStatusTutti;?>"><?php echo gtext("Tag");?></a></li>
Application/Views/Prodotti/steps.php:63	<li <?php echo $posizioni['documenti'];?>><a href="<?php echo $this->baseUrl."/".$this->applicationUrl.$this->controller."/documenti/$id_page".$viewStatusTutti;?>"><?php echo gtext("Documenti");?></a></li>
Application/Views/Prodotti/steps.php:87	<li <?php echo $posizioni['regioni'];?>><a href="<?php echo $this->baseUrl."/".$this->applicationUrl.$this->controller."/regioni/$id_page".$viewStatusTutti;?>"><?php echo gtext("Regioni");?></a></li>
Application/Views/Prodotti/steps.php:90	<li <?php echo $posizioni['lingue'];?>><a href="<?php echo $this->baseUrl."/".$this->applicationUrl.$this->controller."/lingue/$id_page".$viewStatusTutti;?>"><?php echo gtext("Lingue");?></a></li>
Application/Views/Prodotti/steps.php:93	<li <?php echo $posizioni['nazioni'];?>><a href="<?php echo $this->baseUrl."/".$this->applicationUrl.$this->controller."/nazioni/$id_page".$viewStatusTutti;?>"><?php echo gtext("Nazioni spedizione");?></a></li>
Application/Views/Prodotti/steps.php:96	<li <?php echo $posizioni['articoli'];?>><a href="<?php echo $this->baseUrl."/".$this->applicationUrl.$this->controller."/articoli/$id_page".$viewStatusTutti;?>"><?php echo gtext("Distinta");?></a></li>
Application/Views/Prodotti/pages_form.php:35	<div class='callout callout-warning'><?php echo gtext("Attenzione, il prodotto ha i listini esteri differenti da quello italiano. Verificare nella scheda Varianti");?></div>
Application/Views/Prodotti/pages_form.php:138	<button id="<?php echo $type;?>Action" class="btn btn-success make_spinner" name="<?php echo $type;?>Action" type="submit"><i class="fa fa-save"></i> <?php echo gtext("Salva");?></button>
Application/Views/Prodotti/pages_form.php:155	<?php echo gtext("Opzioni acquisto");?>
Application/Views/Prodotti/pages_form.php:176	<?php echo gtext("Visibilità");?>
Application/Views/Prodotti/pages_form.php:210	<?php echo gtext("Traduzioni");?>
Application/Views/Prodotti/pages_form.php:222	<?php echo gtext("Prodotti digitali");?>
Application/Views/Prodotti/pages_form.php:237	<?php echo gtext("Categoria");?><?php if (v("usa_marchi")) { ?> / <?php echo gtext("famiglie",true,"ucfirst");?><?php } ?>
Application/Views/Prodotti/pages_form.php:251	<?php echo gtext("Informazioni per adv (Google / Facebook)")?>
Application/Views/footer.php:30	<button type="button" class="btn btn-default" data-dismiss="modal"><?php echo gtext("Chiudi");?></button>
Application/Views/Note/steps.php:23	<td><?php echo gtext("Totale");?>:</td>
Application/Views/Note/steps.php:27	<td><?php echo gtext("Usato");?>:</td>
Application/Views/Note/steps.php:31	<td><?php echo gtext("Rimasto");?>:</td>
Application/Views/Downloadcat/categories_steps.php:6	<li <?php echo $posizioni['main'];?>><a href="<?php echo $this->baseUrl."/".$this->controller."/form/update/$id".$this->viewStatus;?>"><?php echo gtext("Dettagli");?></a></li>
Application/Views/Downloadcat/categories_steps.php:8	<li <?php echo $posizioni['gruppi'];?>><a href="<?php echo $this->baseUrl."/".$this->applicationUrl.$this->controller."/gruppi/$id".$this->viewStatus;?>"><?php echo gtext("Accessibilità");?></a></li>
Application/Views/link_manuale.php:2	<?php if ($helpDaVedereTutti) { ?><small class="pull-right"><a class="label label-default" target="_blank" href="<?php echo $this->baseUrl."/help/pdf/0/".$this->controller;?>"><?php echo gtext("Scarica guida")?> <i class="fa fa-question-circle"></i></a></small><?php } ?>
Application/Views/Alimenti/steps.php:12	<li <?php echo $posizioni['main'];?>><a href="<?php echo $this->baseUrl."/".$this->applicationUrl.$this->controller."/form/update/$id_page".$viewStatusTutti;?>"><?php echo gtext("Dettagli");?></a></li>
Application/Views/Alimenti/steps.php:13	<li <?php echo $posizioni['meta'];?>><a href="<?php echo $this->baseUrl."/".$this->applicationUrl.$this->controller."/meta/$id_page".$viewStatusTutti;?>"><?php echo gtext("Meta");?></a></li>
Application/Views/Alimenti/steps.php:15	<li <?php echo $posizioni['testi'];?>><a href="<?php echo $this->baseUrl."/".$this->applicationUrl.$this->controller."/testi/$id_page".$viewStatusTutti;?>"><?php echo gtext("Contenuti");?></a></li>
Application/Views/Alimenti/steps.php:18	<li <?php echo $posizioni['contenuti'];?>><a href="<?php echo $this->baseUrl."/".$this->applicationUrl.$this->controller."/contenuti/$id_page".$viewStatusTutti;?>"><?php echo gtext("Fasce");?></a></li>
Application/Views/categories_meta.php:5	<h1><?php echo gtext("Gestione")." $tabella";?>: <?php echo $titoloPagina;?></h1>
Application/Views/gestisci_associato.php:5	<p><a class="iframe btn btn-success pull-right" href="<?php echo $this->baseUrl."/contenuti/form/insert";?>?partial=Y&nobuttons=N&id_page=<?php echo $id_page;?>"><?php echo gtext("Aggiungi contenuto");?></a></p>
Application/Views/Soci/pages_form_left_bottom.php:5	<?php echo gtext("Contatti + Social");?>
Application/Views/Soci/pages_link.php:3	<a class="pull-right label label-info" target="_blank" href="<?php echo Domain::$name."/it/$urlPagina";?>"><?php echo gtext("Vedi pagina");?> <i class="fa fa-arrow-right"></i></a>
Application/Views/Soci/steps.php:12	<li <?php echo $posizioni['immagini'];?> ><a class="help_immagini" href="<?php echo $this->baseUrl."/".$this->applicationUrl.$this->controller."/immagini/$id_page".$viewStatusTutti;?>"><?php echo gtext("Immagini");?></a></li>
Application/Views/Soci/steps.php:19	<li <?php echo $posizioni['caratteristiche'];?>><a class="help_caratteristiche" href="<?php echo $this->baseUrl."/".$this->applicationUrl.$this->controller."/caratteristiche/$id_page".$viewStatusTutti;?>"><?php echo gtext("Caratteristiche");?></a></li>
Application/Views/Password/form.php:4	<h1><?php echo gtext("Gestione");?> password</h1>
Application/Views/gestisci_correlati.php:11	<button class="submit_file btn btn-primary btn-sm make_spinner" type="submit" name="insertAction" value="Aggiungi"><i class="fa fa-save"></i> <?php echo gtext("Aggiungi");?></button>
Application/Views/Listeregalo/gestisci_associato.php:5	<p><a class="iframe btn btn-success" href="<?php echo $this->baseUrl."/combinazioni/main";?>?partial=Y&nobuttons=Y&id_lista_regalo=<?php echo $id;?>"><i class="fa fa-plus-square-o"></i> <?php echo gtext("Aggiungi prodotti");?></a></p>
Application/Views/Listeregalo/gestisci_associato.php:11	<p><a class="iframe btn btn-success" href="<?php echo $this->baseUrl."/listeregalolink/form/insert/0";?>?partial=Y&nobuttons=Y&cl_on_sv=Y&id_lista_regalo=<?php echo $id;?>"><i class="fa fa-plus-square-o"></i> <?php echo gtext("Invia link");?></a></p>
Application/Views/Listeregalo/gestisci_associato.php:17	<p><a class="iframe btn btn-success" href="<?php echo $this->baseUrl."/ordini/form/insert/0";?>?partial=Y&id_lista_insert=<?php echo $id;?>"><i class="fa fa-plus-square-o"></i> <?php echo gtext("Aggiungi ordine");?></a></p>
Application/Views/Listeregalo/gestisci_associato.php:23	<p><a class="iframe btn btn-success" href="<?php echo $this->baseUrl."/ordiniperiodireso/form/insert/0";?>?partial=Y&id_lista_insert=<?php echo $id;?>&nobuttons=Y"><i class="fa fa-plus-square-o"></i> <?php echo gtext("Aggiungi periodo reso");?></a></p>
Application/Views/Listeregalo/steps.php:6	<li <?php echo $posizioni['main'];?>><a href="<?php echo $this->baseUrl."/".$this->controller."/form/update/$id".$this->viewStatus;?>"><?php echo gtext("Dettagli");?></a></li>
Application/Views/Listeregalo/steps.php:8	<li <?php echo $posizioni['pagine'];?>><a class="help_pagine_lista" href="<?php echo $this->baseUrl."/".$this->controller."/pagine/$id".$this->viewStatus;?>"><?php echo gtext("Prodotti");?></a></li>
Application/Views/Listeregalo/steps.php:10	<li <?php echo $posizioni['inviti'];?>><a class="help_pagine_lista_link" href="<?php echo $this->baseUrl."/".$this->controller."/inviti/$id".$this->viewStatus;?>"><?php echo gtext("Link");?></a></li>
Application/Views/Listeregalo/steps.php:12	<li <?php echo $posizioni['ordini'];?>><a class="help_pagine_lista_ordini" href="<?php echo $this->baseUrl."/".$this->controller."/ordini/$id".$this->viewStatus;?>"><?php echo gtext("Ordini");?></a></li>
Application/Views/Listeregalo/steps.php:13	<li <?php echo $posizioni['righe'];?>><a class="help_pagine_lista_righe" href="<?php echo $this->baseUrl."/".$this->controller."/righe/$id".$this->viewStatus;?>"><?php echo gtext("Righe ordine");?></a></li>
Application/Views/Listeregalo/steps.php:15	<li <?php echo $posizioni['invii'];?>><a href="<?php echo $this->baseUrl."/".$this->controller."/invii/$id".$this->viewStatus;?>"><?php echo gtext("Mail con dedica");?></a></li>
Application/Views/Listeregalo/steps.php:17	<li <?php echo $posizioni['resi'];?>><a href="<?php echo $this->baseUrl."/".$this->controller."/resi/$id".$this->viewStatus;?>"><?php echo gtext("Consegne / Resi");?></a></li>
Application/Views/Ordini/vedi_righe_prodotti.php:19	<th style="text-align:left;font-size:13px;"><?php echo gtext("Da inviare a");?></th>
Application/Views/Ordini/vedi_righe_prodotti.php:20	<th style="text-align:left;font-size:13px;"><?php echo gtext("Dedica e firma");?></th>
Application/Views/Ordini/vedi_righe_prodotti.php:49	<span class="uk-text-meta"><?php echo gtext("Inviato a");?>:</span> <b><?php echo $inviataA["email"];?></b>
Application/Views/Ordini/vedi_righe_prodotti.php:54	<?php echo gtext("Usati");?>: <strong><?php echo setPriceReverse($euroUsati);?> €</strong>
Application/Views/Ordini/ElementiTop/tipo_ordine.php:3	<td><?php echo gtext("Tipo ordine");?>:</td>
Application/Views/Ordini/ElementiTop/stato.php:3	<td><?php echo gtext("Stato ordine");?>:</td>
Application/Views/Ordini/ElementiTop/stato.php:7	<a <?php if (partial()) { ?>target="_blank"<?php } ?> class="<?php if (!partial()) { ?>iframe<?php } ?> pull-right help_storico_stati" href="<?php echo $this->baseUrl."/ordini/storicostati/".$ordine["id_o"];?>?partial=Y"><i class="fa fa-history"></i> <?php echo gtext("Vedi storico cambio stato");?></a>
Application/Views/Ordini/ElementiTop/numero_ordine.php:8	<td><?php echo gtext("N° Ordine");?>:</td>
Application/Views/Ordini/ElementiTop/numero_ordine.php:11	<a <?php if (partial()) { ?>target="_blank"<?php } ?> class="<?php if (!partial()) { ?>iframe<?php } ?> pull-right help_ordine_lato_cliente" href="<?php echo Domain::$name."/".$linguaNazioneUrl."/resoconto-acquisto/".$ordine["id_o"]."/".$ordine["cart_uid"]."/".$ordine["admin_token"]."?n=y";?>"><i class="fa fa-eye"></i> <?php echo gtext("Vedi ordine lato cliente");?></a>
Application/Views/Ordini/ElementiTop/cliente.php:11	<td><?php echo gtext("Cliente");?>:</td>
Application/Views/Ordini/ElementiTop/total.php:3	<td><?php echo gtext("Totale");?>:</td>
Application/Views/Ordini/ElementiTop/acconto.php:4	<td><?php echo gtext("Acconto");?>:</td>
Application/Views/Ordini/ElementiTop/acconto.php:8	<td><?php echo gtext("Saldo");?>:</td>
Application/Views/Ordini/ElementiTop/data_creazione.php:3	<td><?php echo gtext("Data creazione");?>:</td>
Application/Views/Ordini/ElementiTop/fattura.php:4	<td><?php echo gtext("Fattura");?>:</td>
Application/Views/Ordini/ElementiTop/fattura.php:5	<td><b class="text text-primary"><?php echo gtext("Richiesta");?></b></td>
Application/Views/Ordini/ElementiTop/codice_promozione.php:4	<td><?php echo gtext("Coupon");?>:</td>
Application/Views/Ordini/ElementiTop/pagamento.php:3	<td><?php echo gtext("Metodo di pagamento");?>:</td>
Application/Views/Ordini/ElementiTop/tipo_consegna.php:4	<td><?php echo gtext("Tipo di consegna");?>:</td>
Application/Views/Ordini/ElementiTop/stato_pagamento.php:3	<td><?php echo gtext("Stato pagamento");?>:</td>
Application/Views/Ordini/ElementiTop/stato_pagamento.php:10	<span class="label label-success"><?php echo gtext("Ordine pagato");?></span>
Application/Views/Ordini/ElementiTop/stato_pagamento.php:12	<?php echo gtext("in data");?> <b><?php echo date("d-m-Y H:i", strtotime($ordine["data_pagamento"]));?></b>
Application/Views/Ordini/ElementiTop/stato_pagamento.php:15	<span class="label label-warning"><?php echo gtext("Ordine NON pagato");?></span>
Application/Views/Ordini/ElementiTop/stato_pagamento.php:21	<td><?php echo gtext("Data annullamento");?>:</td>
Application/Views/Ordini/ElementiTop/stato_pagamento.php:27	<span class="label label-warning"><?php echo gtext("Ordine annullato in data");?></span> <b><?php echo date("d-m-Y H:i", strtotime($ordine["data_annullamento"]));?></b>
Application/Views/Ordini/ElementiTop/stato_pagamento.php:33	<td><?php echo gtext("Data rimborso");?>:</td>
Application/Views/Ordini/ElementiTop/stato_pagamento.php:39	<span class="label label-danger"><?php echo gtext("Ordine rimborsato in data");?></span> <b><?php echo date("d-m-Y H:i", strtotime($ordine["data_rimborso"]));?></b>
Application/Views/Ordini/vedi_response.php:4	<h1><?php echo gtext("Risposte dal gateway di pagamento");?></h1>
Application/Views/Ordini/vedi_top_right.php:16	<b><?php echo gtext("Gestione fattura");?></b>
Application/Views/Ordini/vedi_top_right.php:18	<b><?php echo gtext("Integrazione con");?> <?php echo GestionaliModel::getModulo()->titoloGestionale();?></b>
Application/Views/Ordini/vedi_top_right.php:26	<?php echo gtext("Fattura numero");?>: <b><?php echo $fattura["numero"];?></b> <?php echo gtext("del");?> <b><?php echo smartDate($fattura["data_fattura"]);?></b> <?php if (FattureModel::g()->manageable($fattura["id_f"])) { ?><a class="label label-info iframe" href="<?php echo $this->baseUrl."/fatture/form/update/".$fattura["id_f"]."?partial=Y&nobuttons=Y";?>"><i class="fa fa-pencil"></i></a><?php } ?>
Application/Views/Ordini/vedi_top_right.php:46	<th><?php echo gtext("Modifica lo stato dell'ordine")?></th>
Application/Views/Ordini/vedi_top_right.php:49	<?php echo gtext("Mostra stati");?>
Application/Views/Ordini/vedi_top_right.php:84	<?php echo gtext("Mostra e-mail");?>
Application/Views/Ordini/vedi_top_right.php:86	<?php echo gtext("Storico invii mail al cliente");?>
Application/Views/Ordini/vedi_top_right.php:91	<th><?php echo gtext("Data invio");?></th>
Application/Views/Ordini/vedi_testata_prodotti.php:5	<th class="text-left"><?php echo gtext("Immagine");?></th>
Application/Views/Ordini/vedi_testata_prodotti.php:6	<th colspan="2" align="left" class=""><?php echo gtext("Prodotto");?></th>
Application/Views/Ordini/vedi_testata_prodotti.php:8	<th class="text-left"><?php echo gtext("Spedizione");?></th>
Application/Views/Ordini/vedi_testata_prodotti.php:10	<th class="text-right"><?php echo gtext("Codice");?></th>
Application/Views/Ordini/vedi_testata_prodotti.php:11	<th class="text-right"><?php echo gtext("Peso");?></th>
Application/Views/Ordini/vedi_testata_prodotti.php:12	<th class="text-right"><?php echo gtext("Quantità");?></th>
Application/Views/Ordini/vedi_testata_prodotti.php:14	<th class="text-right"><?php echo gtext("Da ordinare");?></th>
Application/Views/Ordini/vedi_testata_prodotti.php:16	<th class="text-right colonne_non_ivate"><?php echo gtext("Prezzo");?><br /><?php echo gtext("IVA $labelIvaInclusaEsclusa");?></th>
Application/Views/Ordini/vedi_testata_prodotti.php:18	<th class="text-right colonne_non_ivate"><?php echo gtext("Sconto");?><br />(<i><?php echo $ordine["nome_promozione"];?></i>)</th>
Application/Views/Ordini/vedi_testata_prodotti.php:19	<th class="text-right colonne_non_ivate"><?php echo gtext("Prezzo scontato");?><br /><?php echo gtext("IVA $labelIvaInclusaEsclusa");?></th>
Application/Views/Ordini/vedi_testata_prodotti.php:21	<th class="text-right colonne_non_ivate"><?php echo gtext("Aliquota");?></th>
Application/Views/Ordini/vedi_testata_prodotti.php:24	<th class="text-right"><?php echo gtext("Prezzo");?><br /><?php echo gtext("IVA inclusa");?></th>
Application/Views/Ordini/vedi_testata_prodotti.php:26	<th class="text-right"><?php echo gtext("Sconto");?><br />(<i><?php echo $ordine["nome_promozione"];?></i>)</th>
Application/Views/Ordini/vedi_testata_prodotti.php:27	<th class="text-right"><?php echo gtext("Prezzo scontato");?><br /><?php echo gtext("IVA inclusa");?></th>
Application/Views/Ordini/vedi_testata_prodotti.php:30	<th class="text-right"><?php echo gtext("Totale IVA");?> <?php echo $labelIvaInclusaEsclusa; ?></th>
Application/Views/Ordini/vedi_testata_prodotti.php:32	<th class="text-right"><?php echo gtext("Totale IVA $labelIvaInclusaEsclusa");?></th>
Application/Views/Ordini/form_scaffold_main.php:14	<?php echo gtext("I totali non verranno modificati al salvataggio in quanto è un ordine di tipo");?> <b><?php echo OrdiniModel::getLabelTipoOrdine($tipoOrdine);?></b></div>
Application/Views/Ordini/form_scaffold_main.php:16	<?php echo gtext("Le righe dell'ordine non sono modificabili in quanto l'ordine non è più ad uno dei seguenti stati");?>: <b><?php echo StatiordineModel::getTitoliStati(v("stati_ordine_editabile_ed_eliminabile"));?></b></div>
Application/Views/Ordini/form_scaffold_main.php:19	<h4 class="text-bold" style="padding-bottom:10px;"><i class="fa fa-user"></i> <?php echo gtext("Fatturazione");?></h4>
Application/Views/Ordini/form_scaffold_main.php:94	<h4 class="text-bold" style="padding-bottom:10px;"><i class="fa fa-truck"></i> <?php echo gtext("Spedizione");?></h4>
Application/Views/Ordini/form_scaffold_main.php:151	<h4 class="text-bold" style="padding-bottom:10px;"><i class="fa fa-cogs"></i> <?php echo gtext("Opzioni ordine");?></h4>
Application/Views/Ordini/form_scaffold_main.php:190	<h4 class="text-bold" style="padding-bottom:10px;"><i class="fa fa-font"></i> <?php echo gtext("Note");?></h4>
Application/Views/Ordini/form_scaffold_main.php:201	<h4 class="text-bold" style="padding-bottom:10px;"><i class="fa fa-gift"></i> <?php echo gtext("Dedica e firma");?></h4>
Application/Views/Ordini/vedi.php:11	<h1><?php echo gtext("Gestione ordini");?></h1>
Application/Views/Ordini/vedi.php:70	<a href="<?php echo $this->baseUrl."/".$this->applicationUrl.$this->controller."/vedi/".$ordine["id_o"].Url::createUrl($tempViewArgs);?>" type="button" class="btn btn-<?php echo $mostraIvato ? "primary" : "default"; ?> btn-xs"><?php echo gtext("Prezzi IVA inclusa")?></a>
Application/Views/Ordini/vedi.php:75	<a href="<?php echo $this->baseUrl."/".$this->applicationUrl.$this->controller."/vedi/".$ordine["id_o"].Url::createUrl($tempViewArgs);?>" type="button" style="margin-left:8px;" class="btn btn-<?php echo !$mostraIvato ? "primary" : "default"; ?> btn-xs"><?php echo gtext("Prezzi IVA esclusa")?></a>
Application/Views/Ordini/vedi.php:79	<h4 style="margin-top:0px;" class="text-bold"><?php echo gtext("Righe ordine");?>:</h4>
Application/Views/Ordini/vedi.php:106	<td colspan="2"><?php echo gtext("Spese pagamento");?> (<?php echo str_replace("_"," ",$ordine["pagamento"]);?>)</td>
Application/Views/Ordini/vedi.php:136	<td colspan="2"><?php echo gtext("Spese di spedizione");?></td>
Application/Views/Ordini/vedi.php:166	<td colspan="2"><?php echo gtext("Sconto crediti");?></td>
Application/Views/Ordini/vedi.php:198	<?php echo gtext("Coupon");?>: <b><?php echo $ordine["nome_promozione"];?></b>. <?php echo gtext("Codice coupon");?>: <b><?php echo $ordine["codice_promozione"];?></b>
Application/Views/Ordini/vedi.php:201	<?php echo gtext("Sconto");?>:
Application/Views/Ordini/vedi.php:231	<h4 style="margin-top:0px;" class="text-bold"><?php echo gtext("Totali ordine");?>:</h4>
Application/Views/Ordini/vedi.php:242	<td><?php echo gtext("Imponibile");?></td>
Application/Views/Ordini/vedi.php:253	<td><?php echo gtext("Totale ordine");?></td>
Application/Views/Ordini/vedi.php:264	<h4 style="margin-top:0px;" class="text-bold"><?php echo gtext("Spedizione");?></h4>
Application/Views/Ordini/vedi.php:269	<?php echo gtext("Spese spedizione");?><br />
Application/Views/Ordini/vedi.php:270	<?php echo gtext("Peso totale");?>: <span class="badge badge-info"><b><?php echo setPriceReverse($pesoTotale);?> kg</b></span> <?php if (!empty($corriere)) { ?><br />
Application/Views/Ordini/vedi.php:271	<?php echo gtext("Corriere scelto");?>: <span class="badge badge-info"><?php echo $corriere["titolo"];?></span><?php } ?>
Application/Views/Ordini/vedi.php:273	<br /><?php echo gtext("Spedizioniere");?>: <b><?php echo SpedizionieriModel::g()->titolo($ordine["id_spedizioniere"]);?></b>
Application/Views/Ordini/vedi.php:287	<div style="margin-top:10px;"><a target="_blank" href="<?php echo $ordine["link_tracking"];?>"><i class="fa fa-truck"></i> <?php echo gtext("Link tracking");?></a></div>
Application/Views/Ordini/vedi.php:300	<h4 style="margin-top:0px;" class="text-bold"><?php echo gtext("Dedica e firma");?></h4>
Application/Views/Ordini/vedi.php:310	<div class="alert alert-info"><?php echo gtext("La mail con la dedica e la firma è stata inviata all'utente creatore della lista")." (<b>".$dedica["email"]."</b>) ".gtext("in data")." ".date("d/m/Y H:i", strtotime($dedica["data_creazione"]));?></div>
Application/Views/Ordini/vedi.php:321	<h4 style="margin-top:0px;" class="text-bold"><?php echo gtext("Note cliente");?></h4>
Application/Views/Ordini/vedi.php:331	<h4 style="margin-top:0px;" class="text-bold"><?php echo gtext("Note interne");?></h4>
Application/Views/Ordini/vedi.php:343	<h4 style="margin-top:0px;" class="text-bold"><?php echo gtext("Dati di fatturazione");?>:</h4>
Application/Views/Ordini/vedi.php:348	<td class="first_column"><?php echo gtext("Account cliente");?></td>
Application/Views/Ordini/vedi.php:354	<td class="first_column"><?php echo gtext("Nome");?></td>
Application/Views/Ordini/vedi.php:358	<td class="first_column"><?php echo gtext("Cognome");?></td>
Application/Views/Ordini/vedi.php:364	<td class="first_column"><?php echo gtext("Ragione sociale");?></td>
Application/Views/Ordini/vedi.php:370	<td class="first_column"><?php echo gtext("Partita IVA");?></td>
Application/Views/Ordini/vedi.php:375	<td class="first_column"><?php echo gtext("Codice fiscale");?></td>
Application/Views/Ordini/vedi.php:379	<td class="first_column"><?php echo gtext("Indirizzo");?></td>
Application/Views/Ordini/vedi.php:383	<td class="first_column"><?php echo gtext("Cap");?></td>
Application/Views/Ordini/vedi.php:387	<td class="first_column"><?php echo gtext("Nazione");?></td>
Application/Views/Ordini/vedi.php:391	<td class="first_column"><?php echo gtext("Provincia");?></td>
Application/Views/Ordini/vedi.php:395	<td class="first_column"><?php echo gtext("Città");?></td>
Application/Views/Ordini/vedi.php:399	<td class="first_column"><?php echo gtext("Telefono");?></td>
Application/Views/Ordini/vedi.php:403	<td class="first_column"><?php echo gtext("Email");?></td>
Application/Views/Ordini/vedi.php:408	<td class="first_column"><?php echo gtext("Codice gestionale");?></td>
Application/Views/Ordini/vedi.php:414	<td class="first_column"><?php echo gtext("PASSWORD");?></td>
Application/Views/Ordini/vedi.php:423	<h4 style="margin-top:0px;" class="text-bold"><?php echo gtext("Dati di spedizione");?>:</h4>
Application/Views/Ordini/vedi.php:427	<td class="first_column"><?php echo gtext("Indirizzo");?></td>
Application/Views/Ordini/vedi.php:431	<td class="first_column"><?php echo gtext("Cap");?></td>
Application/Views/Ordini/vedi.php:435	<td class="first_column"><?php echo gtext("Nazione");?></td>
Application/Views/Ordini/vedi.php:439	<td class="first_column"><?php echo gtext("Provincia");?></td>
Application/Views/Ordini/vedi.php:443	<td class="first_column"><?php echo gtext("Città");?></td>
Application/Views/Ordini/vedi.php:447	<td class="first_column"><?php echo gtext("Telefono");?></td>
Application/Views/Ordini/vedi.php:452	<td class="first_column"><?php echo gtext("Destinatario");?></td>
Application/Views/Ordini/vedi.php:458	<td class="first_column"><?php echo gtext("Codice gestionale indirizzo");?></td>
Application/Views/Ordini/vedi.php:470	<h4 style="margin-top:0px;" class="text-bold"><?php echo gtext("Dati per fatturazione elettronica");?>:</h4>
Application/Views/Ordini/vedi.php:474	<td class="first_column"><?php echo gtext("PEC");?></td>
Application/Views/Ordini/vedi.php:478	<td class="first_column"><?php echo gtext("CODICE DESTINATARIO");?></td>
Application/Views/Ordini/vedi_script_pixel.php:5	<h1><?php echo gtext("Script del Pixel");?> <?php echo $record_evento["pixel"]["titolo"];?></h1>
Application/Views/Ordini/vedi_script_pixel.php:14	<h2><?php echo gtext("Codice script");?></h2>
Application/Views/Ordini/vedi_script_pixel.php:19	<h2><?php echo gtext("Codice noscript");?></h2>
Application/Views/Ordini/vedi_top_left.php:33	<td><?php echo gtext("Agente");?>:</td>
Application/Views/Ordini/vedi_top_left.php:41	<td><?php echo gtext("Lista regalo");?>:</td>
Application/Views/Ordini/vedi_top_left.php:56	<td><?php echo gtext("Pixel");?>:</td>
Application/Views/Ordini/vedi_top_left.php:65	<?php echo gtext("inviato in data/ora").": ".date("d-m-Y H:i", strtotime($ev["pixel_eventi"]["data_creazione"]));?> <i class="text text-success fa fa-thumbs-up"></i>
Application/Views/Ordini/vedi_top_left.php:75	<td><?php echo gtext("Spedizione");?>:</td>
Application/Views/Ordini/vedi_top_left.php:85	<a class="iframe badge" href="<?php echo $this->baseUrl."/spedizioninegozio/form/insert/0?id_o=".$ordine["id_o"].$queryStringCreaSpedizioneLista;?>&partial=Y"><i class="fa fa-plus-square-o"></i> <?php echo gtext("Crea spedizione");?></a>
Application/Views/Ordini/vedi_top_left.php:97	<td><?php echo gtext("Periodi reso");?>:</td>
Application/Views/Ordini/vedi_top_left.php:106	<?php echo gtext("Spedizione")." <b>".$pr["id_spedizione_negozio"]; ?></b> -
Application/Views/Ordini/vedi_top_left.php:110	<br /><span class="text text-danger text-bold"><i class="fa fa-exclamation-circle"></i> <?php echo gtext("Richiesta di reso effettuata in data")?> <?php echo smartDate($pr["data_richiesta"], v("default_date_format")." H:i");?><br /><?php echo gtext("Identificativo richiesta");?>: <?php echo $pr["id_o_periodo_reso"];?></span>
Application/Views/Ordini/vedi_top_left.php:115	<a class="iframe label label-info" href="<?php echo $this->baseUrl."/ordiniperiodireso/form/insert/0";?>?partial=Y&id_o=<?php echo $ordine["id_o"];?>&nobuttons=Y"><i class="fa fa-plus-circle"></i> <?php echo gtext("Aggiungi periodo")?></a>
Application/Views/Ordini/gestisci_associato.php:37	<!-- 				<p><a class="<?php if (!partial()) { ?>iframe<?php } ?> btn btn-success" href="<?php echo $this->baseUrl."/combinazioni/main";?>?partial=Y<?php if (!partial()) { ?>&nobuttons=Y<?php } ?>&id_ordine=<?php echo $id;?><?php echo $queryListaRegalo;?>"><i class="fa fa-plus"></i> <?php echo gtext("Aggiungi articoli")?></a></p> -->
Application/Views/Ordini/gestisci_associato.php:42	<div class="callout callout-info"><?php echo gtext("Le righe dell'ordine non sono modificabili in quanto l'ordine non è più ad uno dei seguenti stati");?>: <b><?php echo StatiordineModel::getTitoliStati(v("stati_ordine_editabile_ed_eliminabile"));?></b></div>
Application/Views/Ordini/steps.php:5	<li <?php echo $posizioni['main'];?>><a href="<?php echo $this->baseUrl."/".$this->applicationUrl.$this->controller."/vedi/$id".$this->viewStatus;?>"><?php echo gtext("Dettagli");?></a></li>
Application/Views/Ordini/steps.php:30	<li <?php echo $posizioni['main'];?>><a href="<?php echo $this->baseUrl."/".$this->applicationUrl.$this->controller."/form/update/$id".$this->viewStatus;?>"><?php echo gtext("Dettagli");?></a></li>
Application/Views/Ordini/steps.php:32	<li <?php echo $posizioni['righe'];?>><a href="<?php echo $this->baseUrl."/".$this->applicationUrl.$this->controller."/righe/$id".$this->viewStatus;?>"><?php echo gtext("Righe ordine");?></a></li>
Application/Views/Ordini/vedi_storico.php:4	<h1><?php echo gtext("Storico delle modifiche agli stati dell'ordine");?></h1>
Application/Views/Ordini/vedi_storico.php:16	<?php echo gtext("Data ora");?>
Application/Views/Ordini/vedi_storico.php:19	<?php echo gtext("Stato");?>
Application/Views/Ordini/vedi_storico.php:22	<?php echo gtext("Utente admin");?>
Application/Views/pages_immagini.php:161	<span><?php echo gtext("SELEZIONA LE IMMAGINI");?></span>
Application/Views/header_marketing.php:12	<li class="header"><?php echo gtext("MENÙ GENSTIONE MARKETING");?></li>
Application/Views/Immagini/view.php:24	<b><?php echo gtext("Nome file");?></b>: <?php echo $records[$i]['immagini']['immagine'] ? $records[$i]['immagini']['immagine'] : "--";?><br />
Application/Views/Immagini/view.php:25	<b><?php echo gtext("Alt tag");?></b>: <?php echo $records[$i]['immagini']['alt_tag'] ? $records[$i]['immagini']['alt_tag'] : "--";?>
Application/Views/Immagini/view.php:27	<br /><b><?php echo gtext("Tipologia");?></b>: <?php echo ImmaginitipologieModel::sTitolo($records[$i]['immagini']['id_immagine_tipologia']);?>
Application/Views/Applicazioni/steps.php:6	<li <?php echo $posizioni['main'];?>><a href="<?php echo $this->baseUrl."/".$this->controller."/form/update/$id".$this->viewStatus;?>"><?php echo gtext("Dettagli");?></a></li>
Application/Views/Applicazioni/steps.php:8	<li <?php echo $posizioni['variabili'];?>><a href="<?php echo $this->baseUrl."/".$this->controller."/variabili/$id".$this->viewStatus;?>"><?php echo gtext("Configurazione");?></a></li>
Application/Views/Gallery/steps.php:9	<li <?php echo $posizioni['immagini'];?> ><a class="help_immagini" href="<?php echo $this->baseUrl."/".$this->applicationUrl.$this->controller."/immagini/$id_page".$this->viewStatus;?>"><?php echo gtext("Immagini");?></a></li>
Application/Views/pages_traduzioni.php:10	<th><?php echo gtext("Titolo");?></th>
Application/Views/pages_traduzioni.php:12	<th><?php echo gtext("Alias");?></th>
Application/Views/pages_traduzioni.php:14	<th><?php echo gtext("Lingua");?></th>
Application/Views/gestisci_associato_caratteristiche.php:3	<a class="btn btn-success iframe help_aggiungi_caratteristiche <?php if (!v("nuova_modalita_caratteristiche") || $aggiuntaLibera) { ?>pull-right<?php } ?>" href="<?php echo $this->baseUrl."/caratteristichevalori/main?id_page=$id_page&partial=Y&cl_on_sv=Y&id_tipo_car=".$this->viewArgs["id_tipo_car"];?>"><i class="fa fa-pencil"></i> <?php echo gtext("Gestisci caratteristiche");?></a>
Application/Views/gestisci_associato_caratteristiche.php:79	<button class="btn btn-primary make_spinner" name="insertAction" type="submit"><i class="fa fa-plus"></i> <?php echo gtext("Salva");?></button>
Application/Views/pages_link.php:4	<a class="pull-right label label-info" target="_blank" href="<?php echo Domain::$name."/".v("lingua_default_frontend")."$nazioneUrl/$urlPagina";?>"><?php echo gtext("Vedi pagina");?> <i class="fa fa-arrow-right"></i></a>
Application/Views/pages_link.php:7	<a class="label label-success" target="_blank" href="<?php echo Domain::$name."/".v("lingua_default_frontend")."$nazioneUrl/$urlPaginaEditFrontend";?>"><?php echo gtext("Edit pagina frontend");?> <i class="fa fa-pencil"></i></a>
Application/Views/Icone/steps.php:6	<li <?php echo $posizioni['main'];?>><a href="<?php echo $this->baseUrl."/".$this->controller."/form/update/$id_page".$this->viewStatus;?>"><?php echo gtext("Dettagli")?></a></li>
Application/Views/variabili.php:6	<h1><?php echo gtext("Gestione");?> <?php echo gtext($tabella);?>: <?php echo $titoloRecord;?></h1>
Application/Views/Pagamenti/form_scaffold_main.php:48	<?php echo gtext("Traduzioni");?>
Application/Views/Pagamenti/form_scaffold_main.php:62	<?php echo gtext("Parametri carta");?>
Application/Views/Marchi/form_scaffold_main.php:41	<button id="<?php echo $type;?>Action" class="btn btn-success make_spinner" name="<?php echo $type;?>Action" type="submit"><i class="fa fa-save"></i> <?php echo gtext("Salva");?></button>
Application/Views/Marchi/gestisci_associato.php:5	<p><a class="iframe btn btn-success" href="<?php echo $this->baseUrl."/documenti/form/insert";?>?partial=Y&nobuttons=N&id_page=0&id_user=0&id_marchio=<?php echo $id;?>"><i class="fa fa-plus-circle"></i> <?php echo gtext("Aggiungi")?></a></p>
Application/Views/Marchi/steps.php:6	<li <?php echo $posizioni['main'];?>><a href="<?php echo $this->baseUrl."/".$this->controller."/form/update/$id".$this->viewStatus;?>"><?php echo gtext("Dettagli");?></a></li>
Application/Views/Marchi/steps.php:7	<li <?php echo $posizioni['meta'];?>><a href="<?php echo $this->baseUrl."/".$this->controller."/meta/update/$id".$this->viewStatus;?>"><?php echo gtext("Meta");?></a></li>
Application/Views/Marchi/steps.php:9	<li <?php echo $posizioni['immagini'];?>><a class="help_immagini" href="<?php echo $this->baseUrl."/".$this->applicationUrl.$this->controller."/immagini/$id".$this->viewStatus;?>"><?php echo gtext("Immagini");?></a></li>
Application/Views/Marchi/steps.php:12	<li <?php echo $posizioni['documenti'];?>><a href="<?php echo $this->baseUrl."/".$this->applicationUrl.$this->controller."/documenti/$id".$this->viewStatus;?>"><?php echo gtext("Documenti");?></a></li>
Application/Views/Ticket/form_scaffold_main.php:6	<h4 class="text-bold" style="padding-bottom:10px;"><?php echo gtext("Dati generali ticket");?></h4>
Application/Views/Ticket/form_scaffold_main.php:18	<label class="uk-form-label"><?php echo gtext("Seleziona il prodotto");?> *</label>
Application/Views/Ticket/form_scaffold_main.php:21	<label class="uk-form-label"><?php echo gtext("Scrivi il numero seriale del prodotto");?></label>
Application/Views/Ticket/form_scaffold_main.php:36	<td><?php echo field($p, "title");?><br /><?php echo gtext("N.Seriale");?>: <b><?php echo $p["ticket_pages"]["numero_seriale"] ? $p["ticket_pages"]["numero_seriale"] : "--" ;?></b></td>
Application/Views/Ticket/form_scaffold_main.php:65	<h4 class="text-bold" style="padding-bottom:10px;"><?php echo gtext("Messaggi");?></h4>
Application/Views/Ticket/form_scaffold_main.php:75	<span class="description" style="margin-left:0px !important;"><?php echo gtext("Scritto in data");?> <?php echo date("d-m-Y H:i", strtotime($m["ticket_messaggi"]["data_creazione"]));?></span>
Application/Views/Ticket/form_scaffold_main.php:96	<?php echo gtext("file allegato");?>:
Application/Views/Ticket/form_scaffold_main.php:104	<span class="uk-text-italic uk-text-small">(<?php echo gtext("in elaborazione");?> <span uk-icon="icon: clock;ratio: 0.7"></span>)</span>
Application/Views/Ticket/form_scaffold_main.php:109	<?php echo gtext("File video eliminato a causa di problemi nella compressione.")?>
Application/Views/Ticket/form_scaffold_main.php:117	<a href="<?php echo $this->baseUrl."/ticketmessaggi/form/insert?cl_on_sv=Y&partial=Y&nobuttons=Y&id_ticket=".(int)$id;?>" class="iframe btn btn-primary pull-right"><i class="fa fa-plus"></i> <?php echo gtext("Aggiungi messaggio");?></a>
Application/Views/Ticket/gestisci_associato.php:5	<p><a class="iframe btn btn-success" href="<?php echo $this->baseUrl."/ticketfile/form/insert";?>?cl_on_sv=Y&partial=Y&nobuttons=N&id_ticket=<?php echo $id;?>"><i class="fa fa-plus"></i> <?php echo gtext("Aggiungi immagine");?></a></p>
Application/Views/Ticket/steps.php:16	<td><?php echo gtext("Stato");?>:</td>
Application/Views/Ticket/steps.php:22	<td><?php echo gtext("Data invio");?>:</td>
Application/Views/Ticket/steps.php:28	<td><?php echo gtext("Fonte ticket");?>:</td>
Application/Views/Ticket/steps.php:33	(<?php echo gtext("creato da");?>: <i><?php echo $recordTicket["adminusers"]["username"];?></i>)
Application/Views/Ticket/steps.php:35	(<?php echo gtext("creato in autonomia dal cliente");?>)
Application/Views/Ticket/steps.php:40	<td><?php echo gtext("Cliente");?>:</td>
Application/Views/Ticket/steps.php:42	<a class="iframe label label-info pull-right" href="<?php echo $this->baseUrl."/regusers/form/update/".$recordTicket["regusers"]["id_user"];?>?partial=Y&nobuttons=Y"><i class="fa fa-user"></i> <?php echo gtext("dettagli cliente");?></a>
Application/Views/Ticket/steps.php:50	<td><?php echo gtext("Ordine");?>:</td>
Application/Views/Ticket/steps.php:60	<td><?php echo gtext("Lista regalo");?>:</td>
Application/Views/Ticket/steps.php:75	<th><?php echo gtext("Modifica lo stato del ticket")?></th>
Application/Views/Ticket/steps.php:78	<?php echo gtext("Mostra stati");?>
Application/Views/Ticket/steps.php:115	<li <?php echo $posizioni['main'];?>><a href="<?php echo $this->baseUrl."/".$this->controller."/form/update/$id".$this->viewStatus;?>"><?php echo gtext("Dettagli");?></a></li>
Application/Views/Ticket/steps.php:116	<li <?php echo $posizioni['immagini'];?>><a href="<?php echo $this->baseUrl."/".$this->controller."/immagini/$id".$this->viewStatus;?>"><?php echo gtext("Immagini e video");?></a></li>
Application/Views/Ticket/nuovo.php:4	<h1><?php echo gtext("Creazione nuovo ticket");?></h1>
Application/Views/Ticket/nuovo.php:13	<div class="callout callout-info"><?php echo gtext("Crea un nuovo ticket partendo da un cliente esistente.");?><br /><?php echo gtext("Se non selezioni alcun cliente, verrai automaticamente diretto alla creazione di un nuovo cliente.");?></div>
Application/Views/Ticket/nuovo.php:17	<button class="submit_file btn btn-success btn-sm make_spinner" type="submit" name="nuovoAction" value="Aggiungi"><?php echo gtext("Procedi");?> <i class="fa fa-arrow-right"></i></button>
Application/Views/Caratteristiche/form_scaffold_main.php:42	<?php echo gtext("Traduzioni"); ?>
Application/Views/Blog/steps.php:12	<li <?php echo $posizioni['main'];?>><a href="<?php echo $this->baseUrl."/".$this->controller."/form/update/$id_page".$viewStatusTutti;?>"><?php echo gtext("Dettagli");?></a></li>
Application/Views/Blog/steps.php:14	<li <?php echo $posizioni['tag'];?>><a class="help_tag_prodotto" href="<?php echo $this->baseUrl."/".$this->applicationUrl.$this->controller."/tag/$id_page".$viewStatusTutti;?>"><?php echo gtext("Tag");?></a></li>
Application/Views/Blog/steps.php:17	<li <?php echo $posizioni['testi'];?>><a href="<?php echo $this->baseUrl."/".$this->controller."/testi/$id_page".$viewStatusTutti;?>"><?php echo gtext("Contenuti");?></a></li>
Application/Views/Blog/steps.php:19	<li <?php echo $posizioni['immagini'];?>><a href="<?php echo $this->baseUrl."/".$this->controller."/immagini/$id_page".$viewStatusTutti;?>"><?php echo gtext("Immagini");?></a></li>
Application/Views/Blog/steps.php:20	<li <?php echo $posizioni['meta'];?>><a href="<?php echo $this->baseUrl."/".$this->controller."/meta/$id_page".$viewStatusTutti;?>"><?php echo gtext("Meta");?></a></li>
Application/Views/Blog/steps.php:22	<li <?php echo $posizioni['prod_corr'];?>><a href="<?php echo $this->baseUrl."/".$this->controller."/correlati/$id_page".$viewStatusTutti;?>"><?php echo gtext("Notizie correlate");?></a></li>
Application/Views/Blog/steps.php:25	<li <?php echo $posizioni['link'];?>><a href="<?php echo $this->baseUrl."/".$this->controller."/link/$id_page".$viewStatusTutti;?>"><?php echo gtext("Link");?></a></li>
Application/Views/Blog/steps.php:28	<li <?php echo $posizioni['lingue'];?>><a href="<?php echo $this->baseUrl."/".$this->applicationUrl.$this->controller."/lingue/$id_page".$viewStatusTutti;?>"><?php echo gtext("Lingue");?></a></li>
Application/Views/Blog/pages_form.php:63	<?php echo gtext("Video");?>
Application/Views/Blog/pages_form.php:80	<?php echo gtext("Visibilità");?>
Application/Views/Blog/pages_form.php:100	<?php echo gtext("Traduzioni");?>
Application/Views/Categorie/gestisci_associato.php:21	<p><a class="iframe btn btn-success" href="<?php echo $this->baseUrl."/caratteristiche/main";?>?partial=Y&nobuttons=N&id_c=<?php echo $id;?>"><i class="fa fa-plus-square-o"></i> <?php echo gtext("Aggiungi filtro");?></a></p>
Application/Views/Categorie/gestisci_associato.php:28	<?php echo gtext("In questa scheda è possibile specificare le nazioni in cui i prodotti di questa categoria possono essere spediti.") ?><br />
Application/Views/Categorie/gestisci_associato.php:29	<b><?php echo gtext("Se non è inclusa alcuna nazione significa che i prodotti di questa categoria sono spedibili in tutte le nazioni attive.") ?></b>
Application/Views/Categorie/gestisci_associato.php:32	<p><a class="btn btn-success iframe" href="<?php echo $this->baseUrl."/nazioni/main?id_c=$id&partial=Y&cl_on_sv=Y&nobuttons=Y";?>"><i class="fa fa-plus"></i> <?php echo gtext("Aggiungi nazione");?></a></p>
Application/Views/Categorie/categories_steps.php:6	<li <?php echo $posizioni['main'];?>><a href="<?php echo $this->baseUrl."/".$this->applicationUrl.$this->controller."/form/update/$id".$this->viewStatus;?>"><?php echo gtext("Dettagli");?></a></li>
Application/Views/Categorie/categories_steps.php:8	<li <?php echo $posizioni['contenuti'];?>><a href="<?php echo $this->baseUrl."/".$this->applicationUrl.$this->controller."/contenuti/$id".$this->viewStatus;?>"><?php echo gtext("Fasce");?></a></li>
Application/Views/Categorie/categories_steps.php:10	<li <?php echo $posizioni['meta'];?>><a class="help_meta" href="<?php echo $this->baseUrl."/".$this->applicationUrl.$this->controller."/meta/$id".$this->viewStatus;?>"><?php echo gtext("Meta");?></a></li>
Application/Views/Categorie/categories_steps.php:12	<li <?php echo $posizioni['immagini'];?>><a class="help_immagini" href="<?php echo $this->baseUrl."/".$this->applicationUrl.$this->controller."/immagini/$id".$this->viewStatus;?>"><?php echo gtext("Immagini");?></a></li>
Application/Views/Categorie/categories_steps.php:15	<li <?php echo $posizioni['classisconto'];?>><a href="<?php echo $this->baseUrl."/".$this->applicationUrl.$this->controller."/classisconto/$id".$this->viewStatus;?>"><?php echo gtext("Classi sconto applicate");?></a></li>
Application/Views/Categorie/categories_steps.php:18	<li <?php echo $posizioni['gruppi'];?>><a href="<?php echo $this->baseUrl."/".$this->applicationUrl.$this->controller."/gruppi/$id".$this->viewStatus;?>"><?php echo gtext("Accessibilità");?></a></li>
Application/Views/Categorie/categories_steps.php:21	<li <?php echo $posizioni['caratteristiche'];?>><a href="<?php echo $this->baseUrl."/".$this->applicationUrl.$this->controller."/caratteristiche/$id".$this->viewStatus;?>"><?php echo gtext("Filtri");?></a></li>
Application/Views/Categorie/categories_steps.php:24	<li <?php echo $posizioni['nazioni'];?>><a href="<?php echo $this->baseUrl."/".$this->applicationUrl.$this->controller."/nazioni/$id".$this->viewStatus;?>"><?php echo gtext("Nazioni spedizione");?></a></li>
Application/Views/header_ecommerce.php:11	<li class="header"><?php echo gtext("MENÙ GENSTIONE ECOMMERCE");?></li>
Application/Views/immagini.php:158	<span><?php echo gtext("SELEZIONA LE IMMAGINI");?></span>
Application/Views/form_submit_button_continua.php:4	<button id="<?php echo $type;?>Action" class="btn btn-info make_spinner" name="<?php echo $type;?>Action" type="submit"><?php echo gtext("Crea");?> <i class="fa fa-arrow-right"></i></button>
Application/Views/Upload/main.php:78	<b><?php echo gtext("Carica file");?>:</b>
Application/Views/Upload/main.php:93	<b><?php echo gtext("Crea una cartella");?>:</b>
Application/Views/Upload/main.php:107	<td class="second"><?php echo gtext("Current directory");?>: <b><?php echo $base."/".$currentDir;?></b></td>
Application/Views/Upload/main.php:120	<td><?php echo gtext("Folder name");?>:<br /><b><?php echo $folder;?></b></td>
Application/Views/main.php:6	<h1><?php echo gtext("Gestione");?> <?php echo gtext($tabella);?> <?php include($this->viewPath("link_manuale"));?></h1>
Application/Views/Cookiearchivio/carica.php:4	<h1><?php echo gtext("Carica i cookie")?></h1>
Application/Views/Eventi/pages_form.php:98	<?php echo gtext("Social");?>
Application/Views/Immaginiarchivi/view.php:24	<b><?php echo gtext("Nome file");?></b>: <?php echo $records[$i]['immagini_archivi']['immagine'] ? $records[$i]['immagini_archivi']['immagine'] : "--";?><br />
Application/Views/Immaginiarchivi/view.php:25	<b><?php echo gtext("Alt tag");?></b>: <?php echo $records[$i]['immagini_archivi']['alt_tag'] ? $records[$i]['immagini_archivi']['alt_tag'] : "--";?>
Application/Views/Immaginiarchivi/view.php:27	<br /><b><?php echo gtext("Tipologia");?></b>: <?php echo ImmaginitipologieModel::sTitolo($records[$i]['immagini_archivi']['id_immagine_tipologia']);?>
Application/Views/pages_attributi.php:61	<h1><?php echo gtext("Gestione");?> <?php echo $tabella;?>: <?php echo $titoloPagina; ?></h1>
Application/Views/pages_attributi.php:81	<a style="margin-bottom:10px;" class="iframe btn btn-success pull-right" href="<?php echo $this->baseUrl."/attributi/main";?>?partial=Y&nobuttons=N&id_page=<?php echo $id_page;?>"><i class="fa fa-pencil"></i> <?php echo gtext("Gestisci varianti")?></a>
Application/Views/pages_attributi.php:86	<button class="submit_file btn btn-primary make_spinner" type="submit"><i class="fa fa-plus"></i> <?php echo gtext("Aggiungi");?></button>
Application/Views/pages_attributi.php:107	<span class="label label-info"><?php echo gtext("Non è stata associata alcuna variante");?></span>
Application/Views/pages_attributi.php:120	<a style="margin-bottom:10px;" class="pull-right iframe btn btn-primary help_modifica_combinazioni" href="<?php echo $this->baseUrl."/combinazioni/main/1?partial=Y&id_page=$id_page";?>"><i class="fa fa-edit"></i> <?php echo gtext("Gestisci combinazioni");?></a>
Application/Views/pages_attributi.php:123	<a style="margin-bottom:10px;margin-right:10px;" class="pull-right link_aggiorna_combinazioni btn btn-warning make_spinner" href="<?php echo $this->baseUrl."/".$this->applicationUrl.$this->controller."/attributi/$id_page".$this->viewStatus;?>&action=aggiorna&csrf=<?php echo User::$csrfToken;?>"><i class="fa fa-refresh"></i> <?php echo gtext("Aggiorna combinazioni");?></a>
Application/Views/pages_attributi.php:126	<a style="margin-bottom:10px;margin-right:10px;display:none;" class="pull-right btn btn-success btn_modifica_attributi help_salva_combinazioni" href="#"><i class="fa fa-save"></i> <?php echo gtext("Salva combinazioni");?></a>
Application/Views/pages_attributi.php:129	<b><?php echo gtext("Combinazioni di questo prodotto");?></b>
Application/Views/Categories/categories_steps.php:6	<li <?php echo $posizioni['main'];?>><a href="<?php echo $this->baseUrl."/".$this->controller."/form/update/$id".$this->viewStatus;?>"><?php echo gtext("Dettagli");?></a></li>
Application/Views/Categories/categories_steps.php:8	<li <?php echo $posizioni['contenuti'];?>><a href="<?php echo $this->baseUrl."/".$this->controller."/contenuti/$id".$this->viewStatus;?>"><?php echo gtext("Fasce");?></a></li>
Application/Views/Categories/categories_steps.php:10	<li <?php echo $posizioni['meta'];?>><a href="<?php echo $this->baseUrl."/".$this->controller."/meta/$id".$this->viewStatus;?>"><?php echo gtext("Meta");?></a></li>
Application/Views/Categories/categories_steps.php:12	<li <?php echo $posizioni['gruppi'];?>><a href="<?php echo $this->baseUrl."/".$this->controller."/gruppi/$id".$this->viewStatus;?>"><?php echo gtext("Gruppi");?></a></li>
Application/Views/box_assistente_ai.php:10	<?php echo gtext("Assistente testi IA");?>
Application/Views/box_assistente_ai.php:13	<a href="<?php echo $this->baseUrl."/airichieste/form/insert/0?$labelIdEl=$idAiRichiesta&partial=Y";?>" class="btn btn-info iframe"><i class="fa  fa-commenting-o"></i> <?php echo gtext("Apri l'assistente IA")?></a>
Application/Views/Gestionali/form_scaffold_main.php:28	<a class="ajlink pull-right make_spinner badge" href="<?php echo $this->baseUrl."/gestionali/infoaccount"; ?>"><i class="fa fa-refresh"></i> <?php echo gtext("aggiorna");?></a>
Application/Views/Gestionali/form_scaffold_main.php:29	<?php echo gtext("Info gestionale");?>
Application/Views/Gestionali/form_scaffold_main.php:37	<?php echo gtext("Info account non presente, si prega di generarlo con il pulsante aggiorna.");?>
Application/Views/Gestionali/steps.php:6	<li <?php echo $posizioni['main'];?>><a href="<?php echo $this->baseUrl."/".$this->controller."/form/update/$id".$this->viewStatus;?>"><?php echo gtext("Dettagli");?></a></li>
Application/Views/Gestionali/steps.php:7	<li <?php echo $posizioni['opzioni'];?>><a href="<?php echo $this->baseUrl."/".$this->controller."/opzioni/$id".$this->viewStatus;?>"><?php echo gtext("Opzioni gestionale");?></a></li>
Application/Views/Documenti/steps.php:6	<li <?php echo $posizioni['main'];?>><a href="<?php echo $this->baseUrl."/".$this->applicationUrl.$this->controller."/form/update/$id".$this->viewStatus;?>"><?php echo gtext("Dettagli");?></a></li>
Application/Views/Documenti/steps.php:8	<li <?php echo $posizioni['lingue'];?>><a href="<?php echo $this->baseUrl."/".$this->applicationUrl.$this->controller."/lingue/$id".$this->viewStatus;?>"><?php echo gtext("Altre lingue");?></a></li>
Application/Views/Documenti/steps.php:11	<li <?php echo $posizioni['gruppi'];?>><a href="<?php echo $this->baseUrl."/".$this->applicationUrl.$this->controller."/gruppi/$id".$this->viewStatus;?>"><?php echo gtext("Accessi");?></a></li>
Application/Views/Documenti/steps.php:24	<li <?php echo $posizioni['main'];?>><a href="<?php echo $this->baseUrl."/".$this->applicationUrl.$this->controller."/form/insert/0".$this->viewStatus;?>"><?php echo gtext("Carica singolo");?></a></li>
Application/Views/Documenti/steps.php:26	<li <?php echo $posizioni['caricamolti'];?>><a href="<?php echo $this->baseUrl."/".$this->applicationUrl.$this->controller."/caricamolti/0".$this->viewStatus;?>"><?php echo gtext("Carica molti");?></a></li>
Application/Views/Documenti/steps.php:28	<li <?php echo $posizioni['caricazip'];?>><a href="<?php echo $this->baseUrl."/".$this->applicationUrl.$this->controller."/caricazip/0".$this->viewStatus;?>"><?php echo gtext("Carica ZIP");?></a></li>
Application/Views/Documenti/carica_molti.php:56	<h1><?php echo gtext("Gestione");?> <?php echo gtext($tabella);?>: <?php echo isset($caricaZip) ? gtext("carica uno o più file compressi") : gtext("carica molti elementi");?></h1>
Application/Views/form.php:49	<h1><?php if (!showreport()) { ?><?php echo gtext("Gestione");?><?php } else { ?><?php echo gtext("Visualizzazione");?><?php } ?> <?php echo gtext($tabella);?>: <?php echo $titoloRecord;?></h1>
Application/Views/header_acquisti.php:11	<li class="header"><?php echo gtext("MENÙ GENSTIONE ACQUISTI");?></li>
Application/Views/gestisci_associato_lingue.php:4	<?php echo gtext("In questa scheda vengono definite le lingue in cui il prodotto/pagina è visibile.") ?>
Application/Views/gestisci_associato_lingue.php:5	<?php echo gtext("È possibile includere o escludere lingue.") ?>
Application/Views/gestisci_associato_lingue.php:6	<b><?php echo gtext("Se non è inclusa alcuna lingua significa che il prodotto/pagina è visibile in tutte le lingue.") ?></b>
Application/Views/header_sito.php:12	<li class="header"><?php echo gtext("MENÙ GESTIONE SITO")?></li>
Application/Views/Groups/gestisci_associato.php:5	<a class="btn btn-success iframe" href="<?php echo $this->baseUrl."/controllers/main?id_group=$id&partial=Y&cl_on_sv=Y";?>"><i class="fa fa-plus"></i> <?php echo gtext("Aggiungi sezione");?></a>
Application/Views/Groups/steps.php:6	<li <?php echo $posizioni['main'];?>><a href="<?php echo $this->baseUrl."/".$this->controller."/form/update/$id".$this->viewStatus;?>"><?php echo gtext("Dettagli");?></a></li>
Application/Views/Groups/steps.php:8	<li <?php echo $posizioni['controllers'];?>><a href="<?php echo $this->baseUrl."/".$this->controller."/controllers/$id".$this->viewStatus;?>"><?php echo gtext("Sezioni");?></a></li>
Application/Views/pages_correlati.php:45	<button class="submit_file btn btn-primary btn-sm make_spinner" type="submit" name="insertAction" value="Aggiungi"><i class="fa fa-save"></i> <?php echo gtext("Aggiungi");?></button>
Application/Views/pages_top.php:5	<h1><?php echo gtext("Gestione");?> <?php echo gtext($tabella);?>: <?php if (strcmp($type,"update") === 0) { echo $titoloPagina; } else { echo gtext("inserimento nuovo elemento");}?></h1>
Application/Views/Faq/pages_form.php:7	<h1><?php echo gtext("Gestione");?> <?php echo $tabella;?>: <?php if (strcmp($type,"update") === 0) { echo $titoloPagina; } else { echo gtext("inserimento nuovo elemento");}?></h1>
Application/Views/Righe/daordinare_filtri.php:16	<i class="fa fa-plus"></i> <?php echo gtext("Crea ordine");?>
Application/Views/Help/gestisci_associato.php:4	<p><a class="iframe btn btn-success" href="<?php echo $this->baseUrl."/helpitem/form/insert";?>?partial=Y&nobuttons=N&id_help=<?php echo $id;?>"><i class="fa fa-plus-circle"></i> <?php echo gtext("Aggiungi elemento")?></a></p>
Application/Views/Help/steps.php:6	<li <?php echo $posizioni['main'];?>><a href="<?php echo $this->baseUrl."/".$this->controller."/form/update/$id".$this->viewStatus;?>"><?php echo gtext("Dettagli");?></a></li>
Application/Views/Help/steps.php:7	<li <?php echo $posizioni['elementi'];?>><a href="<?php echo $this->baseUrl."/".$this->controller."/elementi/$id".$this->viewStatus;?>"><?php echo gtext("Elementi");?></a></li>
Application/Views/Help/pdf.php:38	<?php echo gtext("Scaricato il");?> <span style="font-weight: bold;o">{DATE d/m/Y}</span>
Application/Views/Pagine/gestisci_associato.php:5	<p><a class="iframe btn btn-success" href="<?php echo $this->baseUrl."/contenuti/form/insert";?>?partial=Y&nobuttons=N&id_page=<?php echo $id_page;?>"><?php echo gtext("Aggiungi fascia");?></a></p>
Application/Views/Pagine/steps.php:12	<li <?php echo $posizioni['main'];?>><a href="<?php echo $this->baseUrl."/".$this->controller."/form/update/$id_page".$viewStatusTutti;?>"><?php echo gtext("Dettagli");?></a></li>
Application/Views/Pagine/steps.php:14	<li <?php echo $posizioni['immagini'];?> ><a class="help_immagini" href="<?php echo $this->baseUrl."/".$this->applicationUrl.$this->controller."/immagini/$id_page".$viewStatusTutti;?>"><?php echo gtext("Immagini");?></a></li>
Application/Views/Pagine/steps.php:17	<li <?php echo $posizioni['testi'];?>><a href="<?php echo $this->baseUrl."/".$this->controller."/testi/$id_page".$viewStatusTutti;?>"><?php echo gtext("Contenuti");?></a></li>
Application/Views/Pagine/steps.php:20	<li <?php echo $posizioni['contenuti'];?>><a href="<?php echo $this->baseUrl."/".$this->controller."/contenuti/$id_page".$viewStatusTutti;?>"><?php echo gtext("Fasce");?></a></li>
Application/Views/Pagine/steps.php:22	<li <?php echo $posizioni['meta'];?>><a href="<?php echo $this->baseUrl."/".$this->controller."/meta/$id_page".$viewStatusTutti;?>"><?php echo gtext("Meta");?></a></li>
Application/Views/Pagine/pages_form.php:62	<?php echo gtext("Visibilità");?>
Application/Views/Pagine/pages_form.php:77	<?php echo gtext("Traduzioni");?>
Application/Views/Eventicat/categories_steps.php:6	<li <?php echo $posizioni['main'];?>><a href="<?php echo $this->baseUrl."/".$this->controller."/form/update/$id".$this->viewStatus;?>"><?php echo gtext("Dettagli");?></a></li>
Application/Views/Eventicat/categories_steps.php:7	<li <?php echo $posizioni['meta'];?>><a href="<?php echo $this->baseUrl."/".$this->controller."/meta/$id".$this->viewStatus;?>"><?php echo gtext("Meta");?></a></li>
Application/Views/Testi/form_scaffold_main.php:111	<button id="<?php echo $type;?>Action" class="btn btn-success make_spinner" name="<?php echo $type;?>Action" type="submit"><i class="fa fa-save"></i> <?php echo gtext("Salva");?></button>
Application/Apps/Acquisti/Views/form_submit_button.php:4	<button id="<?php echo $type;?>Action" class="btn btn-primary btn-rounded make_spinner" name="<?php echo $type;?>Action" type="submit"><i class="fa fa-save"></i> <?php echo gtext("Salva");?></button>
Application/Apps/Acquisti/Views/header.php:68	closeText: '<?php echo gtext("Chiudi");?>',
Application/Apps/Acquisti/Views/header.php:69	prevText: '&#x3c;<?php echo gtext("Prec");?>',
Application/Apps/Acquisti/Views/header.php:70	nextText: '<?php echo gtext("Succ");?>&#x3e;',
Application/Apps/Acquisti/Views/header.php:71	currentText: '<?php echo gtext("Oggi");?>',
Application/Apps/Acquisti/Views/header.php:72	monthNames: ['<?php echo gtext("Gennaio");?>','<?php echo gtext("Febbraio");?>','<?php echo gtext("Marzo");?>','<?php echo gtext("Aprile");?>','<?php echo gtext("Maggio");?>','<?php echo gtext("Giugno");?>','<?php echo gtext("Luglio");?>','<?php echo gtext("Agosto");?>','<?php echo gtext("Settembre");?>','<?php echo gtext("Ottobre");?>','<?php echo gtext("Novembre");?>','<?php echo gtext("Dicembre");?>'],
Application/Apps/Acquisti/Views/header.php:77	dayNamesMin: ['<?php echo gtext("Do");?>','<?php echo gtext("Lu");?>','<?php echo gtext("Ma");?>','<?php echo gtext("Me");?>','<?php echo gtext("Gi");?>','<?php echo gtext("Ve");?>','<?php echo gtext("Sa");?>'],
Application/Apps/Acquisti/Views/header.php:132	<li><a href="<?php echo $this->baseUrl."/acquisti/fornitoriacquisti/form/insert/0";?>"><i class="fa fa-plus-circle"></i> <?php echo gtext("Aggiungi fornitore");?></a></li>
Application/Apps/Acquisti/Views/header.php:133	<li <?php if ($this->controller === "fornitoriacquisti" && $this->action == "main") { ?>class="active"<?php } ?>><a href="<?php echo $this->baseUrl."/acquisti/fornitoriacquisti/main/1";?>"><i class="fa fa-list"></i> <?php echo gtext("Lista fornitori");?></a></li>
Application/Apps/Acquisti/Views/header.php:134	<li <?php if ($this->controller === "magazzinoarticolilistiniacquisti" && $this->action == "main") { ?>class="active"<?php } ?>><a href="<?php echo $this->baseUrl."/acquisti/magazzinoarticolilistiniacquisti/main/1";?>"><i class="fa fa-list"></i> <?php echo gtext("Listini");?></a></li>
Application/Apps/Acquisti/Views/header.php:140	<i class="fa fa-bell"></i> <span><?php echo gtext("Da ordinare");?></span>
Application/Apps/Acquisti/Views/header.php:155	<li><a href="<?php echo $this->baseUrl."/acquisti/ordiniacquistoacquisti/form/insert/0";?>"><i class="fa fa-plus-circle"></i> <?php echo gtext("Aggiungi ordine");?></a></li>
Application/Apps/Acquisti/Views/header.php:157	<li <?php if ($this->controller === "ordiniacquistoacquisti" && $this->action == "main") { ?>class="active"<?php } ?>><a href="<?php echo $this->baseUrl."/acquisti/ordiniacquistoacquisti/main/1";?>"><i class="fa fa-list"></i> <?php echo gtext("Lista ordini");?></a></li>
Application/Apps/Acquisti/Views/header.php:162	<?php echo gtext("Righe acquisti"); ?>
Application/Apps/Acquisti/Views/header.php:173	<a href="#" aria-expanded="true"><i class="fa fa-upload"></i> <span class="nav-label"><?php echo gtext("Ricezioni");?></span><span class="fa arrow"></span></a>
Application/Apps/Acquisti/Views/header.php:175	<li><a href="<?php echo $this->baseUrl."/acquisti/ordiniacquistoricezioniacquisti/form/insert/0";?>"><i class="fa fa-plus-circle"></i> <?php echo gtext("Aggiungi ricezione");?></a></li>
Application/Apps/Acquisti/Views/header.php:176	<li <?php if ($this->controller === "ordiniacquistoricezioniacquisti" && $this->action == "main") { ?>class="active"<?php } ?>><a href="<?php echo $this->baseUrl."/acquisti/ordiniacquistoricezioniacquisti/main/1";?>"><i class="fa fa-list"></i> <?php echo gtext("Lista ricezioni");?></a></li>
Application/Apps/Acquisti/Views/header.php:182	<a href="#" aria-expanded="true"><i class="fa fa-archive"></i> <span class="nav-label"><?php echo gtext("Articoli magazzino");?></span><span class="fa arrow"></span></a>
Application/Apps/Acquisti/Views/header.php:184	<li <?php if ($this->controller === "magazzinoarticoliacquisti" && $this->action == "main") { ?>class="active"<?php } ?>><a href="<?php echo $this->baseUrl."/acquisti/magazzinoarticoliacquisti/main/1";?>"><i class="fa fa-list"></i> <?php echo gtext("Lista articoli");?></a></li>
Application/Apps/Acquisti/Views/header.php:189	<a href="#" aria-expanded="true"><i class="fa fa-check-square-o"></i> <span class="nav-label"><?php echo gtext("Stati ordine");?></span><span class="fa arrow"></span></a>
Application/Apps/Acquisti/Views/header.php:191	<li><a href="<?php echo $this->baseUrl."/acquisti/ordiniacquistostatiacquisti/form/insert/0";?>"><i class="fa fa-plus-circle"></i> <?php echo gtext("Aggiungi stato");?></a></li>
Application/Apps/Acquisti/Views/header.php:192	<li <?php if ($this->controller === "ordiniacquistostatiacquisti" && $this->action == "main") { ?>class="active"<?php } ?>><a href="<?php echo $this->baseUrl."/acquisti/ordiniacquistostatiacquisti/main/1";?>"><i class="fa fa-list"></i> <?php echo gtext("Lista stati");?></a></li>
Application/Apps/Acquisti/Views/header.php:269	<li><a href="<?php echo $this->baseUrl.'/acquisti/passwordacquisti/form';?>"><span class="glyphicon glyphicon-cog"></span> <?php echo gtext("Modifica password")?></a></li>
Application/Apps/Acquisti/Views/header.php:270	<li><a href="<?php echo $this->baseUrl.'/acquisti/usersacquisti/logout';?>"><span class="glyphicon glyphicon-off"></span> <?php echo gtext("Esci")?></a></li>
Application/Apps/Acquisti/Views/associati.php:11	<h2><?php echo gtext("Gestione");?> <?php echo gtext($tabella);?>: <?php echo $titoloRecord;?></h2>
Application/Apps/Acquisti/Views/Righeacquisti/daordinare_filtri.php:16	<i class="fa fa-plus"></i> <?php echo gtext("Crea ordine");?>
Application/Apps/Acquisti/Views/footer.php:20	<button type="button" class="btn btn-default btn-rounded" data-dismiss="modal"><?php echo gtext("Chiudi");?></button>
Application/Apps/Acquisti/Views/Fornitoriacquisti/gestisci_associato.php:4	<p><a class="iframe btn btn-primary btn-rounded pull-right" href="<?php echo $this->baseUrl."/acquisti/fornitoricontattiacquisti/form/insert";?>?partial=Y&nobuttons=N&id_fornitore_insert=<?php echo $id;?>"><i class="fa fa-plus-circle"></i> <?php echo gtext("Aggiungi contatto");?></a></p><br />
Application/Apps/Acquisti/Views/Fornitoriacquisti/gestisci_associato.php:8	<p><a class="iframe btn btn-primary btn-rounded pull-right" href="<?php echo $this->baseUrl."/acquisti/fornitoriimportacquisti/form/insert";?>?partial=Y&nobuttons=N&id_fornitore_insert=<?php echo $id;?>"><i class="fa fa-plus-circle"></i> <?php echo gtext("Aggiungi listino");?></a></p><br />
Application/Apps/Acquisti/Views/Fornitoriacquisti/steps.php:9	<li <?php echo $posizioni['main'];?>><a href="<?php echo $this->baseUrl."/".$this->applicationUrl.$this->controller."/form/update/$id".$this->viewStatus;?>"><?php echo gtext("Dettagli");?></a></li>
Application/Apps/Acquisti/Views/Fornitoriacquisti/steps.php:10	<li <?php echo $posizioni['contatti'];?>><a href="<?php echo $this->baseUrl."/".$this->applicationUrl.$this->controller."/contatti/$id".$this->viewStatus;?>"><?php echo gtext("Contatti");?></a></li>
Application/Apps/Acquisti/Views/Fornitoriacquisti/steps.php:11	<li <?php echo $posizioni['listino'];?>><a href="<?php echo $this->baseUrl."/".$this->applicationUrl.$this->controller."/listino/$id".$this->viewStatus;?>"><?php echo gtext("Listino");?></a></li>
Application/Apps/Acquisti/Views/Fornitoriacquisti/steps.php:12	<li <?php echo $posizioni['import'];?>><a href="<?php echo $this->baseUrl."/".$this->applicationUrl.$this->controller."/import/$id".$this->viewStatus;?>"><?php echo gtext("Import");?></a></li>
Application/Apps/Acquisti/Views/Ordiniacquistoricezioniacquisti/gestisci_associato_pulsante_righe.php:10	<button url-aggiungi="acquisti/ordiniacquistorigheacquisti/main" class="submit_file btn btn-success btn-rounded btn-sm aggiungi_riga_a_ordine_acquisto_ricezione" type="submit" name="insertAction" value="<?php echo gtext("Aggiungi riga")?>"><i class="fa fa-plus"></i> <?php echo gtext("Aggiungi riga");?></button>
Application/Apps/Acquisti/Views/Ordiniacquistoricezioniacquisti/gestisci_associato_pulsante_righe.php:12	<button url-aggiungi="acquisti/ordiniacquistoacquisti/main" class="submit_file btn btn-primary btn-rounded btn-sm aggiungi_ordine_acquisto_a_ordine_acquisto_ricezione" type="submit" name="insertAction" value="<?php echo gtext("Aggiungi ordine")?>"><i class="fa fa-plus"></i> <?php echo gtext("Aggiungi ordine");?></button>
Application/Apps/Acquisti/Views/Ordiniacquistoricezioniacquisti/gestisci_associato.php:6	<a class="iframe pull-right btn btn-sm btn-default btn-rounded" href="<?php echo $this->baseUrl."/acquisti/magazzinoarticoliacquisti/main/1?id_ordine_acquisto_ricezione=$id&partial=Y&nobuttons=Y";?>"><i class="fa fa-plus"></i> <?php echo gtext("Articolo non in ordine");?></a>
Application/Apps/Acquisti/Views/Ordiniacquistoricezioniacquisti/gestisci_associato.php:12	<div class="callout callout-info"><?php echo gtext("Le righe della ricezione non sono modificabili in quanto la ricezione è stata chiusa");?></b></div>
Application/Apps/Acquisti/Views/Ordiniacquistoricezioniacquisti/steps.php:11	<li <?php echo $posizioni['main'];?>><a href="<?php echo $this->baseUrl."/".$this->applicationUrl.$this->controller."/form/update/$id".$this->viewStatus;?>"><?php echo gtext("Dettagli");?></a></li>
Application/Apps/Acquisti/Views/Ordiniacquistoricezioniacquisti/steps.php:12	<li <?php echo $posizioni['righe'];?>><a href="<?php echo $this->baseUrl."/".$this->applicationUrl.$this->controller."/righe/$id".$this->viewStatus;?>"><?php echo gtext("Righe");?></a></li>
Application/Apps/Acquisti/Views/main.php:17	<h2><?php echo gtext("Gestione");?> <?php echo gtext($tabella);?> <?php include($this->viewPath("link_manuale"));?></h2>
Application/Apps/Acquisti/Views/Ordiniacquistoacquisti/seleziona_contatto.php:5	<h1><?php echo gtext("Seleziona il contatto a cui inviare l'ordine di acquisto");?></h1>
Application/Apps/Acquisti/Views/Ordiniacquistoacquisti/seleziona_contatto.php:23	<i class="fa fa-envelope"></i> <?php echo gtext("Invia");?>
Application/Apps/Acquisti/Views/Ordiniacquistoacquisti/gestisci_associato_pulsante_righe.php:12	<button url-aggiungi="acquisti/magazzinoarticoliacquisti/main" class="submit_file btn btn-primary btn-rounded btn-sm aggiungi_articolo_a_ordine_acquisto" type="submit" name="insertAction" value="<?php echo gtext("Aggiungi articolo")?>"><i class="fa fa-plus"></i> <?php echo gtext("Aggiungi articolo");?></button>
Application/Apps/Acquisti/Views/Ordiniacquistoacquisti/gestisci_associato.php:14	<a style="margin-left:5px;" id-ordine="<?php echo $id;?>" id-riga-tipologia="0" class="aggiungi_riga_tipologia_ordine_acquisto make_spinner pull-right btn btn-sm btn-info btn-rounded" href="<?php echo $this->baseUrl."/acquisti/ordiniacquistorigheacquisti/form/insert/0";?>"><i class="fa fa-plus"></i> <?php echo gtext("Riga libera");?></a>
Application/Apps/Acquisti/Views/Ordiniacquistoacquisti/gestisci_associato.php:23	<div class="callout callout-info"><?php echo gtext("Le righe dell'ordine non sono modificabili in quanto l'ordine non è più in stato di Bozza oppure ha delle ricezioni collegate");?></b></div>
Application/Apps/Acquisti/Views/Ordiniacquistoacquisti/steps.php:11	<li <?php echo $posizioni['main'];?>><a href="<?php echo $this->baseUrl."/".$this->applicationUrl.$this->controller."/form/update/$id".$this->viewStatus;?>"><?php echo gtext("Dettagli");?></a></li>
Application/Apps/Acquisti/Views/Ordiniacquistoacquisti/steps.php:13	<li <?php echo $posizioni['righe'];?>><a href="<?php echo $this->baseUrl."/".$this->applicationUrl.$this->controller."/righe/$id".$this->viewStatus;?>"><?php echo gtext("Righe ordine");?></a></li>
Application/Apps/Acquisti/Views/Ordiniacquistoacquisti/steps.php:14	<li <?php echo $posizioni['inviipdf'];?>><a href="<?php echo $this->baseUrl."/".$this->applicationUrl.$this->controller."/inviipdf/$id".$this->viewStatus;?>"><?php echo gtext("Storico PDF");?></a></li>
Application/Apps/Acquisti/Views/Ordiniacquistoacquisti/vedi_storico.php:5	<h1><?php echo gtext("Storico delle modifiche agli stati dell'ordine");?></h1>
Application/Apps/Acquisti/Views/Ordiniacquistoacquisti/vedi_storico.php:17	<?php echo gtext("Data ora");?>
Application/Apps/Acquisti/Views/Ordiniacquistoacquisti/vedi_storico.php:20	<?php echo gtext("Stato");?>
Application/Apps/Acquisti/Views/Ordiniacquistoacquisti/vedi_storico.php:23	<?php echo gtext("Utente admin");?>
Application/Apps/Acquisti/Views/Ordiniacquistoacquisti/top_steps_buttons.php:4	<a class="m-l pull-right btn btn-xs btn-info btn-rounded make_spinner" href="<?php echo $this->baseUrl."/".$this->applicationUrl.$this->controller."/generaricezione/".$ordine["id_ordine_acquisto"];?>"><i class="fa fa-truck"></i> <?php echo gtext("Genera ricezione");?></a>
Application/Apps/Acquisti/Views/Ordiniacquistoacquisti/top_steps_buttons.php:8	<a class="m-l pull-right btn btn-xs btn-warning btn-rounded iframe" href="<?php echo $this->baseUrl."/".$this->applicationUrl.$this->controller."/inviapdfselezionecontatto/".$ordine["id_ordine_acquisto"]."?partial=Y&nobuttons=Y";?>"><i class="fa fa-envelope"></i> <?php echo gtext("Invia PDF");?></a>
Application/Apps/Acquisti/Views/Ordiniacquistoacquisti/top_steps_buttons.php:11	<a target="_blank" class="pull-right btn btn-xs btn-success btn-rounded" href="<?php echo $this->baseUrl."/".$this->applicationUrl.$this->controller."/stampapdf/".$ordine["id_ordine_acquisto"]."?csrf=".User::$csrfToken;;?>"><i class="fa fa-file-pdf-o"></i> <?php echo gtext("Stampa PDF");?></a>
Application/Apps/Acquisti/Views/form.php:53	<h2><?php echo gtext("Gestione");?> <?php echo gtext($tabella);?>: <?php echo $titoloRecord;?></h2>
Application/Apps/Acquisti/Views/Usersacquisti/two_factor.php:7	<h4 class="form-signin-heading"><?php echo gtext("Per completare l'accesso, digita nel campo sottostante il codice a ".v("autenticazione_due_fattori_numero_cifre_admin")." cifre che ti è stato inviato via mail all'indirizzo");?> <b><?php echo partiallyHideEmail($user["email"]);?></b></h4>
Application/Apps/Acquisti/Views/Usersacquisti/two_factor.php:11	<input class="form-control" name='codice' type="text" autofocus="" placeholder="<?php echo gtext("Codice");?>">
Application/Apps/Acquisti/Views/Usersacquisti/two_factor.php:13	<button class="btn btn-lg btn-primary btn-block make_spinner" type="submit"><i class="fa fa-check"></i> <?php echo gtext("Invia");?></button>
Application/Apps/Acquisti/Views/Usersacquisti/two_factor.php:15	<a class="btn btn-lg btn-info btn-block make_spinner" href="<?php echo $this->baseUrl."/".$this->applicationUrl.$this->controller."/login";?>"><i class="fa fa-arrow-left"></i> <?php echo gtext("Torna");?></a>
Application/Apps/Acquisti/Views/Usersacquisti/two_factor.php:19	<br /><a class="ajlink" href="<?php echo $this->baseUrl."/".$this->applicationUrl.$this->controller."/twofactorinviamail";?>"><?php echo gtext("Invia nuovamente il codice a ".v("autenticazione_due_fattori_numero_cifre_admin")." cifre");?> <i class="fa fa-envelope"></i></a>
Application/Apps/Statistiche/Views/Statistiche/dashboard.php:4	<h1><?php echo gtext("Grafici");?></h1>
Application/Apps/Statistiche/Views/Statistiche/main.php:7	<h1><?php echo gtext("Gestione");?> <?php echo gtext($tabella);?> <?php include($this->viewPath("link_manuale"));?></h1>
Application/Apps/Statistiche/Vocimenu/Marketing/600-statistiche.php:6	<span><?php echo gtext("Statistiche")?></span>
Application/Apps/Statistiche/Vocimenu/Marketing/600-statistiche.php:9	<li><a href="<?php echo $this->baseUrl."/statistiche/statistiche/main";?>"><i class="fa fa-list"></i> <?php echo gtext("Dashboard");?></a></li>
Application/Apps/Impegni/Views/Regusersimpegni/gestisci_associato.php:5	<p><a class="iframe btn btn-primary btn-rounded" href="<?php echo $this->baseUrl."/impegni/spedizioniimpegni/form/insert";?>?partial=Y&nobuttons=Y&id_user=<?php echo $id;?>"><i class="fa fa-plus"></i> <?php echo gtext("Aggiungi indirizzo di spedizione")?></a></p>
Application/Apps/Impegni/Views/Regusersimpegni/steps.php:7	<li <?php echo $posizioni['main'];?>><a href="<?php echo $this->baseUrl."/".$this->applicationUrl.$this->controller."/form/update/$id".$this->viewStatus;?>"><?php echo gtext("Dettagli");?></a></li>
Application/Apps/Impegni/Views/Regusersimpegni/steps.php:8	<li <?php echo $posizioni['spedizioni'];?>><a class="help_spedizioni" href="<?php echo $this->baseUrl."/".$this->applicationUrl.$this->controller."/spedizioni/$id".$this->viewStatus;?>"><?php echo gtext("Indirizzi di spedizione");?></a></li>
Application/Apps/Impegni/Views/Regusersimpegni/steps.php:10	<li <?php echo $posizioni['ordini'];?>><a class="help_ordini" href="<?php echo $this->baseUrl."/".$this->applicationUrl.$this->controller."/ordini/$id".$this->viewStatus;?>"><?php echo gtext("Ordini effettuati");?></a></li>
Application/Apps/Impegni/Views/Regusersimpegni/steps.php:13	<li <?php echo $posizioni['gruppi'];?>><a href="<?php echo $this->baseUrl."/".$this->applicationUrl.$this->controller."/gruppi/$id".$this->viewStatus;?>"><?php echo gtext("Gruppi");?></a></li>
Application/Apps/Impegni/Views/Regusersimpegni/steps.php:16	<li <?php echo $posizioni['ordinicollegati'];?>><a href="<?php echo $this->baseUrl."/".$this->applicationUrl.$this->controller."/ordinicollegati/$id".$this->viewStatus;?>"><?php echo gtext("Ordini collegati");?></a></li>
Application/Apps/Impegni/Views/Regusersimpegni/steps.php:17	<li <?php echo $posizioni['promozioni'];?>><a href="<?php echo $this->baseUrl."/".$this->applicationUrl.$this->controller."/promozioni/$id".$this->viewStatus;?>"><?php echo gtext("Coupon");?></a></li>
Application/Apps/Impegni/Views/form_submit_button.php:4	<button id="<?php echo $type;?>Action" class="btn btn-primary btn-rounded make_spinner" name="<?php echo $type;?>Action" type="submit"><i class="fa fa-save"></i> <?php echo gtext("Salva");?></button>
Application/Apps/Impegni/Views/Usersimpegni/two_factor.php:7	<h4 class="form-signin-heading"><?php echo gtext("Per completare l'accesso, digita nel campo sottostante il codice a ".v("autenticazione_due_fattori_numero_cifre_admin")." cifre che ti è stato inviato via mail all'indirizzo");?> <b><?php echo partiallyHideEmail($user["email"]);?></b></h4>
Application/Apps/Impegni/Views/Usersimpegni/two_factor.php:11	<input class="form-control" name='codice' type="text" autofocus="" placeholder="<?php echo gtext("Codice");?>">
Application/Apps/Impegni/Views/Usersimpegni/two_factor.php:13	<button class="btn btn-lg btn-primary btn-block make_spinner" type="submit"><i class="fa fa-check"></i> <?php echo gtext("Invia");?></button>
Application/Apps/Impegni/Views/Usersimpegni/two_factor.php:15	<a class="btn btn-lg btn-info btn-block make_spinner" href="<?php echo $this->baseUrl."/".$this->applicationUrl.$this->controller."/login";?>"><i class="fa fa-arrow-left"></i> <?php echo gtext("Torna");?></a>
Application/Apps/Impegni/Views/Usersimpegni/two_factor.php:19	<br /><a class="ajlink" href="<?php echo $this->baseUrl."/".$this->applicationUrl.$this->controller."/twofactorinviamail";?>"><?php echo gtext("Invia nuovamente il codice a ".v("autenticazione_due_fattori_numero_cifre_admin")." cifre");?> <i class="fa fa-envelope"></i></a>
Application/Apps/Impegni/Views/header.php:67	closeText: '<?php echo gtext("Chiudi");?>',
Application/Apps/Impegni/Views/header.php:68	prevText: '&#x3c;<?php echo gtext("Prec");?>',
Application/Apps/Impegni/Views/header.php:69	nextText: '<?php echo gtext("Succ");?>&#x3e;',
Application/Apps/Impegni/Views/header.php:70	currentText: '<?php echo gtext("Oggi");?>',
Application/Apps/Impegni/Views/header.php:71	monthNames: ['<?php echo gtext("Gennaio");?>','<?php echo gtext("Febbraio");?>','<?php echo gtext("Marzo");?>','<?php echo gtext("Aprile");?>','<?php echo gtext("Maggio");?>','<?php echo gtext("Giugno");?>','<?php echo gtext("Luglio");?>','<?php echo gtext("Agosto");?>','<?php echo gtext("Settembre");?>','<?php echo gtext("Ottobre");?>','<?php echo gtext("Novembre");?>','<?php echo gtext("Dicembre");?>'],
Application/Apps/Impegni/Views/header.php:76	dayNamesMin: ['<?php echo gtext("Do");?>','<?php echo gtext("Lu");?>','<?php echo gtext("Ma");?>','<?php echo gtext("Me");?>','<?php echo gtext("Gi");?>','<?php echo gtext("Ve");?>','<?php echo gtext("Sa");?>'],
Application/Apps/Impegni/Views/header.php:129	<li><a href="<?php echo $this->baseUrl."/impegni/regusersimpegni/form/insert/0";?>"><i class="fa fa-plus-circle"></i> <?php echo gtext("Aggiungi cliente");?></a></li>
Application/Apps/Impegni/Views/header.php:130	<li <?php if ($this->controller === "regusersimpegni" && $this->action == "main") { ?>class="active"<?php } ?>><a href="<?php echo $this->baseUrl."/impegni/regusersimpegni/main/1";?>"><i class="fa fa-list"></i> <?php echo gtext("Lista clienti");?></a></li>
Application/Apps/Impegni/Views/header.php:146	<a href="<?php echo $this->baseUrl."/impegni/traduzioniimpegni/main/1";?>" aria-expanded="false"><i class="fa fa-language"></i> <span class="nav-label"><?php echo gtext("Testi PDF");?></span>  </a>
Application/Apps/Impegni/Views/header.php:188	<li><a href="<?php echo $this->baseUrl.'/impegni/passwordimpegni/form';?>"><span class="glyphicon glyphicon-cog"></span> <?php echo gtext("Modifica password")?></a></li>
Application/Apps/Impegni/Views/header.php:189	<li><a href="<?php echo $this->baseUrl.'/impegni/usersimpegni/logout';?>"><span class="glyphicon glyphicon-off"></span> <?php echo gtext("Esci")?></a></li>
Application/Apps/Impegni/Views/associati.php:11	<h2><?php echo gtext("Gestione");?> <?php echo gtext($tabella);?>: <?php echo $titoloRecord;?></h2>
Application/Apps/Impegni/Views/footer.php:20	<button type="button" class="btn btn-default btn-rounded" data-dismiss="modal"><?php echo gtext("Chiudi");?></button>
Application/Apps/Impegni/Views/main.php:17	<h2><?php echo gtext("Gestione");?> <?php echo gtext($tabella);?> <?php include($this->viewPath("link_manuale"));?></h2>
Application/Apps/Impegni/Views/form.php:54	<h2><?php if (!showreport()) { ?><?php echo gtext("Gestione");?><?php } else { ?><?php echo gtext("Visualizzazione");?><?php } ?> <?php echo gtext($tabella);?>: <?php echo $titoloRecord;?></h2>
Application/Apps/Impegni/Views/Ordiniimpegni/ElementiTop/stato.php:3	<td><?php echo gtext("Stato ordine");?>:</td>
Application/Apps/Impegni/Views/Ordiniimpegni/ElementiTop/stato.php:7	<a <?php if (partial()) { ?>target="_blank"<?php } ?> class="<?php if (!partial()) { ?>iframe<?php } ?> pull-right help_storico_stati" href="<?php echo $this->baseUrl."/impegni/ordiniimpegni/storicostati/".$ordine["id_o"];?>?partial=Y"><i class="fa fa-history"></i> <?php echo gtext("Vedi storico cambio stato");?></a>
Application/Apps/Impegni/Views/Ordiniimpegni/vedi.php:8	<h1><?php echo gtext("Gestione ordini");?></h1>
Application/Apps/Impegni/Views/Ordiniimpegni/vedi.php:57	<a href="<?php echo $this->baseUrl."/ordini/vedi/".$ordine["id_o"].Url::createUrl($tempViewArgs);?>" type="button" class="btn btn-<?php echo $mostraIvato ? "primary" : "default"; ?> btn-xs"><?php echo gtext("Prezzi IVA inclusa")?></a>
Application/Apps/Impegni/Views/Ordiniimpegni/vedi.php:62	<a href="<?php echo $this->baseUrl."/ordini/vedi/".$ordine["id_o"].Url::createUrl($tempViewArgs);?>" type="button" style="margin-left:8px;" class="btn btn-<?php echo !$mostraIvato ? "primary" : "default"; ?> btn-xs"><?php echo gtext("Prezzi IVA esclusa")?></a>
Application/Apps/Impegni/Views/Ordiniimpegni/vedi.php:66	<h4 style="margin-top:0px;" class="text-bold"><?php echo gtext("Righe ordine");?>:</h4>
Application/Apps/Impegni/Views/Ordiniimpegni/vedi.php:72	<th class="text-left"><?php echo gtext("Immagine");?></th>
Application/Apps/Impegni/Views/Ordiniimpegni/vedi.php:73	<th colspan="2" align="left" class=""><?php echo gtext("Prodotto");?></th>
Application/Apps/Impegni/Views/Ordiniimpegni/vedi.php:75	<th class="text-left"><?php echo gtext("Spedizione");?></th>
Application/Apps/Impegni/Views/Ordiniimpegni/vedi.php:77	<th class="text-right"><?php echo gtext("Codice");?></th>
Application/Apps/Impegni/Views/Ordiniimpegni/vedi.php:78	<th class="text-right"><?php echo gtext("Peso");?></th>
Application/Apps/Impegni/Views/Ordiniimpegni/vedi.php:79	<th class="text-right"><?php echo gtext("Quantità");?></th>
Application/Apps/Impegni/Views/Ordiniimpegni/vedi.php:80	<th class="text-right colonne_non_ivate"><?php echo gtext("Prezzo");?><br /><?php echo gtext("IVA $labelIvaInclusaEsclusa");?></th>
Application/Apps/Impegni/Views/Ordiniimpegni/vedi.php:82	<th class="text-right colonne_non_ivate"><?php echo gtext("Sconto");?><br />(<i><?php echo $ordine["nome_promozione"];?></i>)</th>
Application/Apps/Impegni/Views/Ordiniimpegni/vedi.php:83	<th class="text-right colonne_non_ivate"><?php echo gtext("Prezzo scontato");?><br /><?php echo gtext("IVA $labelIvaInclusaEsclusa");?></th>
Application/Apps/Impegni/Views/Ordiniimpegni/vedi.php:85	<th class="text-right colonne_non_ivate"><?php echo gtext("Aliquota");?></th>
Application/Apps/Impegni/Views/Ordiniimpegni/vedi.php:88	<th class="text-right"><?php echo gtext("Prezzo");?><br /><?php echo gtext("IVA inclusa");?></th>
Application/Apps/Impegni/Views/Ordiniimpegni/vedi.php:90	<th class="text-right"><?php echo gtext("Sconto");?><br />(<i><?php echo $ordine["nome_promozione"];?></i>)</th>
Application/Apps/Impegni/Views/Ordiniimpegni/vedi.php:91	<th class="text-right"><?php echo gtext("Prezzo scontato");?><br /><?php echo gtext("IVA inclusa");?></th>
Application/Apps/Impegni/Views/Ordiniimpegni/vedi.php:94	<th class="text-right"><?php echo gtext("Totale IVA");?> <?php echo $labelIvaInclusaEsclusa; ?></th>
Application/Apps/Impegni/Views/Ordiniimpegni/vedi.php:96	<th class="text-right"><?php echo gtext("Totale IVA $labelIvaInclusaEsclusa");?></th>
Application/Apps/Impegni/Views/Ordiniimpegni/vedi.php:121	<th style="text-align:left;font-size:13px;"><?php echo gtext("Da inviare a");?></th>
Application/Apps/Impegni/Views/Ordiniimpegni/vedi.php:122	<th style="text-align:left;font-size:13px;"><?php echo gtext("Dedica e firma");?></th>
Application/Apps/Impegni/Views/Ordiniimpegni/vedi.php:134	<a class="iframe" title="<?php echo gtext("Modifica email e dedica")?>" href="<?php echo $this->baseUrl."/righeelementi/form/update/".$el["id_riga_elemento"];?>?partial=Y&nobuttons=Y"><i class="fa fa-pencil"></i></a>
Application/Apps/Impegni/Views/Ordiniimpegni/vedi.php:148	<br /><a title="<?php echo gtext("Vedi dettagli promo");?>" class="iframe" href="<?php echo $this->baseUrl."/promozioni/form/update/".$promo["id_p"];?>?partial=Y&nobuttons=Y"><i class="fa fa-info-circle"></i></a> <?php echo gtext("Codice");?>: <span class="badge badge-info"><?php echo $promo["codice"];?></span> <?php echo gtext("Stato");?>: <?php echo PromozioniModel::g()->isActiveCoupon($promo["codice"],null,false) ? "<span class='label label-success'>".gtext("Attivo")."</span>" : "<span class='label label-warning'>".gtext("Non attivo")."</span>";?>
Application/Apps/Impegni/Views/Ordiniimpegni/vedi.php:151	<span class="uk-text-meta"><?php echo gtext("Inviato a");?>:</span> <b><?php echo $inviataA["email"];?></b>
Application/Apps/Impegni/Views/Ordiniimpegni/vedi.php:156	<?php echo gtext("Usati");?>: <strong><?php echo setPriceReverse($euroUsati);?> €</strong>
Application/Apps/Impegni/Views/Ordiniimpegni/vedi.php:201	<td colspan="2"><?php echo gtext("Spese pagamento");?> (<?php echo str_replace("_"," ",$ordine["pagamento"]);?>)</td>
Application/Apps/Impegni/Views/Ordiniimpegni/vedi.php:230	<td colspan="2"><?php echo gtext("Spese di spedizione");?></td>
Application/Apps/Impegni/Views/Ordiniimpegni/vedi.php:259	<td colspan="2"><?php echo gtext("Sconto crediti");?></td>
Application/Apps/Impegni/Views/Ordiniimpegni/vedi.php:290	<?php echo gtext("Coupon");?>: <b><?php echo $ordine["nome_promozione"];?></b>. <?php echo gtext("Codice coupon");?>: <b><?php echo $ordine["codice_promozione"];?></b>
Application/Apps/Impegni/Views/Ordiniimpegni/vedi.php:293	<?php echo gtext("Sconto");?>:
Application/Apps/Impegni/Views/Ordiniimpegni/vedi.php:322	<h4 style="margin-top:0px;" class="text-bold"><?php echo gtext("Totali ordine");?>:</h4>
Application/Apps/Impegni/Views/Ordiniimpegni/vedi.php:333	<td><?php echo gtext("Imponibile");?></td>
Application/Apps/Impegni/Views/Ordiniimpegni/vedi.php:344	<td><?php echo gtext("Totale ordine");?></td>
Application/Apps/Impegni/Views/Ordiniimpegni/vedi.php:355	<h4 style="margin-top:0px;" class="text-bold"><?php echo gtext("Spedizione");?></h4>
Application/Apps/Impegni/Views/Ordiniimpegni/vedi.php:360	<?php echo gtext("Spese spedizione");?><br />
Application/Apps/Impegni/Views/Ordiniimpegni/vedi.php:361	<?php echo gtext("Peso totale");?>: <span class="badge badge-info"><b><?php echo setPriceReverse($pesoTotale);?> kg</b></span> <?php if (!empty($corriere)) { ?><br />
Application/Apps/Impegni/Views/Ordiniimpegni/vedi.php:362	<?php echo gtext("Corriere scelto");?>: <span class="badge badge-info"><?php echo $corriere["titolo"];?></span><?php } ?>
Application/Apps/Impegni/Views/Ordiniimpegni/vedi.php:364	<br /><?php echo gtext("Spedizioniere");?>: <b><?php echo SpedizionieriModel::g()->titolo($ordine["id_spedizioniere"]);?></b>
Application/Apps/Impegni/Views/Ordiniimpegni/vedi.php:378	<div style="margin-top:10px;"><a target="_blank" href="<?php echo $ordine["link_tracking"];?>"><i class="fa fa-truck"></i> <?php echo gtext("Link tracking");?></a></div>
Application/Apps/Impegni/Views/Ordiniimpegni/vedi.php:391	<h4 style="margin-top:0px;" class="text-bold"><?php echo gtext("Dedica e firma");?></h4>
Application/Apps/Impegni/Views/Ordiniimpegni/vedi.php:401	<div class="alert alert-info"><?php echo gtext("La mail con la dedica e la firma è stata inviata all'utente creatore della lista")." (<b>".$dedica["email"]."</b>) ".gtext("in data")." ".date("d/m/Y H:i", strtotime($dedica["data_creazione"]));?></div>
Application/Apps/Impegni/Views/Ordiniimpegni/vedi.php:412	<h4 style="margin-top:0px;" class="text-bold"><?php echo gtext("Note cliente");?></h4>
Application/Apps/Impegni/Views/Ordiniimpegni/vedi.php:422	<h4 style="margin-top:0px;" class="text-bold"><?php echo gtext("Note interne");?></h4>
Application/Apps/Impegni/Views/Ordiniimpegni/vedi.php:434	<h4 style="margin-top:0px;" class="text-bold"><?php echo gtext("Dati di fatturazione");?>:</h4>
Application/Apps/Impegni/Views/Ordiniimpegni/vedi.php:439	<td class="first_column"><?php echo gtext("ACCOUNT CLIENTE");?></td>
Application/Apps/Impegni/Views/Ordiniimpegni/vedi.php:445	<td class="first_column"><?php echo gtext("NOME");?></td>
Application/Apps/Impegni/Views/Ordiniimpegni/vedi.php:449	<td class="first_column"><?php echo gtext("COGNOME");?></td>
Application/Apps/Impegni/Views/Ordiniimpegni/vedi.php:455	<td class="first_column"><?php echo gtext("RAGIONE SOCIALE");?></td>
Application/Apps/Impegni/Views/Ordiniimpegni/vedi.php:461	<td class="first_column"><?php echo gtext("PARTITA IVA");?></td>
Application/Apps/Impegni/Views/Ordiniimpegni/vedi.php:466	<td class="first_column"><?php echo gtext("CODICE FISCALE");?></td>
Application/Apps/Impegni/Views/Ordiniimpegni/vedi.php:470	<td class="first_column"><?php echo gtext("INDIRIZZO");?></td>
Application/Apps/Impegni/Views/Ordiniimpegni/vedi.php:474	<td class="first_column"><?php echo gtext("CAP");?></td>
Application/Apps/Impegni/Views/Ordiniimpegni/vedi.php:478	<td class="first_column"><?php echo gtext("NAZIONE");?></td>
Application/Apps/Impegni/Views/Ordiniimpegni/vedi.php:482	<td class="first_column"><?php echo gtext("PROVINCIA");?></td>
Application/Apps/Impegni/Views/Ordiniimpegni/vedi.php:486	<td class="first_column"><?php echo gtext("CITTÀ");?></td>
Application/Apps/Impegni/Views/Ordiniimpegni/vedi.php:490	<td class="first_column"><?php echo gtext("TELEFONO");?></td>
Application/Apps/Impegni/Views/Ordiniimpegni/vedi.php:494	<td class="first_column"><?php echo gtext("EMAIL");?></td>
Application/Apps/Impegni/Views/Ordiniimpegni/vedi.php:499	<td class="first_column"><?php echo gtext("PASSWORD");?></td>
Application/Apps/Impegni/Views/Ordiniimpegni/vedi.php:508	<h4 style="margin-top:0px;" class="text-bold"><?php echo gtext("Dati di spedizione");?>:</h4>
Application/Apps/Impegni/Views/Ordiniimpegni/vedi.php:512	<td class="first_column"><?php echo gtext("INDIRIZZO");?></td>
Application/Apps/Impegni/Views/Ordiniimpegni/vedi.php:516	<td class="first_column"><?php echo gtext("CAP");?></td>
Application/Apps/Impegni/Views/Ordiniimpegni/vedi.php:520	<td class="first_column"><?php echo gtext("NAZIONE");?></td>
Application/Apps/Impegni/Views/Ordiniimpegni/vedi.php:524	<td class="first_column"><?php echo gtext("PROVINCIA");?></td>
Application/Apps/Impegni/Views/Ordiniimpegni/vedi.php:528	<td class="first_column"><?php echo gtext("CITTÀ");?></td>
Application/Apps/Impegni/Views/Ordiniimpegni/vedi.php:532	<td class="first_column"><?php echo gtext("TELEFONO");?></td>
Application/Apps/Impegni/Views/Ordiniimpegni/vedi.php:537	<td class="first_column"><?php echo gtext("DESTINATARIO");?></td>
Application/Apps/Impegni/Views/Ordiniimpegni/vedi.php:549	<h4 style="margin-top:0px;" class="text-bold"><?php echo gtext("Dati per fatturazione elettronica");?>:</h4>
Application/Apps/Impegni/Views/Ordiniimpegni/vedi.php:553	<td class="first_column"><?php echo gtext("PEC");?></td>
Application/Apps/Impegni/Views/Ordiniimpegni/vedi.php:557	<td class="first_column"><?php echo gtext("CODICE DESTINATARIO");?></td>
Application/Apps/Impegni/Views/Ordiniimpegni/vedi_script_pixel.php:5	<h1><?php echo gtext("Script del Pixel")?> <?php echo $record_evento["pixel"]["titolo"];?></h1>
Application/Apps/Impegni/Views/Ordiniimpegni/vedi_script_pixel.php:14	<h2><?php echo gtext("Codice script");?></h2>
Application/Apps/Impegni/Views/Ordiniimpegni/vedi_script_pixel.php:19	<h2><?php echo gtext("Codice noscript");?></h2>
Application/Apps/Impegni/Views/Ordiniimpegni/gestisci_associato_pulsante_righe.php:2	<button class="submit_file btn btn-primary btn-rounded btn-sm aggiungi_articolo_a_ordine" type="submit" name="insertAction" value="<?php echo gtext("Aggiungi articolo")?>"><i class="fa fa-plus"></i> <?php echo gtext("Aggiungi articolo");?></button>
Application/Apps/Impegni/Views/Ordiniimpegni/steps.php:6	<li <?php echo $posizioni['main'];?>><a href="<?php echo $this->baseUrl."/".$this->applicationUrl.$this->controller."/vedi/$id".$this->viewStatus;?>"><?php echo gtext("Dettagli");?></a></li>
Application/Apps/Impegni/Views/Ordiniimpegni/steps.php:26	<a class="pull-right btn btn-xs btn-warning btn-rounded make_spinner" href="<?php echo $this->baseUrl."/impegni/ordiniimpegni/inviapdf/".$ordine["id_o"];?>"><i class="fa fa-envelope"></i> <?php echo gtext("Invia PDF");?></a>
Application/Apps/Impegni/Views/Ordiniimpegni/steps.php:28	<a target="_blank" class="pull-right btn btn-xs btn-success btn-rounded" href="<?php echo $this->baseUrl."/impegni/ordiniimpegni/stampapdf/".$ordine["id_o"];?>"><i class="fa fa-file-pdf-o"></i> <?php echo gtext("Stampa PDF");?></a>
Application/Apps/Impegni/Views/Ordiniimpegni/steps.php:31	<?php echo gtext("N° Impegno");?> #<b><?php echo $ordine["sezionale"] == "I" ? $ordine["numero_documento"] : $ordine["id_o"]." WEB";?></b></b>
Application/Apps/Impegni/Views/Ordiniimpegni/steps.php:40	<td><?php echo gtext("Data consegna");?>:</td>
Application/Apps/Impegni/Views/Ordiniimpegni/steps.php:55	<td><?php echo gtext("Commesso");?>:</td>
Application/Apps/Impegni/Views/Ordiniimpegni/steps.php:67	<li <?php echo $posizioni['main'];?>><a href="<?php echo $this->baseUrl."/".$this->applicationUrl.$this->controller."/form/update/$id".$this->viewStatus;?>"><?php echo gtext("Dettagli");?></a></li>
Application/Apps/Impegni/Views/Ordiniimpegni/steps.php:69	<li <?php echo $posizioni['righe'];?>><a href="<?php echo $this->baseUrl."/".$this->applicationUrl.$this->controller."/righe/$id".$this->viewStatus;?>"><?php echo gtext("Righe ordine");?></a></li>
Application/Apps/Impegni/Views/Ordiniimpegni/steps.php:70	<li <?php echo $posizioni['inviipdf'];?>><a href="<?php echo $this->baseUrl."/".$this->applicationUrl.$this->controller."/inviipdf/$id".$this->viewStatus;?>"><?php echo gtext("Storico PDF");?></a></li>
Application/Apps/Impegni/Views/Ordiniimpegni/vedi_storico.php:5	<h1><?php echo gtext("Storico delle modifiche agli stati dell'ordine");?></h1>
Application/Apps/Impegni/Views/Ordiniimpegni/vedi_storico.php:17	<?php echo gtext("Data ora");?>
Application/Apps/Impegni/Views/Ordiniimpegni/vedi_storico.php:20	<?php echo gtext("Stato");?>
Application/Apps/Impegni/Views/Ordiniimpegni/vedi_storico.php:23	<?php echo gtext("Utente admin");?>
Application/Modules/App.php:157	gtext("Tipologia")	=>	gtext("Tecnici"),
Application/Modules/App.php:158	gtext("Necessario")	=>	gtext("Sì"),
Application/Modules/App.php:165	gtext("Tipologia")	=>	gtext("Tecnici"),
Application/Modules/App.php:166	gtext("Necessario")	=>	gtext("Sì"),
Application/Modules/App.php:173	gtext("Tipologia")	=>	gtext("Tecnici"),
Application/Modules/App.php:174	gtext("Necessario")	=>	gtext("Sì"),
Application/Modules/App.php:181	gtext("Tipologia")	=>	gtext("Tecnici"),
Application/Modules/App.php:182	gtext("Necessario")	=>	gtext("Sì"),
Application/Modules/App.php:189	gtext("Tipologia")	=>	gtext("Tecnici"),
Application/Modules/App.php:190	gtext("Necessario")	=>	gtext("Sì"),
Application/Modules/App.php:197	gtext("Tipologia")	=>	gtext("Tecnici"),
Application/Modules/App.php:198	gtext("Necessario")	=>	gtext("Sì"),
Application/Modules/App.php:205	gtext("Tipologia")	=>	gtext("Tecnici"),
Application/Modules/App.php:206	gtext("Necessario")	=>	gtext("Sì"),
Application/Modules/App.php:213	gtext("Tipologia")	=>	gtext("Tecnici"),
Application/Modules/App.php:214	gtext("Necessario")	=>	gtext("Sì"),
Application/Modules/App.php:221	gtext("Tipologia")	=>	gtext("Tecnici"),
Application/Modules/App.php:222	gtext("Necessario")	=>	gtext("Sì"),
Application/Modules/App.php:229	// 	gtext("Tipologia")	=>	gtext("Tecnici"),
Application/Modules/App.php:230	// 	gtext("Necessario")	=>	gtext("Sì"),
Application/Modules/App.php:237	gtext("Tipologia")	=>	gtext("Tecnici"),
Application/Modules/App.php:238	gtext("Necessario")	=>	gtext("Sì"),
Application/Modules/App.php:245	gtext("Tipologia")	=>	gtext("Tecnici"),
Application/Modules/App.php:246	gtext("Necessario")	=>	gtext("Sì"),
Application/Modules/App.php:253	gtext("Tipologia")	=>	gtext("Tecnici"),
Application/Modules/App.php:254	gtext("Necessario")	=>	gtext("Sì"),
Application/Modules/App.php:261	gtext("Tipologia")	=>	gtext("Tecnici"),
Application/Modules/App.php:262	gtext("Necessario")	=>	gtext("Sì"),
Application/Modules/App.php:282	gtext("Tipologia")		=>	gtext("Tecnici"),
Application/Modules/App.php:283	gtext("Necessario")	=>	gtext("Sì"),
Application/Models/UsersModel.php:77	'options'	=>	array(gtext('sì')=>'0',gtext('no')=>'1'),
Application/Models/FormModel.php:56	'options'	=>	array(gtext('sì')=>'0',gtext('no')=>'1'),
Application/Models/ApplicazioniModel.php:168	$titoloPagina = gtext("Esito migrazioni applicazione")." ".$record["titolo"];
Application/Models/PagesModel.php:427	'options'	=>	array(gtext('sì')=>'Y',gtext('no')=>'N'),
Application/Models/PagesModel.php:450	'options'	=>	array(gtext('no')=>'N',gtext('sì')=>'Y'),
Application/Models/PagesModel.php:461	'options'	=>	array(gtext('no')=>'N',gtext('sì')=>'Y'),
Application/Models/PagesModel.php:496	'options'	=>	array(gtext('no')=>'N',gtext('sì')=>'Y'),
Application/Models/AirichiesteModel.php:743	// 	'text'	=>	gtext('Preparo la risposta...'),
Application/Models/AirichiesteModel.php:1434	// 		'text'	=>	gtext('Sto recuperando le informazioni...'),
Application/Models/AirichiesteModel.php:1685	// 	'text'	=>	gtext('Sto pensando...'),
Frontend/Application/Views/_/Wishlist/main.php:4	gtext("Home") 		=> $this->baseUrl,
Frontend/Application/Views/_/Wishlist/main.php:5	gtext("Wishlist")	=>	"",
Frontend/Application/Views/_/Wishlist/main.php:8	$titoloPagina = gtext("La tua lista dei desideri");
Frontend/Application/Views/_/admin_panel.php:81	<a href="<?php echo $currentUrl;?>" class="uk-button uk-button-default uk-width-1-1"><?php echo gtext("Esci modalità edit")?> <span uk-icon="sign-out"></span></a>
Frontend/Application/Views/_/admin_panel.php:85	<a class="uk-accordion-title" href="#"><?php echo gtext("Gestione tema");?></a>
Frontend/Application/Views/_/admin_panel.php:88	<div class="uk-text-meta"><?php echo gtext("Tema corrente");?></div>
Frontend/Application/Views/_/admin_panel.php:105	<a class="uk-accordion-title" href="#"><?php echo gtext("Varianti pagina");?></a>
Frontend/Application/Views/_/admin_panel.php:109	<a href="#" @click.prevent="resettaTema()" class="uk-button uk-button-danger uk-width-1-1"><?php echo gtext("Resetta varianti")?></a>
Frontend/Application/Views/_/admin_panel.php:114	<a class="uk-accordion-title" href="#"><?php echo gtext("Fasce pagina");?></a>
Frontend/Application/Views/_/admin_panel.php:136	<?php echo gtext("Nessuna fascia presente");?>
Frontend/Application/Views/_/admin_panel.php:139	<a v-if="aggiungi" @click.prevent="preparaAggiungi()" href="" class="uk-button uk-button-secondary uk-width-1-1"><span uk-icon="plus"></span> <?php echo gtext("Nuova fascia");?></a>
Frontend/Application/Views/_/admin_panel.php:141	<a @click.prevent="preparaAggiungiDialog()" href="" class="uk-button uk-button-secondary uk-width-1-1"><span uk-icon="plus"></span> <?php echo gtext("Nuova fascia");?></a>
Frontend/Application/Views/_/admin_panel.php:160	<h2 class="uk-modal-title"><?php echo gtext("Seleziona la fascia");?></h2>
Frontend/Application/Views/_/Cart/main_testo_disponibilita.php:4	<div class="uk-text-success"><?php echo gtext(v("testo_disponibilita_immediata"));?></div>
Frontend/Application/Views/_/Cart/main_testo_disponibilita.php:6	<div class="uk-text-secondary"><?php echo gtext(v("testo_disponibilita_non_immediata"));?></div>
Frontend/Application/Views/_/Cart/Colonne/codice.php:3	<span class="uk-hidden@m"><?php echo gtext("COD");?>:</span> <?php echo $p["cart"]["codice"];?>
Frontend/Application/Views/_/Cart/Colonne/prezzo.php:5	<div class="uk-text-meta"><?php echo gtext("Iva")?>: <?php echo setPriceReverse($p["cart"]["iva"]);?>%</div>
Frontend/Application/Views/_/Cart/Colonne/prezzo_fisso.php:5	<div class="uk-text-meta"><?php echo gtext("Iva")?>: <?php echo setPriceReverse($p["cart"]["iva"]);?>%</div>
Frontend/Application/Views/_/Cart/Colonne/descrizione.php:13	<a class="uk-text-meta" href="<?php echo $this->baseUrl."/".$urlAliasProdotto."?id_cart=".$p["cart"]["id_cart"];?>"><?php echo gtext("Modifica");?></a>
Frontend/Application/Views/_/Cart/top_cart.php:4	gtext("Home") 		=> $this->baseUrl,
Frontend/Application/Views/_/Cart/top_cart.php:5	gtext("Carrello") => "",
Frontend/Application/Views/_/Cart/top_cart.php:8	$titoloPagina = gtext("Il tuo Carrello");
Frontend/Application/Views/_/Cart/main_elementi_riga.php:11	<label class="uk-form-label"><?php echo gtext("Email");?></label>
Frontend/Application/Views/_/Cart/main_elementi_riga.php:23	<?php echo gtext("Scrivi qui l'email della persona a cui vuoi regalare la gift card");?>
Frontend/Application/Views/_/Cart/main_elementi_riga.php:29	<label class="uk-form-label"><?php echo gtext("Testo della dedica e firma");?></label>
Frontend/Application/Views/_/Cart/main.php:34	<h3><?php echo gtext("Totali carrello");?></h3>
Frontend/Application/Views/_/Cart/main.php:45	<p style="width:100%;text-align:center;"><?php echo gtext("Non ci sono prodotti nel carrello");?></p>
Frontend/Application/Views/_/Cart/main.php:46	<div style="width:100%;text-align:center;"><a style="text-align:center;" class="checkout-button button alt wc-forward torna_al_negozio" href="<?php echo $this->baseUrl;?>"><?php echo gtext("Torna al negozio");?></a></div>
Frontend/Application/Views/_/Cart/main_avvisi_inferiori.php:7	<?php echo gtext("Si prega di verificare i campi evidenziati");?>
Frontend/Application/Views/_/Cart/main_avvisi_superiori.php:10	<div class="<?php echo v("alert_error_class");?>"><?php echo gtext("Attenzione, alcune righe nel tuo carrello hanno una quantità maggiore di quella presente a magazzino.")?></div>
Frontend/Application/Views/_/Cart/main_avvisi_superiori.php:16	<div class="<?php echo v("alert_error_class");?>"><?php echo gtext("Attenzione, controllare i campi evidenziati relativi alle Gift Card.");?></div>
Frontend/Application/Views/_/Cart/main_avvisi_superiori.php:19	<div class="<?php echo v("alert_error_class");?>"><?php echo gtext(PromozioniModel::$erroreCouponUtente);?></div>
Frontend/Application/Views/_/Cart/main_testata_campi_right.php:4	<?php echo gtext("Prodotto");?>
Frontend/Application/Views/_/Cart/main_testata_campi_right.php:8	<?php echo gtext("Codice");?>
Frontend/Application/Views/_/Cart/main_testata_campi_right.php:13	<?php echo gtext("Prezzo fisso");?> <?php if (!v("prezzi_ivati_in_carrello")) { ?><?php echo gtext("(Iva esclusa)");?><?php } ?>
Frontend/Application/Views/_/Cart/main_testata_campi_right.php:17	<?php echo gtext("Prezzo");?> <?php if (!v("prezzi_ivati_in_carrello")) { ?><?php echo gtext("(Iva esclusa)");?><?php } ?>
Frontend/Application/Views/_/Cart/main_testata_campi_right.php:20	<?php echo gtext("Quantità");?>
Frontend/Application/Views/_/Cart/main_testata_campi_right.php:23	<?php echo gtext("Totale");?> <?php if (!v("prezzi_ivati_in_carrello")) { ?><?php echo gtext("(Iva esclusa)");?><?php } ?>
Frontend/Application/Views/_/Cart/main_pulsante_checkout.php:9	<div class="vai_la_checkout btn_submit_form <?php echo v("classe_pulsanti_submit");?> uk-width-1-1"><?php echo gtext($testoProcediAdAcquisto);?></div>
Frontend/Application/Views/_/Cart/main_pulsante_checkout.php:11	<a class="btn_submit_form <?php echo v("classe_pulsanti_submit");?> uk-width-1-1" href="<?php echo $this->baseUrl."/".VariabiliModel::paginaAutenticazione();?>"><?php echo gtext($testoProcediAdAcquisto);?></a>
Frontend/Application/Views/_/Contenuti/promozione.php:4	gtext("Home") 		=> $this->baseUrl,
Frontend/Application/Views/_/Contenuti/promozione.php:5	gtext("Promozioni")	=>	"",
Frontend/Application/Views/_/Contenuti/promozione.php:9	$titoloPagina = gtext("Prodotti in promozione");
Frontend/Application/Views/_/Contenuti/search.php:4	gtext("Home") 		=> $this->baseUrl,
Frontend/Application/Views/_/Contenuti/search.php:5	gtext("Cerca")	=>	"",
Frontend/Application/Views/_/Contenuti/search.php:8	$titoloPagina = gtext("Risultati della ricerca")." $s";
Frontend/Application/Views/_/Contenuti/accesso_non_permesso.php:4	gtext("Home") 		=> $this->baseUrl,
Frontend/Application/Views/_/Contenuti/accesso_non_permesso.php:5	gtext("Accesso non permesso") => "",
Frontend/Application/Views/_/Contenuti/accesso_non_permesso.php:8	$titoloPagina = gtext("Accesso non permesso");
Frontend/Application/Views/_/Contenuti/accesso_non_permesso.php:12	<p><b><?php echo gtext("Siamo spiacenti, non può accedere alla pagina richiesta")?></b></a></p>
Frontend/Application/Views/_/Contenuti/404.php:4	gtext("Home") 		=> $this->baseUrl,
Frontend/Application/Views/_/Contenuti/404.php:5	gtext("Pagina non trovata") => "",
Frontend/Application/Views/_/Contenuti/404.php:8	$titoloPagina = gtext("Pagina non trovata");
Frontend/Application/Views/_/Contenuti/404.php:12	<p><a href="<?php echo $this->baseUrl;?>"><b><?php echo gtext("Vai alla home")?></b></a></p>
Frontend/Application/Views/_/Contenuti/marchio.php:6	gtext("Home") 		=> $this->baseUrl,
Frontend/Application/Views/_/Contenuti/lista-regalo.php:4	gtext("Home") 						=> $this->baseUrl,
Frontend/Application/Views/_/Contenuti/lista-regalo.php:8	$titoloPagina = gtext("Lista")." ".$lista["liste_regalo"]["titolo"];
Frontend/Application/Views/_/Contenuti/lista-regalo.php:16	<dt><?php echo gtext("Dettagli lista");?></dt>
Frontend/Application/Views/_/Contenuti/lista-regalo.php:20	<div class="uk-text-small"><?php echo gtext("Nome");?></div> <div class="uk-margin-remove-top uk-text-small uk-text-emphasis"><?php echo $lista["liste_regalo"]["titolo"];?></div>
Frontend/Application/Views/_/Contenuti/lista-regalo.php:23	<div class="uk-text-small"><?php echo gtext("Tipo");?></div> <div class="uk-margin-remove-top uk-text-small uk-text-emphasis"><?php echo $lista["liste_regalo_tipi"]["titolo"];?></div>
Frontend/Application/Views/_/Contenuti/lista-regalo.php:26	<div class="uk-text-small"><?php echo gtext("Scadenza");?></div> <div class="uk-margin-remove-top uk-text-small uk-text-emphasis"><?php echo smartDate($lista["liste_regalo"]["data_scadenza"]);?></div>
Frontend/Application/Views/_/Contenuti/lista-regalo.php:29	<div class="uk-text-small"><?php echo gtext("Codice");?></div> <div class="uk-margin-remove-top uk-text-small uk-text-emphasis"><?php echo $lista["liste_regalo"]["codice"];?></div>
Frontend/Application/Views/_/Contenuti/lista-regalo.php:33	<div class="uk-text-small"><?php echo gtext("Nominativo");?></div> <div class="uk-margin-remove-top uk-text-small uk-text-emphasis"><?php echo $lista["liste_regalo"]["nominativo"];?></div>
Frontend/Application/Views/_/Contenuti/lista-regalo.php:38	<div class="uk-text-small"><?php echo gtext("Nome bimbo/a");?></div> <div class="uk-margin-remove-top uk-text-small uk-text-emphasis"><?php echo $lista["liste_regalo"]["nome_bambino"];?></div>
Frontend/Application/Views/_/Contenuti/lista-regalo.php:43	<div class="uk-text-small"><?php echo gtext("Genitore 1");?></div> <div class="uk-margin-remove-top uk-text-small uk-text-emphasis"><?php echo $lista["liste_regalo"]["genitore_1"];?></div>
Frontend/Application/Views/_/Contenuti/lista-regalo.php:48	<div class="uk-text-small"><?php echo gtext("Genitore 2");?></div> <div class="uk-margin-remove-top uk-text-small uk-text-emphasis"><?php echo $lista["liste_regalo"]["genitore_2"];?></div>
Frontend/Application/Views/_/Contenuti/lista-regalo.php:53	<div class="uk-text-small"><?php echo gtext("Data evento");?></div> <div class="uk-margin-remove-top uk-text-small uk-text-emphasis"><?php echo smartDate($lista["liste_regalo"]["data_nascita"]);?></div>
Frontend/Application/Views/_/Contenuti/lista-regalo.php:58	<div class="uk-text-small"><?php echo gtext("Data evento");?></div> <div class="uk-margin-remove-top uk-text-small uk-text-emphasis"><?php echo smartDate($lista["liste_regalo"]["data_battesimo"]);?></div>
Frontend/Application/Views/_/Assistentevirtuale/index.php:7	<?php echo gtext("Sono il tuo assistente virtuale: puoi  cercare un prodotto, chiedere informazioni sulle spedizioni, sugli orari, contatti, liste nascita, resi e altro supporto in qualsiasi momento.");?>
Frontend/Application/Views/_/Assistentevirtuale/index.php:22	<?php echo gtext("Nuova chat");?>
Frontend/Application/Views/_/Assistentevirtuale/index.php:33	<span class="send_request_to_va_text"><?php echo gtext("Invia");?></span>
Frontend/Application/Views/_/Assistentevirtuale/storico.php:5	<h2 style="margin:0 0 14px;font-size:18px;line-height:24px;font-weight:bold;color:#111827;"><?php echo gtext("Storico chat assistente virtuale");?></h2>
Frontend/Application/Views/_/Assistentevirtuale/storico.php:8	<?php echo gtext("Chat");?> #<?php echo (int)$chat["id_ai_richiesta"];?>
Frontend/Application/Views/_/Assistentevirtuale/storico.php:46	<p style="margin:0;font-size:14px;line-height:21px;color:#52616f;"><?php echo gtext("Non ci sono messaggi in questa chat.");?></p>
Frontend/Application/Views/_/Assistentevirtuale/widget.php:9	aria-label="<?php echo gtext("Apri la chat con l'assistente virtuale");?>">
Frontend/Application/Views/_/Assistentevirtuale/widget.php:15	<span class="assistente_virtuale_widget_toggle_text"><?php echo gtext('ChatBot');?></span>
Frontend/Application/Views/_/Assistentevirtuale/widget.php:27	<strong><?php echo gtext('Assistente virtuale');?></strong>
Frontend/Application/Views/_/Assistentevirtuale/widget.php:28	<span><?php echo gtext('Risposte immediate su prodotti, ordini e supporto');?></span>
Frontend/Application/Views/_/Assistentevirtuale/widget.php:33	aria-label="<?php echo gtext('Chiudi la chat');?>">
Frontend/Application/Views/_/Assistentevirtuale/widget.php:41	title="<?php echo gtext('Chat assistente virtuale');?>"
Frontend/Application/Views/_/Regusers/mail_al_negozio_registr_nuovo_cliente.php:5	<?php echo gtext("Un agente si è registrato nel vostro sito web.");?><br />
Frontend/Application/Views/_/Regusers/mail_al_negozio_registr_nuovo_cliente.php:6	<?php echo gtext("Potete assegnare all'agente dei <b>codici coupon</b> dal pannello admin.");?><br />
Frontend/Application/Views/_/Regusers/mail_al_negozio_registr_nuovo_cliente.php:7	<?php echo gtext("Ecco i suoi dati:");?>
Frontend/Application/Views/_/Regusers/mail_al_negozio_registr_nuovo_cliente.php:9	<?php echo gtext("Un cliente si è registrato nel vostro sito web. Ecco i suoi dati:");?>
Frontend/Application/Views/_/Regusers/mail_al_negozio_registr_nuovo_cliente.php:14	<p><?php echo gtext("Può approvare il cliente nell'area admin, sotto la voce di menù E-commerce > Clienti > Da approvare."); ?></p>
Frontend/Application/Views/_/Regusers/mail_al_negozio_registr_nuovo_cliente.php:19	<?php echo gtext("NOME");?>: <b><?php echo $datiCliente["nome"];?></b><br />
Frontend/Application/Views/_/Regusers/mail_al_negozio_registr_nuovo_cliente.php:20	<?php echo gtext("COGNOME");?>: <b><?php echo $datiCliente["cognome"];?></b><br />
Frontend/Application/Views/_/Regusers/mail_al_negozio_registr_nuovo_cliente.php:23	<?php echo gtext("RAGIONE SOCIALE");?>: <b><?php echo $datiCliente["ragione_sociale"];?></b><br />
Frontend/Application/Views/_/Regusers/mail_al_negozio_registr_nuovo_cliente.php:26	<?php echo gtext("PARTITA IVA");?>: <b><?php echo $datiCliente["p_iva"];?></b><br />
Frontend/Application/Views/_/Regusers/mail_al_negozio_registr_nuovo_cliente.php:28	<?php echo gtext("CODICE FISCALE");?>: <b><?php echo $datiCliente["codice_fiscale"];?></b><br />
Frontend/Application/Views/_/Regusers/mail_al_negozio_registr_nuovo_cliente.php:29	<?php echo gtext("INDIRIZZO");?>: <b><?php echo $datiCliente["indirizzo"];?></b><br />
Frontend/Application/Views/_/Regusers/mail_al_negozio_registr_nuovo_cliente.php:30	<?php echo gtext("CAP");?>: <b><?php echo $datiCliente["cap"];?></b><br />
Frontend/Application/Views/_/Regusers/mail_al_negozio_registr_nuovo_cliente.php:31	<?php echo gtext("NAZIONE");?>: <b><?php echo nomeNazione($datiCliente["nazione"]);?></b><br />
Frontend/Application/Views/_/Regusers/mail_al_negozio_registr_nuovo_cliente.php:32	<?php echo gtext("PROVINCIA");?>: <b><?php echo NazioniModel::conProvince($datiCliente["nazione"]) ? ProvinceModel::sFindTitoloDaCodice($datiCliente["provincia"]) : $datiCliente["dprovincia"];?></b><br />
Frontend/Application/Views/_/Regusers/mail_al_negozio_registr_nuovo_cliente.php:33	<?php echo gtext("CITTÀ");?>: <b><?php echo $datiCliente["citta"];?></b><br />
Frontend/Application/Views/_/Regusers/mail_al_negozio_registr_nuovo_cliente.php:34	<?php echo gtext("TELEFONO");?>: <b><?php echo $datiCliente["telefono"];?></b><br />
Frontend/Application/Views/_/Regusers/mail_al_negozio_registr_nuovo_cliente.php:35	<?php echo gtext("EMAIL");?>: <b><?php echo $datiCliente["username"];?></b><br />
Frontend/Application/Views/_/Regusers/mail_al_negozio_registr_nuovo_cliente.php:36	<?php echo gtext("PEC");?>: <b><?php echo $datiCliente["pec"];?></b><br />
Frontend/Application/Views/_/Regusers/mail_al_negozio_registr_nuovo_cliente.php:37	<?php echo gtext("CODICE DESTINATARIO");?>: <b><?php echo $datiCliente["codice_destinatario"];?></b><br />
Frontend/Application/Views/_/Regusers/mail_credenziali.php:3	<p><?php echo gtext("Gentile cliente, di seguito le credenziali per l'accesso alla sua area riservata nel nostro sito web",false);?></p>
Frontend/Application/Views/_/Regusers/mail_credenziali.php:6	<?php echo gtext("Username", false);?>: <?php echo isset($clean["username"]) ? $clean["username"] : $username;?>
Frontend/Application/Views/_/Regusers/mail_credenziali.php:9	<?php echo gtext("Password", false);?>:  <?php echo $password;?>
Frontend/Application/Views/_/Regusers/mail_credenziali.php:11	<?php echo gtext("Utilizzi la password specificata in fase di registrazione.")?>
Frontend/Application/Views/_/Regusers/mail_credenziali.php:17	<?php echo gtext("La sua richiesta di diventare un agente per il nostro ecommerce verrà valutata quanto prima.");?><br />
Frontend/Application/Views/_/Regusers/mail_credenziali.php:18	<?php echo gtext("Le verrà data notifica via mail.");?><br />
Frontend/Application/Views/_/Regusers/mail_credenziali.php:19	<?php echo gtext("Nel caso la sua richiesta venga approvata, le saranno assegnati uno o più codici coupon da usare nel nostro negozio che potrà condividere con i suoi clienti.");?><br />
Frontend/Application/Views/_/Regusers/mail_credenziali.php:24	<p><b><?php echo gtext("Le ricordiamo che il suo account non è ancora attivo.");?></b></p>
Frontend/Application/Views/_/Regusers/mail_credenziali.php:27	<p><?php echo gtext("Per attivarlo inserisca il codice a 6 cifre indicato sotto");?></p>
Frontend/Application/Views/_/Regusers/mail_credenziali.php:29	<p><?php echo gtext("Dopo aver attivato l'account inserendo il codice di verifica indicato, potrà accedere alla propria area riservata visitando il seguente",false);?> <a href="<?php echo Url::getRoot()."area-riservata";?>"><?php echo gtext("indirizzo web",false);?></a>.</p>
Frontend/Application/Views/_/Regusers/mail_credenziali.php:31	<p><?php echo gtext("La sua richiesta di iscrizione è stata inoltrata con successo."); ?><br />
Frontend/Application/Views/_/Regusers/mail_credenziali.php:33	<p><?php echo gtext("Una volta che la sua iscrizione sarà approvata potrà accedere alla propria area riservata visitando il seguente",false);?> <a href="<?php echo Url::getRoot()."area-riservata";?>"><?php echo gtext("indirizzo web",false);?></a>.</p>
Frontend/Application/Views/_/Regusers/mail_credenziali.php:36	<p><?php echo gtext("Potrà accedere alla propria area riservata visitando il seguente",false);?> <a href="<?php echo Url::getRoot()."area-riservata";?>"><?php echo gtext("indirizzo web",false);?></a>.
Frontend/Application/Views/_/Regusers/mail_credenziali.php:40	<p><?php echo gtext("Cordiali saluti", false);?>.</p>
Frontend/Application/Views/_/Regusers/notice.php:10	gtext("Home") 		=> $this->baseUrl,
Frontend/Application/Views/_/Regusers/notice.php:11	gtext("Accedi")	=>	$this->baseUrl."/regusers/login",
Frontend/Application/Views/_/Regusers/notice.php:12	gtext("Richiesta nuova password")	=>	$this->baseUrl."/password-dimenticata",
Frontend/Application/Views/_/Regusers/notice.php:13	gtext("Invio mail per cambio password")	=>	"",
Frontend/Application/Views/_/Regusers/notice.php:16	$titoloPagina = gtext("Impostazione nuova password");
Frontend/Application/Views/_/Regusers/notice.php:21	gtext("Home") 		=> $this->baseUrl,
Frontend/Application/Views/_/Regusers/notice.php:22	gtext("Accedi")	=>	$this->baseUrl."/regusers/login",
Frontend/Application/Views/_/Regusers/notice.php:23	gtext("Richiesta nuova password")	=>	$this->baseUrl."/password-dimenticata",
Frontend/Application/Views/_/Regusers/notice.php:24	gtext("Password cambiata")	=>	"",
Frontend/Application/Views/_/Regusers/notice.php:27	$titoloPagina = gtext("Password cambiata");
Frontend/Application/Views/_/Regusers/notice.php:34	gtext("Home") 		=> $this->baseUrl,
Frontend/Application/Views/_/Regusers/notice.php:35	gtext($titoloNotice)	=>	"",
Frontend/Application/Views/_/Regusers/notice.php:38	$titoloPagina = gtext($titoloNotice);
Frontend/Application/Views/_/Regusers/notice.php:43	gtext("Home") 		=> $this->baseUrl,
Frontend/Application/Views/_/Regusers/notice.php:44	gtext("Account verificato")	=>	"",
Frontend/Application/Views/_/Regusers/notice.php:47	$titoloPagina = gtext("Account verificato");
Frontend/Application/Views/_/Regusers/notice.php:52	gtext("Home") 		=> $this->baseUrl,
Frontend/Application/Views/_/Regusers/notice.php:53	gtext("Link scaduto")	=>	"",
Frontend/Application/Views/_/Regusers/notice.php:56	$titoloPagina = gtext("Link scaduto");
Frontend/Application/Views/_/Regusers/notice.php:61	gtext("Home") 		=> $this->baseUrl,
Frontend/Application/Views/_/Regusers/notice.php:62	gtext("Errore")	=>	"",
Frontend/Application/Views/_/Regusers/notice.php:65	$titoloPagina = gtext("Errore");
Frontend/Application/Views/_/Regusers/notice.php:70	gtext("Home") 		=> $this->baseUrl,
Frontend/Application/Views/_/Regusers/notice.php:71	gtext("Account rinnovato")	=>	"",
Frontend/Application/Views/_/Regusers/notice.php:74	$titoloPagina = gtext("Account rinnovato");
Frontend/Application/Views/_/Regusers/notice.php:79	gtext("Home") 		=> $this->baseUrl,
Frontend/Application/Views/_/Regusers/notice.php:80	gtext("Accesso piattaforma in pausa")	=>	"",
Frontend/Application/Views/_/Regusers/notice.php:83	$titoloPagina = gtext("Accesso piattaforma in pausa");
Frontend/Application/Views/_/Regusers/notice.php:89	gtext("Home") 		=> $this->baseUrl,
Frontend/Application/Views/_/Regusers/notice.php:90	gtext("Notifiche")	=>	"",
Frontend/Application/Views/_/Regusers/notice.php:93	$titoloPagina = gtext("Notifiche");
Frontend/Application/Views/_/Regusers/notice.php:101	<p><?php echo gtext("Le è stata inviata una mail con un link. Segua tale link se vuole impostare una nuova password");?>.</p>
Frontend/Application/Views/_/Regusers/notice.php:104	<p><?php echo gtext("Si è verificato un errore durante il processo, riprovi più tardi o contatti l'amministratore del sito");?>.</p>
Frontend/Application/Views/_/Regusers/notice.php:107	<p><?php echo gtext("Il link è scaduto");?>.</p>
Frontend/Application/Views/_/Regusers/conferma_account.php:4	gtext("Home") 		=> $this->baseUrl,
Frontend/Application/Views/_/Regusers/conferma_account.php:5	gtext("Verifica account")	=>	"",
Frontend/Application/Views/_/Regusers/conferma_account.php:8	$titoloPagina = gtext("Verifica account");
Frontend/Application/Views/_/Regusers/immagine_profilo.php:4	gtext("Home") 		=> $this->baseUrl,
Frontend/Application/Views/_/Regusers/immagine_profilo.php:5	gtext("Area riservata")	=>	$this->baseUrl."/area-riservata",
Frontend/Application/Views/_/Regusers/immagine_profilo.php:6	gtext("Modifica l'immagine del profilo")	=>	"",
Frontend/Application/Views/_/Regusers/immagine_profilo.php:9	$titoloPagina = gtext("Modifica l'immagine del profilo");
Frontend/Application/Views/_/Regusers/immagine_profilo.php:34	<?php echo gtext("Non hai caricato alcuna immagine");?>
Frontend/Application/Views/_/Regusers/immagine_profilo.php:43	<h3><?php echo gtext("Carica l'immagine");?></h3>
Frontend/Application/Views/_/Regusers/immagine_profilo.php:53	<button class="<?php echo v("classe_pulsanti_submit");?> uk-width-1-1 uk-width-auto@m btn_submit_form" type="submit" name="updateAction"><?php echo gtext("Invia immagine");?></button>
Frontend/Application/Views/_/Regusers/richiedi_mail_verifica.php:4	gtext("Home") 		=> $this->baseUrl,
Frontend/Application/Views/_/Regusers/richiedi_mail_verifica.php:5	gtext("Accedi")	=>	$this->baseUrl."/regusers/login",
Frontend/Application/Views/_/Regusers/richiedi_mail_verifica.php:6	gtext("Verifica il tuo account") => "",
Frontend/Application/Views/_/Regusers/richiedi_mail_verifica.php:9	$titoloPagina = gtext("Verifica il tuo account");
Frontend/Application/Views/_/Regusers/richiedi_mail_verifica.php:15	<?php echo gtext("Sembra che il tuo account sia già presente, ma che non sia mai stato verificato, ed è quindi non attivo.")?><br />
Frontend/Application/Views/_/Regusers/richiedi_mail_verifica.php:16	<?php echo gtext("Inserisci l'indirizzo e-mail con il quale ti sei registrato al sito.");?><br />
Frontend/Application/Views/_/Regusers/richiedi_mail_verifica.php:17	<?php echo gtext("Ti invieremo una codice grazie al quale potrai verificare e quindi attivare il tuo account.");?>
Frontend/Application/Views/_/Regusers/richiedi_mail_verifica.php:28	<label class="uk-form-label uk-text-bold"><?php echo gtext("Indirizzo e-mail");?> *</label>
Frontend/Application/Views/_/Regusers/form_dati_spedizione.php:6	<label class="uk-form-label"><?php echo gtext("Indirizzo");?> *</label>
Frontend/Application/Views/_/Regusers/form_dati_spedizione.php:13	<label class="uk-form-label"><?php echo gtext("Cap");?> <span class="nascondi_fuori_italia_inline_spedizione">*</span></label>
Frontend/Application/Views/_/Regusers/form_dati_spedizione.php:21	<label class="uk-form-label"><?php echo gtext("Nazione");?> *</label>
Frontend/Application/Views/_/Regusers/form_dati_spedizione.php:31	<label class="uk-form-label"><?php echo gtext("Provincia");?> *</label>
Frontend/Application/Views/_/Regusers/form_dati_spedizione.php:41	<label class="uk-form-label"><?php echo gtext("Città");?> *</label>
Frontend/Application/Views/_/Regusers/form_dati_spedizione.php:48	<label class="uk-form-label"><?php echo gtext("Telefono");?> *</label>
Frontend/Application/Views/_/Regusers/form_dati_spedizione.php:56	<label class="uk-form-label"><?php echo gtext("Destinatario");?> </label>
Frontend/Application/Views/_/Regusers/mail_richiesta_cambio_password.php:3	<p><?php echo gtext("Gentile cliente, ha richiesto di poter impostare una nuova password per il suo account");?>.</p>
Frontend/Application/Views/_/Regusers/mail_richiesta_cambio_password.php:5	<p><?php echo gtext("Le sarà possibile impostare una nuova password al seguente");?> <a href="<?php echo Url::getRoot()."reimposta-password/$forgot_token"; ?>"><?php echo gtext("indirizzo web");?></a>.</p>
Frontend/Application/Views/_/Regusers/mail_richiesta_cambio_password.php:7	<p><?php echo gtext("Se ha ricevuto questa e-mail per errore le chiediamo gentilmente di cancellarla");?>.</p>
Frontend/Application/Views/_/Regusers/login.php:4	gtext("Home") 		=> $this->baseUrl,
Frontend/Application/Views/_/Regusers/login.php:5	gtext("Accedi")	=>	"",
Frontend/Application/Views/_/Regusers/login.php:8	$titoloPagina = gtext("Accedi");
Frontend/Application/Views/_/Regusers/modifica_spedizione.php:6	gtext("Home") 		=> $this->baseUrl,
Frontend/Application/Views/_/Regusers/modifica_spedizione.php:7	gtext("Area riservata")	=>	$this->baseUrl."/area-riservata",
Frontend/Application/Views/_/Regusers/modifica_spedizione.php:8	gtext("Indirizzi di spedizione") => $this->baseUrl."/riservata/indirizzi",
Frontend/Application/Views/_/Regusers/modifica_spedizione.php:9	gtext("Aggiungi un indirizzo di spedizione") => "",
Frontend/Application/Views/_/Regusers/modifica_spedizione.php:12	$titoloPagina = gtext("Aggiungi un indirizzo di spedizione");
Frontend/Application/Views/_/Regusers/modifica_spedizione.php:19	gtext("Home") 		=> $this->baseUrl,
Frontend/Application/Views/_/Regusers/modifica_spedizione.php:20	gtext("Area riservata")	=>	$this->baseUrl."/area-riservata",
Frontend/Application/Views/_/Regusers/modifica_spedizione.php:21	gtext("Indirizzi di spedizione") => $this->baseUrl."/riservata/indirizzi",
Frontend/Application/Views/_/Regusers/two_factor.php:4	gtext("Home") 		=> $this->baseUrl,
Frontend/Application/Views/_/Regusers/two_factor.php:5	gtext("Verifica codice")	=>	"",
Frontend/Application/Views/_/Regusers/two_factor.php:8	$titoloPagina = gtext("Verifica codice");
Frontend/Application/Views/_/Regusers/form_accetto.php:3	<?php echo gtext("Ho letto e accettato le");?>
Frontend/Application/Views/_/Regusers/form_accetto.php:6	<a class="uk-text-secondary" href="<?php echo getUrlPagina($idPrivacy);?>"><?php echo gtext("condizioni di privacy");?></a>
Frontend/Application/Views/_/Regusers/form_accetto.php:16	<?php echo gtext("Ho letto e accettato le");?>
Frontend/Application/Views/_/Regusers/form_accetto.php:19	<a class="uk-text-secondary" href="<?php echo getUrlPagina($idPrivacy);?>"><?php echo gtext("condizioni aggiuntive");?></a>
Frontend/Application/Views/_/Regusers/form_dati_cliente.php:9	<label class="uk-form-label"><?php echo gtext("Ragione sociale");?> *</label>
Frontend/Application/Views/_/Regusers/form_dati_cliente.php:15	<label class="uk-form-label"><?php echo gtext("Nome");?> *</label>
Frontend/Application/Views/_/Regusers/form_dati_cliente.php:21	<label class="uk-form-label"><?php echo gtext("Cognome");?> *</label>
Frontend/Application/Views/_/Regusers/form_dati_cliente.php:28	<label class="uk-form-label"><?php echo gtext("Partita iva");?> *</label>
Frontend/Application/Views/_/Regusers/form_dati_cliente.php:36	<label class="uk-form-label"><?php echo gtext("Codice fiscale");?> *</label>
Frontend/Application/Views/_/Regusers/form_dati_cliente.php:46	<label class="uk-form-label"><?php echo gtext("Nazione");?> *</label>
Frontend/Application/Views/_/Regusers/form_dati_cliente.php:56	<label class="uk-form-label"><?php echo gtext("Provincia");?> *</label>
Frontend/Application/Views/_/Regusers/form_dati_cliente.php:70	<label class="uk-form-label"><?php echo gtext("Città");?> *</label>
Frontend/Application/Views/_/Regusers/form_dati_cliente.php:76	<label class="uk-form-label"><?php echo gtext("Indirizzo");?> *</label>
Frontend/Application/Views/_/Regusers/form_dati_cliente.php:82	<label class="uk-form-label"><?php echo gtext("Cap");?> <span class="nascondi_fuori_italia_inline">*</span></label>
Frontend/Application/Views/_/Regusers/form_dati_cliente.php:97	<label class="uk-form-label"><?php echo gtext("Telefono");?> <?php echo GenericModel::asterisco("telefono", $this->controller, $tipoAzione);?></label>
Frontend/Application/Views/_/Regusers/form_dati_cliente.php:111	<label class="uk-form-label"><?php echo gtext("Email");?> *</label>
Frontend/Application/Views/_/Regusers/form_dati_cliente.php:121	<label class="uk-form-label"><?php echo gtext("Conferma email");?> *</label>
Frontend/Application/Views/_/Regusers/form_dati_cliente.php:130	<label class="uk-form-label"><?php echo gtext("Password");?> *</label>
Frontend/Application/Views/_/Regusers/form_dati_cliente.php:139	<label class="uk-form-label"><?php echo gtext("Conferma password");?> *</label>
Frontend/Application/Views/_/Regusers/form_dati_cliente.php:154	<label class="uk-form-label"><?php echo gtext("Email");?> *</label>
Frontend/Application/Views/_/Regusers/form_dati_cliente.php:161	<label class="uk-form-label"><?php echo gtext("Conferma email");?> *</label>
Frontend/Application/Views/_/Regusers/form_dati_cliente.php:170	<label class="uk-form-label"><?php echo gtext("Password");?> *</label>
Frontend/Application/Views/_/Regusers/form_dati_cliente.php:193	<h2 class="uk-margin-bottom uk-text-emphasis uk-text-large" style="margin:20px 0;"><?php echo gtext("Dati per la fatturazione elettronica",false)?></h2>
Frontend/Application/Views/_/Regusers/form_dati_cliente.php:199	<label class="uk-form-label"><?php echo gtext("Pec");?></label>
Frontend/Application/Views/_/Regusers/form_dati_cliente.php:205	<label class="uk-form-label"><?php echo gtext("Codice destinatario");?></label>
Frontend/Application/Views/_/Regusers/cambia_password.php:4	gtext("Home") 		=> $this->baseUrl,
Frontend/Application/Views/_/Regusers/cambia_password.php:5	gtext("Area riservata")	=>	$this->baseUrl."/".Url::routeToUrl("area-riservata"),
Frontend/Application/Views/_/Regusers/cambia_password.php:6	gtext("Modifica password") => "",
Frontend/Application/Views/_/Regusers/cambia_password.php:9	$titoloPagina = gtext("Modifica password");
Frontend/Application/Views/_/Regusers/cambia_password.php:24	<label class="uk-form-label"><?php echo gtext("Vecchia password");?></label>
Frontend/Application/Views/_/Regusers/cambia_password.php:32	<label class="uk-form-label"><?php echo gtext("Password");?></label>
Frontend/Application/Views/_/Regusers/cambia_password.php:40	<label class="uk-form-label"><?php echo gtext("Conferma password");?></label>
Frontend/Application/Views/_/Regusers/reimposta_password.php:4	gtext("Home") 		=> $this->baseUrl,
Frontend/Application/Views/_/Regusers/reimposta_password.php:5	gtext("Accedi")	=>	$this->baseUrl."/regusers/login",
Frontend/Application/Views/_/Regusers/reimposta_password.php:6	gtext("Richiesta nuova password")	=>	$this->baseUrl."/".Url::routeToUrl("area-riservata"),
Frontend/Application/Views/_/Regusers/reimposta_password.php:7	gtext("Imposta la password") => "",
Frontend/Application/Views/_/Regusers/reimposta_password.php:10	$titoloPagina = gtext("Imposta la password");
Frontend/Application/Views/_/Regusers/reimposta_password.php:24	<label class="uk-form-label uk-text-bold"><?php echo gtext("Password");?></label>
Frontend/Application/Views/_/Regusers/reimposta_password.php:32	<label class="uk-form-label uk-text-bold"><?php echo gtext("Conferma password");?></label>
Frontend/Application/Views/_/Regusers/form.php:6	gtext("Home") 		=> $this->baseUrl,
Frontend/Application/Views/_/Regusers/form.php:7	gtext("Crea un account")	=>	"",
Frontend/Application/Views/_/Regusers/form.php:10	$titoloPagina = gtext("Crea un account");
Frontend/Application/Views/_/Regusers/form.php:15	gtext("Home") 		=> $this->baseUrl,
Frontend/Application/Views/_/Regusers/form.php:16	gtext("Area riservata")	=>	$this->baseUrl."/".Url::routeToUrl("area-riservata"),
Frontend/Application/Views/_/Regusers/form.php:17	gtext("Modifica account")	=>	"",
Frontend/Application/Views/_/Regusers/form.php:20	$titoloPagina = gtext("Modifica account");
Frontend/Application/Views/_/Regusers/password_dimenticata.php:4	gtext("Home") 		=> $this->baseUrl,
Frontend/Application/Views/_/Regusers/password_dimenticata.php:5	gtext("Accedi")	=>	$this->baseUrl."/regusers/login",
Frontend/Application/Views/_/Regusers/password_dimenticata.php:6	gtext("Richiesta nuova password") => "",
Frontend/Application/Views/_/Regusers/password_dimenticata.php:9	$titoloPagina = gtext("Richiesta nuova password");
Frontend/Application/Views/_/Regusers/password_dimenticata.php:14	<p class="uk-text-muted"><?php echo gtext("Inserisci l'indirizzo e-mail con il quale ti sei registrato al sito,<br />ti invieremo una mail attraverso la quale potrai ottenere una nuova password");?></p>
Frontend/Application/Views/_/Regusers/password_dimenticata.php:20	<label class="uk-form-label uk-text-bold"><?php echo gtext("Indirizzo e-mail");?> *</label>
Frontend/Application/Views/_/Promozioni/ordini.php:6	<?php echo gtext("Ordine");?>
Frontend/Application/Views/_/Promozioni/ordini.php:9	<?php echo gtext("Data");?>
Frontend/Application/Views/_/Promozioni/ordini.php:12	<?php echo gtext("Cliente");?>
Frontend/Application/Views/_/Promozioni/ordini.php:15	<?php echo gtext("Stato");?>
Frontend/Application/Views/_/Promozioni/ordini.php:18	<?php echo gtext("Totale");?>
Frontend/Application/Views/_/Promozioni/ordini.php:27	<span class="uk-hidden@m uk-text-bold"><?php echo gtext("Ordine");?>:</span> #<?php echo $ordine["id_o"];?>
Frontend/Application/Views/_/Promozioni/ordini.php:30	<span class="uk-hidden@m uk-text-bold"><?php echo gtext("Data");?>:</span> <?php echo smartDate($ordine["data_creazione"]);?>
Frontend/Application/Views/_/Promozioni/ordini.php:33	<span class="uk-hidden@m uk-text-bold"><?php echo gtext("Cliente");?>:</span> <?php echo OrdiniModel::getNominativo($ordine);?><br /><?php echo $ordine["email"];?>
Frontend/Application/Views/_/Promozioni/ordini.php:36	<span class="uk-hidden@m uk-text-bold"><?php echo gtext("Stato");?>:</span> <?php echo statoOrdine($ordine["stato"]);?>
Frontend/Application/Views/_/Promozioni/ordini.php:39	<span class="uk-hidden@m uk-text-bold"><?php echo gtext("Totale");?>:</span> <?php echo setPriceReverse($ordine["total"]);?>€
Frontend/Application/Views/_/Promozioni/ordini.php:46	<?php echo gtext("Questo codice coupon non ha ancora alcun ordine associato.");?>
Frontend/Application/Views/_/Promozioni/invii.php:4	<div class="uk-text-small uk-text-emphasis"><?php echo gtext("Inserisci i dati della persona a cui vuoi inviare il codice del coupon.")?></div>
Frontend/Application/Views/_/Promozioni/invii.php:14	<button class="invia_link_lista uk-button uk-button-primary btn_submit_form"><?php echo gtext("Invia");?></button>
Frontend/Application/Views/_/Promozioni/gestisci.php:4	gtext("Home") 		=> $this->baseUrl,
Frontend/Application/Views/_/Promozioni/gestisci.php:5	gtext("Area riservata")	=>	$this->baseUrl."/area-riservata",
Frontend/Application/Views/_/Promozioni/gestisci.php:6	gtext("I miei coupon") => $this->baseUrl."/promozioni/elenco/",
Frontend/Application/Views/_/Promozioni/gestisci.php:10	$titoloPagina = gtext("Coupon")." ".$promozione["codice"];
Frontend/Application/Views/_/Promozioni/gestisci.php:24	<?php echo gtext("Codice coupon");?>: <span class="uk-label" style="text-transform:none !important;"><?php echo $promozione["codice"];?></span><br />
Frontend/Application/Views/_/Promozioni/gestisci.php:25	<?php echo gtext("Descrizione coupon");?>: <b><?php echo $promozione["titolo"];?></b><br />
Frontend/Application/Views/_/Promozioni/gestisci.php:26	<?php echo gtext("Sconto");?>: <b><?php echo setPriceReverse($promozione["sconto"]);?><?php if ($promozione["tipo_sconto"] == "ASSOLUTO") { ?>€<?php } else { ?>%<?php } ?></b> (<?php echo $promozione["tipo_sconto"];?>)<br />
Frontend/Application/Views/_/Promozioni/gestisci.php:27	<?php echo gtext("Il coupon è");?>: <b><?php echo $promoAttiva ? "<span class='uk-text-success'>".gtext("Attivo")."</span>" : "<span class='uk-text-danger'>".gtext("Disattivo")."</span>";?></b><br />
Frontend/Application/Views/_/Promozioni/gestisci.php:28	<?php echo gtext("Data scadenza");?>: <b><?php echo smartDate($promozione["al"]);?></b>
Frontend/Application/Views/_/Promozioni/gestisci.php:32	<li><a href="<?php echo $this->baseUrl."/promozioni/modifica/".$promozione["id_p"];?>" class="uk-button uk-button-link"><span class="uk-icon"><?php include tpf("Elementi/Icone/Svg/pencil.svg");?></span> <?php echo gtext("Modifica descrizione");?></a></li>
Frontend/Application/Views/_/Promozioni/gestisci.php:39	<li><a class="link_ordini" href="#ordini"><span class="uk-margin-small-right uk-visible@s uk-icon"><?php include tpf("Elementi/Icone/Svg/tag.svg");?></span> <?php echo gtext("Ordini legati al coupon");?></a></li>
Frontend/Application/Views/_/Promozioni/gestisci.php:41	<li><a class="link_invii" href="#invii-codice"><span class="uk-margin-small-right uk-visible@s uk-icon"><?php include tpf("Elementi/Icone/Svg/mail.svg");?></span> <?php echo gtext("Invia codice");?></a></li>
Frontend/Application/Views/_/Promozioni/modifica.php:4	gtext("Home") 		=> $this->baseUrl,
Frontend/Application/Views/_/Promozioni/modifica.php:5	gtext("Area riservata")	=>	$this->baseUrl."/area-riservata",
Frontend/Application/Views/_/Promozioni/modifica.php:6	gtext("I miei coupon") => $this->baseUrl."/liste-regalo/",
Frontend/Application/Views/_/Promozioni/modifica.php:11	$titoloPagina = gtext("Modifica la descrizione");
Frontend/Application/Views/_/Promozioni/modifica.php:27	<label class="uk-form-label"><?php echo gtext("Descrizione del coupon");?> *</label>
Frontend/Application/Views/_/Promozioni/main.php:4	gtext("Home") 		=> $this->baseUrl,
Frontend/Application/Views/_/Promozioni/main.php:5	gtext("Area riservata")	=>	$this->baseUrl."/area-riservata",
Frontend/Application/Views/_/Promozioni/main.php:6	gtext("I miei coupon") => "",
Frontend/Application/Views/_/Promozioni/main.php:9	$titoloPagina = gtext("I miei coupon");
Frontend/Application/Views/_/Promozioni/main.php:21	<?php echo gtext("Titolo");?>
Frontend/Application/Views/_/Promozioni/main.php:24	<?php echo gtext("Codice");?>
Frontend/Application/Views/_/Promozioni/main.php:27	<?php echo gtext("Attivo dal - al");?>
Frontend/Application/Views/_/Promozioni/main.php:30	<?php echo gtext("Tipo sconto");?>
Frontend/Application/Views/_/Promozioni/main.php:33	<?php echo gtext("Valore");?>
Frontend/Application/Views/_/Promozioni/main.php:36	<?php echo gtext("Attivo");?>
Frontend/Application/Views/_/Promozioni/main.php:39	<?php echo gtext("Gestisci");?>
Frontend/Application/Views/_/Promozioni/main.php:48	<span class="uk-hidden@m uk-text-bold"><?php echo gtext("Titolo");?>:</span> <?php echo $promozione["promozioni"]["titolo"];?>
Frontend/Application/Views/_/Promozioni/main.php:51	<span class="uk-hidden@m uk-text-bold"><?php echo gtext("Codice");?>:</span> <b><?php echo $promozione["promozioni"]["codice"];?></b>
Frontend/Application/Views/_/Promozioni/main.php:54	<span class="uk-hidden@m uk-text-bold"><?php echo gtext("Attivo dal - al");?>:</span> <?php echo smartDate($promozione["promozioni"]["dal"]);?> / <?php echo smartDate($promozione["promozioni"]["al"]);?>
Frontend/Application/Views/_/Promozioni/main.php:57	<span class="uk-hidden@m uk-text-bold"><?php echo gtext("Tipo sconto");?>:</span> <?php echo $promozione["promozioni"]["tipo_sconto"];?>
Frontend/Application/Views/_/Promozioni/main.php:60	<span class="uk-hidden@m uk-text-bold"><?php echo gtext("Valore");?>:</span> <?php echo setPriceReverse($promozione["promozioni"]["sconto"]);?><?php if ($promozione["promozioni"]["tipo_sconto"] == "ASSOLUTO") { ?>€<?php } else { ?>%<?php } ?>
Frontend/Application/Views/_/Promozioni/main.php:63	<span class="uk-hidden@m uk-text-bold"><?php echo gtext("Attivo");?>:</span> <?php if ($promozione["promozioni"]["attivo"] == "Y") { ?><span class="uk-icon uk-text uk-text-success"><?php include tpf("Elementi/Icone/Svg/check.svg");?></span><?php } else { ?><span class="uk-icon uk-text uk-text-danger"><?php include tpf("Elementi/Icone/Svg/ban.svg");?></span><?php } ?>
Frontend/Application/Views/_/Promozioni/main.php:75	<p><?php echo gtext("Non hai alcun coupon assegnato a te.");?></p>
Frontend/Application/Views/_/Promozioni/codici_inviati.php:4	<div class="uk-margin-bottom uk-text-small uk-text-emphasis"><?php echo gtext("Persone a cui hai inviato il codice");?>:</div>
Frontend/Application/Views/_/Promozioni/codici_inviati.php:35	<span class="uk-text-small"><?php echo gtext("Non hai ancora inviato il codice ad alcun indirizzo e-mail")?></span>
Frontend/Application/Views/_/Elementi/Placeholder/Spedizionieri/Brt/link_tracking.php:4	<?php echo gtext("Ecco il link per vedere il tracking della tua spedizione");?>: <a href="<?php echo $modulo->getUrlTracking($idSpedizione)?>"><?php echo gtext("vai al tracking");?></a>
Frontend/Application/Views/_/Elementi/Placeholder/Spedizionieri/Brt/link_tracking.php:6	<?php echo gtext("Il tracking della spedizione potrebbe essere disponibile da domani.")?>
Frontend/Application/Views/_/Elementi/Placeholder/Spedizionieri/Gls/link_tracking.php:4	<?php echo gtext("Ecco il link per vedere il tracking della tua spedizione");?>: <a href="<?php echo $modulo->getUrlTracking($idSpedizione)?>"><?php echo gtext("vai al tracking");?></a>
Frontend/Application/Views/_/Elementi/Placeholder/Spedizionieri/Gls/link_tracking.php:6	<?php echo gtext("Il tracking della spedizione potrebbe essere disponibile da domani.")?>
Frontend/Application/Views/_/Elementi/Placeholder/Spedizionieri/FedEx/link_tracking.php:4	<?php echo gtext("Ecco il link per vedere il tracking della tua spedizione");?>: <a href="<?php echo $modulo->getUrlTracking($idSpedizione)?>"><?php echo gtext("vai al tracking");?></a>
Frontend/Application/Views/_/Elementi/Placeholder/Spedizionieri/FedEx/link_tracking.php:6	<?php echo gtext("Il tracking della spedizione potrebbe essere disponibile da domani.")?>
Frontend/Application/Views/_/Elementi/Placeholder/Carrello/concludi_ordine.php:2	<a href="<?php echo Domain::$publicUrl.$linguaUrl."contenuti/recuperacarrello/".v("token_recupera_carrello")."?cart_uid=".sanitizeAll($record["cart_uid"]);?>"><?php echo gtext("Concludi ordine");?></a>
Frontend/Application/Views/_/Elementi/Placeholder/dedica_gift_card.php:3	<b><?php echo gtext("Ecco la dedica che accompagna la Gift Card");?>:</b><br /><br />
Frontend/Application/Views/_/Elementi/Placeholder/dedica_lista_regalo.php:3	<b><?php echo gtext("Ecco la dedica che accompagna il regalo");?>:</b><br /><br />
Frontend/Application/Views/_/Elementi/Registrazione/Resoconto/account_pausa_RECUPERO_PASSWORD.php:3	<p><?php echo gtext("Sono stati eseguiti troppi tentativi di recupero password non andati a buon fine e il recupero password è stato temporaneamente messo in pausa.");?><br /><?php echo gtext("Si prega di riprovare più tardi.");?></p>
Frontend/Application/Views/_/Elementi/Registrazione/Resoconto/account_pausa_LOGIN.php:3	<p><?php echo gtext("Sono stati eseguiti troppi tentativi di accesso non andati a buon fine e l'account è stato temporaneamente messo in pausa.");?><br /><?php echo gtext("Si prega di riprovare più tardi.");?></p>
Frontend/Application/Views/_/Elementi/Registrazione/Resoconto/account_creato_da_confermare.php:5	<?php echo gtext("La registrazione al sito è avventuta correttamente, ma il suo account non è ancora attivo.");?>
Frontend/Application/Views/_/Elementi/Registrazione/Resoconto/account_creato_da_confermare.php:8	<span class="uk-text-emphasis"><?php echo gtext("Le è stata inviata una mail con un link per confermare il suo indirizzo e-mail."); ?></span><br />
Frontend/Application/Views/_/Elementi/Registrazione/Resoconto/account_creato_da_confermare.php:9	<?php echo gtext("Segua tale link per attivare l'account."); ?> <?php echo gtext("Il link avrà una validità di ".v("ore_durata_link_conferma")." ore"); ?><br />
Frontend/Application/Views/_/Elementi/Registrazione/Resoconto/account_creato_da_confermare.php:16	<span class="uk-text-emphasis"><?php echo gtext("Non ti è arrivata la mail con il link di conferma?");?></span>
Frontend/Application/Views/_/Elementi/Registrazione/Resoconto/account_creato_da_confermare.php:20	<a class="uk-button uk-button-primary btn_submit_form" href="<?php echo $this->baseUrl."/send-confirmation";?>"><span uk-icon="mail"></span> <?php echo gtext("Invia nuovamente il link di conferma")?></a>
Frontend/Application/Views/_/Elementi/Registrazione/Resoconto/password_cambiata.php:4	<p class="<?php echo v("alert_success_class");?>"><?php echo gtext("La password è stata correttamente impostata");?>.</p>
Frontend/Application/Views/_/Elementi/Registrazione/Resoconto/account_creato.php:3	<p><?php echo gtext("L'account è stato creato correttamente. Le è stata inviata una mail con le credenziali d'accesso che ha scelto");?>.</p>
Frontend/Application/Views/_/Elementi/Registrazione/Resoconto/account_creato.php:5	<p class="uk-margin-large"><a class="uk-button uk-button-default" href="<?php echo $this->baseUrl."/area-riservata";?>"><?php echo gtext("Procedi nell' area riservata");?><span uk-icon="arrow-right"></span></a></p>
Frontend/Application/Views/_/Elementi/Registrazione/Resoconto/account_creato_da_approvare.php:4	<?php echo gtext("La registrazione è avventuta correttamente, ma il suo account non è ancora attivo.");?>
Frontend/Application/Views/_/Elementi/Registrazione/Resoconto/account_creato_da_approvare.php:6	<?php echo gtext("La sua richiesta di iscrizione è stata inoltrata con successo."); ?><br />
Frontend/Application/Views/_/Elementi/Registrazione/Resoconto/account_rinnovato.php:4	<p class="<?php echo v("alert_success_class");?>"><?php echo gtext("Il tuo account è stato rinnovato!");?></p>
Frontend/Application/Views/_/Elementi/Registrazione/Resoconto/account_agente_creato.php:3	<p><?php echo gtext("L'account è stato creato correttamente. Le è stata inviata una mail con le credenziali d'accesso che ha scelto");?>.</p>
Frontend/Application/Views/_/Elementi/Registrazione/Resoconto/account_agente_creato.php:6	<?php echo gtext("La sua richiesta di diventare un agente per il nostro ecommerce verrà valutata quanto prima.");?><br />
Frontend/Application/Views/_/Elementi/Registrazione/Resoconto/account_agente_creato.php:7	<?php echo gtext("Nel caso la sua richiesta venga approvata, le saranno assegnati uno o più codici coupon da usare nel nostro negozio e che potrà condividere con i suoi clienti.");?><br />
Frontend/Application/Views/_/Elementi/Registrazione/Resoconto/account_agente_creato.php:10	<p class="uk-margin-large"><a class="uk-button uk-button-default" href="<?php echo $this->baseUrl."/area-riservata";?>"><?php echo gtext("Procedi nell' area riservata");?><span uk-icon="arrow-right"></span></a></p>
Frontend/Application/Views/_/Elementi/Registrazione/Resoconto/account_confermato.php:4	<p class="<?php echo v("alert_success_class");?>"><?php echo gtext("Il tuo account è stato verificato e attivato!");?></p>
Frontend/Application/Views/_/Elementi/Registrazione/Form/top.php:6	<h3><?php echo gtext("Inserisci i tuoi dati e completa la registrazione.");?></h3>
Frontend/Application/Views/_/Elementi/Registrazione/Form/top.php:7	<?php echo gtext("Una volta concluso il processo di registrazione, verrai automaticamente indirizzato alla sezione assistenza e potrai aprire un ticket per descrivere la tua problematica");?>
Frontend/Application/Views/_/Elementi/Registrazione/Form/top.php:9	<h3><?php echo gtext("Ccompleta la registrazione.");?></h3>
Frontend/Application/Views/_/Elementi/Registrazione/Form/top.php:10	<?php echo gtext("Una volta completata la registrazione, verrai automaticamente indirizzato alla sezione assistenza e potrai aprire un ticket per descrivere la tua problematica");?>
Frontend/Application/Views/_/Elementi/Registrazione/vai_alla_home.php:3	<p class="uk-margin-large"><a class="<?php echo v("classe_pulsanti_submit");?>" href="<?php echo $this->baseUrl;?>"><?php echo gtext("Vai alla home");?><span uk-icon="arrow-right"></span></a></p>
Frontend/Application/Views/_/Elementi/Registrazione/vai_al_login.php:3	<p class="uk-margin-large"><a class="<?php echo v("classe_pulsanti_submit");?>" href="<?php echo $this->baseUrl."/regusers/login";?>"><?php echo gtext("Vai al login");?><span uk-icon="arrow-right"></span></a></p>
Frontend/Application/Views/_/Elementi/Slide/layer.php:14	<a <?php echo getAnimazioneLayer($layer, 300);?> class="uk-button uk-button-default" href="<?php echo $url;?>"><?php echo gtext("Scopri");?></a>
Frontend/Application/Views/_/Elementi/FormRegistrazioneCheckout/pagamento.php:4	<label class="uk-form-label"><?php echo gtext("Metodo di pagamento");?> *</label>
Frontend/Application/Views/_/Elementi/FormRegistrazioneCheckout/check_fattura.php:9	<?php echo gtext("Mi serve la fattura");?>
Frontend/Application/Views/_/Elementi/FormRegistrazioneCheckout/UtenteGiaPresente/login_anonimo.php:6	<?php echo gtext("Il suo indirizzo email è già presente nel nostro sito web.",false)?><br />
Frontend/Application/Views/_/Elementi/FormRegistrazioneCheckout/UtenteGiaPresente/login_anonimo.php:7	<?php echo gtext("Può eseguire il login",false);?> <?php echo $alertAnonimo;?>
Frontend/Application/Views/_/Elementi/FormRegistrazioneCheckout/UtenteGiaPresente/login_anonimo.php:13	<span class="uk-margin-small-right" uk-icon="icon: user; ratio: 0.9"></span><?php echo gtext("Esegui il login");?>
Frontend/Application/Views/_/Elementi/FormRegistrazioneCheckout/UtenteGiaPresente/login_anonimo.php:16	<a class="uk-text-meta" href="<?php echo Url::getRoot()."password-dimenticata";?>"><?php echo gtext("Hai dimenticato la password?");?></a>
Frontend/Application/Views/_/Elementi/FormRegistrazioneCheckout/UtenteGiaPresente/login_anonimo.php:23	<?php echo gtext("Continua come utente ospite");?><span class="uk-margin-small-left" uk-icon="icon: check; ratio: 0.9"></span>
Frontend/Application/Views/_/Elementi/FormRegistrazioneCheckout/UtenteGiaPresente/default.php:6	<?php echo gtext("Può eseguire il login (se non ricorda la password può impostarne una nuova al seguente",false);?> <a href='<?php echo Url::getRoot()."password-dimenticata";?>'><?php echo gtext("indirizzo web", false);?></a>) <?php echo $alertAnonimo;?>
Frontend/Application/Views/_/Elementi/header_user_box.php:24	<a class="uk-text-secondary uk-text-bold" href="<?php echo $this->baseUrl."/".$creaAccountLink;?>"><?php echo gtext("Crea un account")?></a>
Frontend/Application/Views/_/Elementi/header_user_box.php:26	<span class="uk-text-secondary uk-text-bold"><?php echo gtext("Esegui il login")?></span>
Frontend/Application/Views/_/Elementi/header_user_box.php:37	<a class="uk-text-small uk-text-secondary" href="<?php echo $this->baseUrl."/password-dimenticata";?>"><?php echo gtext("Hai dimenticato la password?");?></a>
Frontend/Application/Views/_/Elementi/Cookie/link_pagina_info_privacy.php:9	<h3><?php echo gtext("Informativa sul trattamento dei dati");?></h3>
Frontend/Application/Views/_/Elementi/Cookie/link_pagina_info_privacy.php:10	<?php echo gtext("Leggi l'informativa sul trattamento dei tuoi dati alla pagina delle");?> <a href="<?php echo Url::getRoot().getUrlAlias(PagesModel::$tipiPaginaId["PRIVACY"]);?>"><?php echo gtext("condizioni di privacy");?></a>
Frontend/Application/Views/_/Elementi/Cookie/elenco_cookie.php:5	<h3><?php echo gtext("Elenco dei cookie tecnici (necessari)");?></h3>
Frontend/Application/Views/_/Elementi/Cookie/elenco_cookie.php:11	<td><?php echo gtext("Nome");?></td>
Frontend/Application/Views/_/Elementi/Cookie/elenco_cookie.php:12	<td><?php echo gtext("Durata");?></td>
Frontend/Application/Views/_/Elementi/Cookie/elenco_cookie.php:13	<td><?php echo gtext("Proprietario");?></td>
Frontend/Application/Views/_/Elementi/Cookie/elenco_cookie.php:14	<td><?php echo gtext("Descrizione");?></td>
Frontend/Application/Views/_/Elementi/Cookie/elenco_cookie.php:34	<h3><?php echo gtext("Elenco dei cookie di profilazione a fini statistici e di marketing");?></h3>
Frontend/Application/Views/_/Elementi/Cookie/elenco_cookie.php:40	<td><?php echo gtext("Nome");?></td>
Frontend/Application/Views/_/Elementi/Cookie/elenco_cookie.php:41	<td><?php echo gtext("Durata");?></td>
Frontend/Application/Views/_/Elementi/Cookie/elenco_cookie.php:42	<td><?php echo gtext("Proprietario");?></td>
Frontend/Application/Views/_/Elementi/Cookie/elenco_cookie.php:43	<td><?php echo gtext("Descrizione");?></td>
Frontend/Application/Views/_/Elementi/Cookie/elenco_cookie.php:58	<td><?php echo gtext($c["durata"]);?></td>
Frontend/Application/Views/_/Elementi/Cookie/elenco_cookie.php:60	<td><?php echo gtext($c["note"]);?></td>
Frontend/Application/Views/_/Elementi/Cookie/scelta_tipo_form.php:4	<div class="uk-margin"><b><?php echo gtext("Seleziona le tue preferenze sui cookie.");?></b></div>
Frontend/Application/Views/_/Elementi/Cookie/scelta_tipo_form.php:9	<?php echo Html_Form::checkbox("accetto",1,1,null,null,"disabled readonly");?> <span class="uk-margin-small-left uk-margin-small-right"><?php echo gtext("Cookie tecnici");?></span>
Frontend/Application/Views/_/Elementi/Cookie/scelta_tipo_form.php:15	echo Html_Form::checkbox("all_cookie",$valoreCookieTerzi,1);?> <span class="uk-margin-small-left"><?php echo gtext("Cookie statistiche + marketing");?></span>
Frontend/Application/Views/_/Elementi/Cookie/scelta_tipo_form.php:19	<button type="submit" class="submit_preferenze <?php echo v("cookies_save_pref")?>"><!--<span uk-icon="check"></span>--> <?php echo gtext("Approva selezionati");?></button>
Frontend/Application/Views/_/Elementi/Cookie/scelta_tipo_form.php:22	<?php echo gtext("Approva tutti");?>
Frontend/Application/Views/_/Elementi/Cookie/Varianti/accetta.php:3	<p><?php echo gtext("Questo sito utilizza cookie per migliorare la tua esperienza di navigazione.");?><br /><?php echo gtext("Cliccando su ACCETTO o continuando a navigare ne consenti l'utilizzo.");?>
Frontend/Application/Views/_/Elementi/Cookie/Varianti/accetta.php:6	<a class="" href="<?php echo $this->baseUrl."/".getUrlAlias($tipiPagina["COOKIE"]);?>"><?php echo gtext("Ulteriori informazioni");?></a>
Frontend/Application/Views/_/Elementi/Cookie/Varianti/accetta_approfondisci.php:7	<?php echo gtext("Accetta");?>
Frontend/Application/Views/_/Elementi/Cookie/Varianti/accetta_approfondisci.php:9	<?php echo gtext("Chiudi");?>
Frontend/Application/Views/_/Elementi/Cookie/Varianti/accetta_approfondisci.php:15	<?php echo gtext("Preferenze");?>
Frontend/Application/Views/_/Elementi/Cookie/testo_popup_cookies.php:5	<?php echo gtext("Questo sito utilizza cookie tecnici e funzionali per migliorare la tua esperienza di navigazione.");?>
Frontend/Application/Views/_/Elementi/Cookie/testo_popup_cookies.php:7	<?php echo gtext("Con il tuo consenso vorremmo attivare cookie con finalità di analisi e di marketing, allo scopo di migliorare la tua esperienza di navigazione e di mostrarti prodotti e servizi di tuo interesse.");?>
Frontend/Application/Views/_/Elementi/Cookie/testo_popup_cookies.php:9	<?php echo gtext("Puoi modificare le tue impostazioni in qualsiasi momento nella pagina delle"); ?>
Frontend/Application/Views/_/Elementi/Cookie/testo_popup_cookies.php:10	<a target="_blank" href="<?php echo $this->baseUrl."/".getUrlAlias($idCookie);?>"><?php echo gtext("condizioni sui cookie."); ?></a>
Frontend/Application/Views/_/Elementi/Cookie/testo_popup_cookies.php:12	<?php echo gtext("Puoi modificare le tue impostazioni in qualsiasi momento nella pagina delle condizioni sui cookie."); ?>
Frontend/Application/Views/_/Elementi/Cookie/testo_popup_cookies.php:14	<?php echo gtext("Nella stessa pagina troverai informazioni sul responsabile della gestione dei tuoi dati, il trattamento dei dati personali e le finalità di tale trattamento.")?>
Frontend/Application/Views/_/Elementi/Cookie/testo_popup_cookies.php:17	<?php echo gtext("Nella")?>
Frontend/Application/Views/_/Elementi/Cookie/testo_popup_cookies.php:19	<?php echo gtext("pagina delle condizioni sui cookie")?>
Frontend/Application/Views/_/Elementi/Cookie/testo_popup_cookies.php:21	<?php echo gtext("troverai informazioni sul responsabile della gestione dei tuoi dati, il trattamento dei dati personali e le finalità di tale trattamento.")?>
Frontend/Application/Views/_/Elementi/Cookie/testo_popup_cookies.php:23	<?php echo gtext("Nella pagina delle condizioni sui cookie troverai informazioni sul responsabile della gestione dei tuoi dati, il trattamento dei dati personali e le finalità di tale trattamento.")?>
Frontend/Application/Views/_/Elementi/mostra_nascondi_password.php:11	<?php echo gtext("La password deve contenere:");?>
Frontend/Application/Views/_/Elementi/mostra_nascondi_password.php:13	<?php echo gtext("almeno ".VariabiliModel::getNumeroCaratteriPassword()." caratteri,");?>
Frontend/Application/Views/_/Elementi/mostra_nascondi_password.php:16	<?php echo gtext("minuscole,");?>
Frontend/Application/Views/_/Elementi/mostra_nascondi_password.php:19	<?php echo gtext("maiuscole,");?>
Frontend/Application/Views/_/Elementi/mostra_nascondi_password.php:22	<?php echo gtext("almeno un numero,");?>
Frontend/Application/Views/_/Elementi/mostra_nascondi_password.php:25	<?php echo gtext("almeno un carattere speciale tra");?> <?php echo v("password_regular_expression_caratteri_speciali");?>
Frontend/Application/Views/_/Elementi/ListaRegalo/AvvisoCarrelloCheckout/default.php:12	<?php echo gtext("Attenzione: hai acquistato i seguenti prodotti partendo dalla lista");?>
Frontend/Application/Views/_/Elementi/ListaRegalo/AvvisoCarrelloCheckout/default.php:14	<?php echo gtext("Attenzione: hai inserito nel carrello i prodotti partendo dalla lista");?>
Frontend/Application/Views/_/Elementi/ListaRegalo/AvvisoCarrelloCheckout/default.php:18	<dd class="uk-text-small"><?php echo gtext("I prodotti acquistati verranno automaticamente consegnati al titolare della lista suddetta.")?></dd>
Frontend/Application/Views/_/Elementi/ListaRegalo/AvvisoCarrelloCheckout/default.php:19	<dd class="uk-text-small"><?php echo gtext("Se si desidera consegnare personalmente i regali, si prega di passare a ritirarli in negozio.")?></dd>
Frontend/Application/Views/_/Elementi/ListaRegalo/ElencoProdotti/default.php:8	<?php echo gtext("Prodotto");?>
Frontend/Application/Views/_/Elementi/ListaRegalo/ElencoProdotti/default.php:13	<?php echo gtext("Descrizione");?>
Frontend/Application/Views/_/Elementi/ListaRegalo/ElencoProdotti/default.php:16	<?php echo gtext("Prezzo");?>
Frontend/Application/Views/_/Elementi/ListaRegalo/ElencoProdotti/default.php:19	<?php echo gtext("Quantità da acquistare");?>
Frontend/Application/Views/_/Elementi/ListaRegalo/ElencoProdotti/default.php:22	<?php echo gtext("Quantità desiderata");?>
Frontend/Application/Views/_/Elementi/ListaRegalo/ElencoProdotti/default.php:25	<?php echo gtext("Regalati");?>
Frontend/Application/Views/_/Elementi/ListaRegalo/ElencoProdotti/default.php:28	<?php echo gtext("Regala");?>
Frontend/Application/Views/_/Elementi/ListaRegalo/ElencoProdotti/default.php:70	<span class="uk-hidden@m uk-text-bold"><?php echo gtext("Prezzo");?>:</span> <?php if ($prezzoPienoIvato != $prezzoFinaleIvato) { echo "<del>$stringaDa € ".setPriceReverse($prezzoPienoIvato)."</del> € ".setPriceReverse($prezzoFinaleIvato); } else { echo "$stringaDa € ".setPriceReverse($prezzoFinaleIvato);}?> €
Frontend/Application/Views/_/Elementi/ListaRegalo/ElencoProdotti/default.php:73	<span class="uk-hidden@m uk-text-bold"><?php echo gtext("Quantita da acquistare");?>:</span>
Frontend/Application/Views/_/Elementi/ListaRegalo/ElencoProdotti/default.php:90	<span class="uk-hidden@m uk-text-bold"><?php echo gtext("Quantita desiderata");?>:</span> <?php echo $numeroDesiderati;?>
Frontend/Application/Views/_/Elementi/ListaRegalo/ElencoProdotti/default.php:93	<span class="uk-hidden@m uk-text-bold"><?php echo gtext("Regalati");?>:</span> <?php echo $numeroRegalati;?>
Frontend/Application/Views/_/Elementi/ListaRegalo/ElencoProdotti/default.php:101	<span class="uk-text-secondary uk-text-small uk-text-bold"><?php echo gtext("Il prodotto non è più acquistabile");?></span>
Frontend/Application/Views/_/Elementi/ListaRegalo/ElencoProdotti/default.php:104	<span class="uk-text-secondary uk-text-small uk-text-bold"><?php echo gtext("Già regalato");?></span>
Frontend/Application/Views/_/Elementi/ListaRegalo/ElencoProdotti/default.php:115	<div class="uk-text-center"><?php echo gtext("Questa lista non contiene alcun prodotto da regalare.");?></div>
Frontend/Application/Views/_/Elementi/footer_link_contenuti.php:2	<li><a href="<?php echo $this->baseUrl."/".getCategoryUrlAlias($idShop);?>"><?php echo gtext("Prodotti");?></a></li>
Frontend/Application/Views/_/Elementi/footer_link_contenuti.php:4	<li><a href="<?php echo $this->baseUrl."/".getUrlAlias($tipiPagina["AZIENDA"]);?>"><?php echo gtext("Chi siamo");?></a></li>
Frontend/Application/Views/_/Elementi/footer_link_contenuti.php:7	<li><a href="<?php echo $this->baseUrl."/".getUrlAlias($tipiPagina["CONTATTI"]);?>"><?php echo gtext("Contatti");?></a></li>
Frontend/Application/Views/_/Elementi/footer_link_contenuti.php:10	<li><a href="<?php echo $this->baseUrl."/".getCategoryUrlAlias($idBlog);?>"><?php echo gtext("Blog");?></a></li>
Frontend/Application/Views/_/Elementi/footer_link_contenuti.php:13	<li><a href="<?php echo $this->baseUrl."/".getCategoryUrlAlias(CategoriesModel::getIdCategoriaDaSezione("faq"));?>"><?php echo gtext("Faq");?></a></li>
Frontend/Application/Views/_/Elementi/footer_iscrizione_newsletter.php:4	<div class="uk-form-label uk-text-muted"><?php echo gtext("Iscriviti per aggiornamenti")?></div>
Frontend/Application/Views/_/Elementi/Generali/FormNewsletter/default.php:15	<button type='submit' class="uk-button uk-button-secondary uk-text-bold uk-width-expand btn_submit_form"><?php echo gtext("Iscriviti");?></button>
Frontend/Application/Views/_/Elementi/Generali/FormNewsletter/default.php:29	<?php echo Html_Form::checkbox('accetto',Form::gValue("accetto"),'1','uk-checkbox');?><span class="uk-text-small uk-margin-left"><?php echo gtext("Ho letto e accetto le condizioni della");?> <a target="_blank" href="<?php echo $this->baseUrl."/".getUrlAlias($idPrivacy);?>"><?php echo gtext("privacy policy");?></a></span>
Frontend/Application/Views/_/Elementi/Generali/HeaderUserBoxForm/default.php:5	<label class="uk-form-label"><?php echo gtext("e-mail")?> *</label>
Frontend/Application/Views/_/Elementi/Generali/HeaderUserBoxForm/default.php:11	<label class="uk-form-label"><?php echo gtext("password")?> *</label>
Frontend/Application/Views/_/Elementi/Generali/LoginTop/default.php:4	<div class="uk-alert-primary uk-alert"><?php echo gtext("Per poter richiedere assistenza tramite il sito web, esegui il login oppurte registrati.");?></div>
Frontend/Application/Views/_/Elementi/Generali/FormContatti/default.php:29	<label><?php echo Html_Form::checkbox('accetto',Form::gValue("accetto"),'1','uk-checkbox');?><span class="uk-text-small uk-margin-left"><?php echo gtext("Ho letto e accetto le condizioni della");?> <a target="_blank" href="<?php echo $this->baseUrl."/".getUrlAlias($idPrivacy);?>"><?php echo gtext("privacy policy");?></a></span></label>
Frontend/Application/Views/_/Elementi/Generali/FormContatti/default.php:39	<button type='submit' class="uk-button uk-button-secondary btn_submit_form"><?php echo gtext('Invia',false);?></button>
Frontend/Application/Views/_/Elementi/Generali/LoginRegistrazione/testo_pulsante.php:6	<h3><?php echo gtext("Registrati");?></h3>
Frontend/Application/Views/_/Elementi/Generali/LoginRegistrazione/testo_pulsante.php:7	<div class="uk-text-meta"><?php echo gtext("Registrati per poter accedere all'area riservata e gestire i tuoi ordini.");?></div>
Frontend/Application/Views/_/Elementi/Generali/LoginRegistrazione/testo_pulsante.php:10	<a class="uk-width-1-1 uk-width-1-3@s <?php echo v("classe_pulsanti_submit");?> box_info_registrazione btn_submit_form" href="<?php echo $this->baseUrl."/".Url::routeToUrl("crea-account").$redirectQueryString;?>"><?php echo gtext("Registrati");?></a>
Frontend/Application/Views/_/Elementi/Generali/LoginRegistrazione/default.php:3	<?php echo gtext("Vuoi creare un nuovo account?")?> <a class="uk-text-meta" href="<?php echo $this->baseUrl."/".Url::routeToUrl("crea-account").$redirectQueryString;?>" class=""><?php echo gtext("Registrati");?></a>
Frontend/Application/Views/_/Elementi/Generali/LoginPassword/default.php:3	<a class="uk-text-meta" href="<?php echo $this->baseUrl."/password-dimenticata";?>"><?php echo gtext("Hai dimenticato la password?");?></a>
Frontend/Application/Views/_/Elementi/Generali/LoginPassword/form.php:3	<h3><?php echo gtext("Hai dimenticato la password?");?></h3>
Frontend/Application/Views/_/Elementi/Generali/LoginPassword/form.php:4	<div class="uk-text-meta"><?php echo gtext("Scrivi il tuo indirizzo e-mail e premi invia per richiedere una nuova password.");?></div>
Frontend/Application/Views/_/Elementi/Generali/LoginPassword/form.php:9	<label class="uk-form-label uk-text-bold"><?php echo gtext("Indirizzo e-mail");?> *</label>
Frontend/Application/Views/_/Elementi/Generali/LoginTwoFactor/default.php:3	<h4 class=""><?php echo gtext("Per completare la verifica digita nel campo sottostante il codice a ".v("autenticazione_due_fattori_numero_cifre_front")." cifre");?><br /><?php echo gtext("che è stato inviato all'indirizzo");?><b> <?php echo partiallyHideEmail($user["username"]);?></b></h4>
Frontend/Application/Views/_/Elementi/Generali/LoginTwoFactor/default.php:16	<label class="uk-form-label uk-text-bold"><?php echo gtext("Codice inviato via e-mail");?> *</label>
Frontend/Application/Views/_/Elementi/Generali/LoginTwoFactor/default.php:27	<a class="uk-button uk-button-default uk-width-1-1 uk-width-1-2@s" href="<?php echo $this->baseUrl."/".$this->applicationUrl.$this->controller."/login";?>"><span class="uk-icon"><?php include tpf("Elementi/Icone/Svg/arrow-left.svg");?></span> <?php echo gtext("Torna");?></a>
Frontend/Application/Views/_/Elementi/Generali/LoginTwoFactor/default.php:33	<br /><a href="<?php echo $this->baseUrl."/".$this->applicationUrl.$this->controller."/twofactorsendmail/".RegusersModel::$redirectQueryString;?>"><?php echo gtext("Invia nuovamente il codice a ".v("autenticazione_due_fattori_numero_cifre_front")." cifre");?> <span class="uk-icon"><?php include tpf("Elementi/Icone/Svg/mail.svg");?></span></a>
Frontend/Application/Views/_/Elementi/Generali/Pagetop/default.php:14	<a href="#filtri-categoria" class="uk-button uk-button-default uk-margin-small-right uk-margin-top" uk-toggle="target: #filtri-categoria"><span class="uk-margin-xsmall-right" uk-icon="icon: settings; ratio: .75;"></span> <?php echo gtext("Menù area riservata");?></a>
Frontend/Application/Views/_/Elementi/Generali/Pagetop/default.php:33	<a href="#filtri-categoria" class="uk-button uk-button-default uk-margin-small-right uk-margin-top" uk-toggle="target: #filtri-categoria"><span class="uk-margin-xsmall-right" uk-icon="icon: settings; ratio: .75;"></span> <?php echo gtext("filtri");?></a>
Frontend/Application/Views/_/Elementi/Generali/MenuOffcanvas/default.php:22	<a href="<?php echo $this->baseUrl."/".getCategoryUrlAlias($idShop);?>"><?php echo gtext("Shop");?></a>
Frontend/Application/Views/_/Elementi/Generali/LoginFormSxTop/default.php:3	<h3><?php echo gtext("Accedi");?></h3>
Frontend/Application/Views/_/Elementi/Generali/LoginFormSxTop/default.php:4	<div class="uk-text-meta"><?php echo gtext("Inserisci E-mail e Password per continuare come utente loggato.");?></div>
Frontend/Application/Views/_/Elementi/Generali/LoginConfermaAccount/default.php:3	<h4 class=""><?php echo gtext("Per completare la verifica digita nel campo sottostante il codice a ".v("conferma_registrazione_numero_cifre_codice_verifica")." cifre");?><br /><?php echo gtext("che è stato inviato all'indirizzo");?><b> <?php echo partiallyHideEmail($user["username"]);?></b></h4>
Frontend/Application/Views/_/Elementi/Generali/LoginConfermaAccount/default.php:16	<label class="uk-form-label uk-text-bold"><?php echo gtext("Codice inviato via e-mail");?> *</label>
Frontend/Application/Views/_/Elementi/Generali/LoginConfermaAccount/default.php:30	<br /><a href="<?php echo $this->baseUrl."/send-confirmation";?>"><?php echo gtext("Invia nuovamente il codice a ".v("conferma_registrazione_numero_cifre_codice_verifica")." cifre");?> <span class="uk-icon"><?php include tpf("Elementi/Icone/Svg/mail.svg");?></span></a>
Frontend/Application/Views/_/Elementi/Generali/LoginApp/default.php:11	<h4 class=""><?php echo $lApp["titolo"];?> <?php echo gtext("Connect");?></h4>
Frontend/Application/Views/_/Elementi/Generali/LoginApp/default.php:19	<?php echo gtext("accedi tramite")." ".$lApp["titolo"];?>
Frontend/Application/Views/_/Elementi/Generali/AutenticazioneFormSxTop/default.php:3	<h3><?php echo gtext("Accedi");?></h3>
Frontend/Application/Views/_/Elementi/Generali/AutenticazioneFormSxTop/default.php:4	<div class="uk-text-meta"><?php echo gtext("Inserisci E-mail e Password per continuare come utente loggato.");?><?php if (!User::$isPhone) { ?><br /><br /><?php } ?></div>
Frontend/Application/Views/_/Elementi/Generali/BoxContatti/default.php:4	<h2 class="uk-text-bold"><?php echo gtext("Contattaci")?></h2>
Frontend/Application/Views/_/Elementi/Generali/LoginForm/default.php:13	<label class="uk-form-label uk-text-bold"><?php echo gtext("Indirizzo e-mail");?> *</label>
Frontend/Application/Views/_/Elementi/Generali/LoginForm/default.php:20	<label class="uk-form-label uk-text-bold"><?php echo gtext("Password");?> *</label>
Frontend/Application/Views/_/Elementi/Carrello/Rapido/default.php:6	<?php echo gtext("Carrello");?>
Frontend/Application/Views/_/Elementi/Carrello/Rapido/default.php:59	<p><?php echo gtext("Il carrello è vuoto")?></p>
Frontend/Application/Views/_/Elementi/Carrello/Rapido/default.php:68	<div class="uk-width-expand uk-text-muted uk-h4"><?php echo gtext("Subtotale");?></div>
Frontend/Application/Views/_/Elementi/Carrello/Rapido/default.php:73	<div><a class="<?php echo v("classe_pulsanti_carrello");?> uk-margin-small uk-width-1-1" href="<?php echo $this->baseUrl."/carrello/vedi"?>"><?php echo gtext("Carrello");?></a></div>
Frontend/Application/Views/_/Elementi/Carrello/Rapido/default.php:74	<div><a class="<?php echo v("classe_pulsanti_submit");?> uk-margin-small uk-width-1-1" href="<?php echo $this->baseUrl."/".VariabiliModel::paginaAutenticazione();?>"><?php echo gtext("Checkout");?></a></div>
Frontend/Application/Views/_/Elementi/Carrello/Rapido/default.php:76	<div><a class="<?php echo v("classe_pulsanti_carrello");?> uk-margin-small uk-width-1-1" href="<?php echo $this->baseUrl."/carrello/vedi"?>"><?php echo gtext("Vai al carrello");?> <span uk-icon="arrow-right"></span></a></div>
Frontend/Application/Views/_/Elementi/Mail/mail_approvazione_solo_account_utente.php:4	<?php echo gtext("Gentile",false);?> [NOME_CLIENTE],<br />
Frontend/Application/Views/_/Elementi/Mail/mail_approvazione_solo_account_utente.php:5	<?php echo gtext("il suo account è stato attivato.")?>
Frontend/Application/Views/_/Elementi/Mail/mail_approvazione_solo_account_utente.php:8	<p><?php echo gtext("Potrà accedere alla propria area riservata tramite username e password che ha scelto e visitando il seguente",false);?> <a href="<?php echo Domain::$publicUrl."/[LINGUA]/area-riservata";?>"><?php echo gtext("indirizzo web",false);?></a>.
Frontend/Application/Views/_/Elementi/Mail/mail_approvazione_solo_account_utente.php:11	<p><?php echo gtext("Cordiali saluti", false);?>.</p>
Frontend/Application/Views/_/Elementi/Mail/mail_link_codice_coupon_cliente.php:3	<p><?php echo gtext("Gentile");?> [NOME_UTENTE],<br />
Frontend/Application/Views/_/Elementi/Mail/mail_link_codice_coupon_cliente.php:4	<br /><b>[NOME_AGENTE]</b> <?php echo gtext("ti ha condiviso il seguente codice coupon da usare nei tuoi acquisti nel nostro sito web", false);?>.<br />
Frontend/Application/Views/_/Elementi/Mail/mail_link_codice_coupon_cliente.php:5	<?php echo gtext("Codice coupon");?>: <b>[CODICE_COUPON]</b>
Frontend/Application/Views/_/Elementi/Mail/mail_link_codice_coupon.php:3	<p><?php echo gtext("Gentile");?> [NOME_UTENTE],<br />
Frontend/Application/Views/_/Elementi/Mail/mail_link_codice_coupon.php:4	<br /><?php echo gtext("ecco il codice coupon che puoi condividere con i tuoi clienti", false);?>:<br />
Frontend/Application/Views/_/Elementi/Mail/mail_link_codice_coupon.php:5	<?php echo gtext("codice");?>: <b>[CODICE_COUPON]</b>
Frontend/Application/Views/_/Elementi/Mail/mail_link_codice_coupon.php:8	<p><?php echo gtext("Puoi gestire i coupon a te associati nella tua area riservata al seguente link:")?> [LINK_AREA_RISERVATA].</p>
Frontend/Application/Views/_/Elementi/Mail/mail_approvazione_gruppi_utente.php:4	<?php echo gtext("Gentile",false);?> [NOME_CLIENTE],<br />
Frontend/Application/Views/_/Elementi/Mail/mail_approvazione_gruppi_utente.php:5	<?php echo gtext("il suo account è stato attivato.")?>
Frontend/Application/Views/_/Elementi/Mail/mail_approvazione_gruppi_utente.php:8	<p><?php echo gtext("Potrà accedere alla propria area riservata tramite username e password che ha scelto e visitando il seguente",false);?> <a href="<?php echo Domain::$publicUrl."/[LINGUA]/area-riservata";?>"><?php echo gtext("indirizzo web",false);?></a>.
Frontend/Application/Views/_/Elementi/Mail/mail_approvazione_gruppi_utente.php:11	<p><?php echo gtext("Cordiali saluti", false);?>.</p>
Frontend/Application/Views/_/Elementi/Mail/mail_link_lista_regalo.php:3	<p style="text-align:center;">[NOME_CREATORE_LISTA] (<a href="mailto:[EMAIL_CREATORE_LISTA]">[EMAIL_CREATORE_LISTA]</a>) <?php echo gtext("ha condiviso una lista regalo con te!", false);?>!<br />
Frontend/Application/Views/_/Elementi/Mail/mail_ordine_ricevuto_agente.php:3	<p><?php echo gtext("Gentile");?> <?php echo RegusersModel::getNominativo($agente);?>,<br />
Frontend/Application/Views/_/Elementi/Mail/mail_ordine_ricevuto_agente.php:4	<?php echo gtext("Il cliente");?> <b><?php echo RegusersModel::getNominativo($ordine);?></b> <?php echo gtext("ha eseguito un ordine nel nostro negozio online utilizzando il tuo codice coupon");?> <b><?php echo $ordine["codice_promozione"];?></b>.</p>
Frontend/Application/Views/_/Elementi/Mail/mail_ordine_ricevuto_agente.php:6	<p><?php echo gtext("Ecco i dettagli dell'ordine");?>:</p>
Frontend/Application/Views/_/Elementi/Mail/mail_ordine_ricevuto_agente.php:11	<p><?php echo gtext("Puoi trovare il resoconto completo degli ordini legati ai tuoi coupon nella tua area riservata al")?> <a href="<?php echo Url::getRoot()."ordini-collegati/";?>"><?php echo gtext("seguente indirizzo web");?></a>.</p>
Frontend/Application/Views/_/Elementi/Mail/Clienti/recupero_password.php:3	<p><?php echo gtext("Gentile [NOME_CLIENTE]");?>,</p>
Frontend/Application/Views/_/Elementi/Mail/Clienti/recupero_password.php:5	<p><?php echo gtext("le sarà possibile richiedere di impostare una nuova password al seguente");?> <a href="[LINK_RECUPERO]"><?php echo gtext("indirizzo web");?></a>.</p>
Frontend/Application/Views/_/Elementi/Mail/Clienti/recupero_password.php:7	<p><?php echo gtext("Se ha ricevuto questa e-mail per errore le chiediamo gentilmente di cancellarla");?>.</p>
Frontend/Application/Views/_/Elementi/Mail/Clienti/codice_due_fattori.php:3	<p><?php echo gtext("Gentile [NOME_CLIENTE]");?>,</p>
Frontend/Application/Views/_/Elementi/Mail/Clienti/codice_due_fattori.php:5	<p><?php echo gtext("ecco il codice di verifica a ".v("autenticazione_due_fattori_numero_cifre_admin"). " cifre necessario per completare l'autenticazione nel nostro sito web:");?></p>
Frontend/Application/Views/_/Elementi/Mail/Clienti/codice_due_fattori.php:9	<p><?php echo gtext("Se ha ricevuto questa e-mail per errore le chiediamo gentilmente di cancellarla");?>.</p>
Frontend/Application/Views/_/Elementi/Mail/Clienti/conferma_account.php:3	<p><?php echo gtext("Gentile [NOME_CLIENTE]");?>,</p>
Frontend/Application/Views/_/Elementi/Mail/Clienti/conferma_account.php:5	<p><?php echo gtext("le sarà possibile procedere con la verifica del suo account al seguente");?> <a href="[LINK_RECUPERO]"><?php echo gtext("indirizzo web");?></a>.</p>
Frontend/Application/Views/_/Elementi/Mail/Clienti/conferma_account.php:7	<p><?php echo gtext("Se ha ricevuto questa e-mail per errore le chiediamo gentilmente di cancellarla");?>.</p>
Frontend/Application/Views/_/Elementi/Mail/Clienti/account_attivato.php:3	<p><?php echo gtext("Gentile [NOME_CLIENTE]");?>,</p>
Frontend/Application/Views/_/Elementi/Mail/Clienti/account_attivato.php:5	<p><?php echo gtext("il suo account è stato attivato.");?></p>
Frontend/Application/Views/_/Elementi/Mail/Clienti/account_attivato.php:7	<p><?php echo gtext("Le sarà possibile accedere alla tua area riservata visitando il seguente");?> <a href="[LINK_LOGIN]"><?php echo gtext("indirizzo web");?></a>.</p>
Frontend/Application/Views/_/Elementi/Mail/Clienti/mail_rinnovo.php:3	<?php echo gtext("Questa email è automaticamente generata e vuole ricordarti che il tuo account è in scadenza.");?><br />
Frontend/Application/Views/_/Elementi/Mail/Clienti/mail_rinnovo.php:4	<?php echo gtext("Il tuo account scadrà il");?> [DATA_SCADENZA]. <a href="[URL_RINNOVO]"><?php echo gtext("Clicca qui per riattivarlo");?></a>
Frontend/Application/Views/_/Elementi/Mail/mail_login_da_social.php:3	<p><?php echo gtext("Gentile cliente, hai effetuato il login sul sito utilizzando il tuo account",false);?> <?php echo $recordLoginApp["titolo"]." ".$clean["username"];?></p>
Frontend/Application/Views/_/Elementi/Mail/mail_login_da_social.php:5	<p><?php echo gtext("Cordiali saluti", false);?>.</p>
Frontend/Application/Views/_/Elementi/Mail/Note/promozioni.php:1	<?php echo gtext("Gentile"); ?> [NOME],
Frontend/Application/Views/_/Elementi/Mail/Note/promozioni.php:3	<?php echo gtext("in data"); ?> <?php echo date("d/m/Y");?> <?php echo gtext("il codice coupon"); ?> [CODICE] <?php echo gtext("è stato usato per un valore di"); ?> [VALORE_USATO] euro.
Frontend/Application/Views/_/Elementi/Mail/Note/promozioni.php:5	<?php echo gtext("Il valore finale rimasto del codice coupon è pari a")?> [VALORE_RIMASTO] euro.
Frontend/Application/Views/_/Elementi/Mail/Note/promozioni.php:7	<?php echo gtext("Cordiali saluti");?>
Frontend/Application/Views/_/Elementi/Mail/AssistenteVirtuale/ticket_al_cliente.php:3	<?php echo gtext("Gentile cliente,", false);?><br />
Frontend/Application/Views/_/Elementi/Mail/AssistenteVirtuale/ticket_al_cliente.php:4	<?php echo gtext("ecco il ticket aperto tramite il nostro assistente virtuale.", false);?><br />
Frontend/Application/Views/_/Elementi/Mail/AssistenteVirtuale/ticket_al_cliente.php:7	<b><?php echo gtext("Email", false);?>:</b> [EMAIL]<br />
Frontend/Application/Views/_/Elementi/Mail/AssistenteVirtuale/ticket_al_cliente.php:8	<b><?php echo gtext("Telefono", false);?>:</b> [TELEFONO]<br />
Frontend/Application/Views/_/Elementi/Mail/AssistenteVirtuale/ticket_al_cliente.php:12	<?php echo gtext("Il negozio riceverà questa conversazione e verrai ricontattato dal servizio clienti.", false);?><br />
Frontend/Application/Views/_/Elementi/Mail/AssistenteVirtuale/ticket_al_cliente.php:14	<?php echo gtext("Cordiali saluti", false);?>.
Frontend/Application/Views/_/Elementi/Mail/AssistenteVirtuale/ticket_al_negozio.php:3	<?php echo gtext("Un cliente ha aperto un ticket tramite il chatbot.", false);?><br />
Frontend/Application/Views/_/Elementi/Mail/AssistenteVirtuale/ticket_al_negozio.php:4	<?php echo gtext("Ecco i dati raccolti e lo storico della conversazione.", false);?><br />
Frontend/Application/Views/_/Elementi/Mail/AssistenteVirtuale/ticket_al_negozio.php:7	<b><?php echo gtext("Email", false);?>:</b> [EMAIL]<br />
Frontend/Application/Views/_/Elementi/Mail/AssistenteVirtuale/ticket_al_negozio.php:8	<b><?php echo gtext("Telefono", false);?>:</b> [TELEFONO]<br />
Frontend/Application/Views/_/Elementi/Mail/mail_conferma_contatto.php:3	<p><?php echo gtext("Gentile",false);?> <?php echo $contatto["nome"];?>,
Frontend/Application/Views/_/Elementi/Mail/mail_conferma_contatto.php:4	<?php echo gtext("ha ricevuto questa mail perché ha lasciato i propri contatti sul nostro sito web")?>
Frontend/Application/Views/_/Elementi/Mail/mail_conferma_contatto.php:7	<p><?php echo gtext("Per confermare i suoi dati e attivare il suo contatto segua il seguente link, che sarà attivo per ".(v("tempo_conferma_uid_contatto")/3600)." ore.", false);?><br /><b><a href="<?php echo Domain::$publicUrl."/".$contatto["lingua"]."/conferma-contatto/".$contatto["uid_contatto"];?>"><?php echo gtext("Conferma e attiva il mio contatto");?></a></b></p>
Frontend/Application/Views/_/Elementi/Mail/mail_conferma_contatto.php:9	<p><?php echo gtext("Cordiali saluti", false);?>.</p>
Frontend/Application/Views/_/Elementi/Mail/Resi/mail_al_cliente_lista.php:3	<?php echo gtext("Gentile [CLIENTE],");?><br />
Frontend/Application/Views/_/Elementi/Mail/Resi/mail_al_cliente_lista.php:5	<?php echo gtext("abbiamo ricevuto la tua richiesta di reso relativa alla lista [TITOLO_LISTA].");?><br />
Frontend/Application/Views/_/Elementi/Mail/Resi/mail_al_cliente_lista.php:7	<?php echo gtext("Dettagli");?>:<br />
Frontend/Application/Views/_/Elementi/Mail/Resi/mail_al_cliente_lista.php:8	<?php echo gtext("Data ora richiesta");?>: [DATA_ORA_RICHIESTA]<br />
Frontend/Application/Views/_/Elementi/Mail/Resi/mail_al_cliente_lista.php:9	<?php echo gtext("Titolo lista regalo");?>: [TITOLO_LISTA]<br />
Frontend/Application/Views/_/Elementi/Mail/Resi/mail_al_cliente_lista.php:10	<?php echo gtext("Codice lista regalo");?>: [CODICE_LISTA]<br />
Frontend/Application/Views/_/Elementi/Mail/Resi/mail_al_cliente_lista.php:11	<?php echo gtext("Identificativo richiesta:");?> [ID_RICHIESTA]<br />
Frontend/Application/Views/_/Elementi/Mail/Resi/mail_al_cliente_lista.php:12	<?php echo gtext("Genitore 1");?>: [CLIENTE]<br />
Frontend/Application/Views/_/Elementi/Mail/Resi/mail_al_cliente_lista.php:13	<?php echo gtext("Genitore 2");?>: [GENITORE_2]<br />
Frontend/Application/Views/_/Elementi/Mail/Resi/mail_al_cliente_lista.php:15	<?php echo gtext("La richiesta è stata registrata correttamente e verrà presa in carico dal nostro staff nel più breve tempo possibile.");?><br />
Frontend/Application/Views/_/Elementi/Mail/Resi/mail_al_cliente_lista.php:17	<?php echo gtext("Ti ricordiamo di non spedire alcun prodotto fino a quando non avrai ricevuto le istruzioni operative per la gestione del reso.");?><br />
Frontend/Application/Views/_/Elementi/Mail/Resi/mail_al_cliente_lista.php:19	<?php echo gtext("Per qualsiasi necessità puoi rispondere a questa email o contattare il nostro servizio clienti.");?><br />
Frontend/Application/Views/_/Elementi/Mail/Resi/mail_al_cliente_lista.php:21	<?php echo gtext("Grazie per averci contattato.");?><br />
Frontend/Application/Views/_/Elementi/Mail/Resi/mail_al_cliente_lista.php:23	<?php echo gtext("Cordiali saluti");?><br />
Frontend/Application/Views/_/Elementi/Mail/Resi/mail_al_cliente.php:3	<?php echo gtext("Gentile [CLIENTE],");?><br />
Frontend/Application/Views/_/Elementi/Mail/Resi/mail_al_cliente.php:5	<?php echo gtext("abbiamo ricevuto la tua richiesta di reso relativa all'ordine n. [NUMERO_ORDINE].");?><br />
Frontend/Application/Views/_/Elementi/Mail/Resi/mail_al_cliente.php:7	<?php echo gtext("Dettagli:");?><br />
Frontend/Application/Views/_/Elementi/Mail/Resi/mail_al_cliente.php:8	<?php echo gtext("Data ora richiesta:");?> [DATA_ORA_RICHIESTA]<br />
Frontend/Application/Views/_/Elementi/Mail/Resi/mail_al_cliente.php:9	<?php echo gtext("Numero ordine:");?> [NUMERO_ORDINE]<br />
Frontend/Application/Views/_/Elementi/Mail/Resi/mail_al_cliente.php:10	<?php echo gtext("Identificativo richiesta:");?> [ID_RICHIESTA]<br />
Frontend/Application/Views/_/Elementi/Mail/Resi/mail_al_cliente.php:11	<?php echo gtext("Cliente:");?> [CLIENTE]<br />
Frontend/Application/Views/_/Elementi/Mail/Resi/mail_al_cliente.php:13	<?php echo gtext("La richiesta è stata registrata correttamente e verrà presa in carico dal nostro staff nel più breve tempo possibile.");?><br />
Frontend/Application/Views/_/Elementi/Mail/Resi/mail_al_cliente.php:15	<?php echo gtext("Ti ricordiamo di non spedire alcun prodotto fino a quando non avrai ricevuto le istruzioni operative per la gestione del reso.");?><br />
Frontend/Application/Views/_/Elementi/Mail/Resi/mail_al_cliente.php:17	<?php echo gtext("Per qualsiasi necessità puoi rispondere a questa email o contattare il nostro servizio clienti.");?><br />
Frontend/Application/Views/_/Elementi/Mail/Resi/mail_al_cliente.php:19	<?php echo gtext("Grazie per averci contattato.");?><br />
Frontend/Application/Views/_/Elementi/Mail/Resi/mail_al_cliente.php:21	<?php echo gtext("Cordiali saluti");?><br />
Frontend/Application/Views/_/Elementi/Mail/Ticket/mail_nuovo_messaggio_cliente.php:4	<p><?php echo gtext("Ecco la risposta del negozio:",false);?>:</p>
Frontend/Application/Views/_/Elementi/Mail/Ticket/mail_nuovo_messaggio_cliente.php:9	<p><?php echo gtext("Per rispondere al ticket, segua", false);?> <a href="[URL_TICKET]"><?php echo gtext("questo link");?></a></p>
Frontend/Application/Views/_/Elementi/Mail/Ticket/mail_nuovo_messaggio_cliente.php:11	<p><?php echo gtext("Cordiali saluti", false);?>.</p>
Frontend/Application/Views/_/Elementi/Mail/Ticket/mail_nuovo_ticket_cliente_da_admin.php:3	<p><?php echo gtext("Gentile cliente,",false);?><br />
Frontend/Application/Views/_/Elementi/Mail/Ticket/mail_nuovo_ticket_cliente_da_admin.php:7	<?php echo gtext("Descrizione del problema da lei indicato"); ?>:<br />
Frontend/Application/Views/_/Elementi/Mail/Ticket/mail_nuovo_ticket_cliente_da_admin.php:12	<br /><p><?php echo gtext("Per vedere i dettagli del ticket ed eventualmente aggiungere un messaggio, segua", false);?> <a href="[URL_TICKET]"><?php echo gtext("questo link");?></a>.</p>
Frontend/Application/Views/_/Elementi/Mail/Ticket/mail_nuovo_ticket_cliente_da_admin.php:14	<p><?php echo gtext("Potrà avere accesso a tutti i suoi ticket dalla sua area riservata visitando il seguente",false);?> <a href="[LINK_SITO]/area-riservata"><?php echo gtext("indirizzo web",false);?></a>, <?php echo gtext("all'interno della sezione")?> <b><?php echo gtext("assistenza")?></b>.
Frontend/Application/Views/_/Elementi/Mail/Ticket/mail_nuovo_ticket_cliente_da_admin.php:17	<p><?php echo gtext("Di seguito le credenziali per l'accesso alla sua area riservata nel nostro sito web",false);?>:</p>
Frontend/Application/Views/_/Elementi/Mail/Ticket/mail_nuovo_ticket_cliente_da_admin.php:20	<?php echo gtext("Username", false);?>: <b>[EMAIL_CLIENTE]</b>
Frontend/Application/Views/_/Elementi/Mail/Ticket/mail_nuovo_ticket_cliente_da_admin.php:22	<?php echo gtext("Password", false);?>: <?php echo gtext("Utilizzi la sua password o richieda una nuova password come indicato sotto.")?>
Frontend/Application/Views/_/Elementi/Mail/Ticket/mail_nuovo_ticket_cliente_da_admin.php:25	<p><?php echo gtext("Se non ricorda o non conosce la password di accesso all'area riservata, può richiedere una nuova password al seguente ", false);?> <a href="[LINK_SITO]/password-dimenticata"><?php echo gtext("indirizzo web",false);?></a></p>
Frontend/Application/Views/_/Elementi/Mail/Ticket/mail_nuovo_ticket_cliente_da_admin.php:27	<p><?php echo gtext("Cordiali saluti", false);?>.</p>
Frontend/Application/Views/_/Elementi/Mail/Ticket/mail_nuovo_ticket_negozio.php:3	<p><?php echo gtext("Un cliente ha inserito un ticket di assistenza.",false);?><br />
Frontend/Application/Views/_/Elementi/Mail/Ticket/mail_nuovo_ticket_negozio.php:4	<?php echo gtext("Ecco i dettagli del ticket.",false);?><br />
Frontend/Application/Views/_/Elementi/Mail/Ticket/mail_nuovo_ticket_negozio.php:7	<b><?php echo gtext("ID Ticket"); ?>:</b> [ID_TICKET]<br />
Frontend/Application/Views/_/Elementi/Mail/Ticket/mail_nuovo_ticket_negozio.php:8	<b><?php echo gtext("Cliente"); ?>:</b> [NOMINATIVO_CLIENTE]<br />
Frontend/Application/Views/_/Elementi/Mail/Ticket/mail_nuovo_ticket_negozio.php:9	<b><?php echo gtext("Email cliente"); ?>:</b> [EMAIL_CLIENTE]<br />
Frontend/Application/Views/_/Elementi/Mail/Ticket/mail_nuovo_ticket_negozio.php:11	<b><?php echo gtext("Descrizione del problema"); ?></b><br />
Frontend/Application/Views/_/Elementi/Mail/Ticket/mail_nuovo_ticket_negozio.php:16	<?php echo gtext("Tutte le informazioni sono presenti all'interno della pagina di dettaglio del ticket, nella sezione");?> <b><?php echo gtext("E-commerce");?></b> > <b><?php echo gtext("Assistenza");?></b> <?php echo gtext("del pannello admin dell'ecommerce.",false);?>
Frontend/Application/Views/_/Elementi/Mail/Ticket/mail_nuovo_ticket_cliente.php:4	<?php echo gtext("Gentile cliente,.",false);?><br />
Frontend/Application/Views/_/Elementi/Mail/Ticket/mail_nuovo_ticket_cliente.php:5	<?php echo gtext("ecco il ticket di assistenza da lei inserito.");?>
Frontend/Application/Views/_/Elementi/Mail/Ticket/mail_nuovo_ticket_cliente.php:10	<b><?php echo gtext("Descrizione del problema"); ?>:</b><br />
Frontend/Application/Views/_/Elementi/Mail/Ticket/mail_nuovo_ticket_cliente.php:14	<p><?php echo gtext("Le verrà notificato via mail quando un amministratore del negozio risponderà al suo ticket.", false);?></p>
Frontend/Application/Views/_/Elementi/Mail/Ticket/mail_nuovo_ticket_cliente.php:16	<p><?php echo gtext("Può vedere l'avanzamento del suo ticket di assistenza in ogni momento tramite il seguente", false);?> <a href="[URL_TICKET]"><?php echo gtext("indirizzo web");?></a>.</p>
Frontend/Application/Views/_/Elementi/Mail/Ticket/mail_nuovo_ticket_cliente.php:18	<p><?php echo gtext("Potrà inoltre accedere al dettaglio del suo ticket di assistenza dall'area riservata del nostro sito web.", false);?></p>
Frontend/Application/Views/_/Elementi/Mail/Ticket/mail_nuovo_ticket_cliente.php:20	<p><?php echo gtext("Cordiali saluti", false);?>.</p>
Frontend/Application/Views/_/Elementi/Mail/Ticket/mail_nuovo_messaggio_negozio.php:4	<p><?php echo gtext("Ecco la risposta del cliente:",false);?>:</p>
Frontend/Application/Views/_/Elementi/Mail/Ticket/mail_nuovo_messaggio_negozio.php:9	<p><?php echo gtext("Per rispondere al ticket usa il form nella pagina di dettaglio del ticket, nella sezione E-commerce > Assistenza del pannello admin dell'ecommerce.", false);?>
Frontend/Application/Views/_/Elementi/Mail/Ticket/mail_cambio_stato_cliente.php:5	<p><?php echo gtext("Può vedere tutti i dettagli del ticket a", false);?> <a href="[URL_TICKET]"><?php echo gtext("questo link");?></a>
Frontend/Application/Views/_/Elementi/Mail/Ticket/mail_cambio_stato_cliente.php:7	<p><?php echo gtext("Cordiali saluti", false);?>.</p>
Frontend/Application/Views/_/Elementi/Mail/mail_link_conferma.php:3	<p><?php echo gtext("Gentile [NOME_CLIENTE]",false);?>,</p>
Frontend/Application/Views/_/Elementi/Mail/mail_link_conferma.php:5	<p><?php echo gtext("ecco il codice di verifica a ".v("conferma_registrazione_numero_cifre_codice_verifica"). " cifre necessario per completare la conferma dell'account nel nostro sito web:");?></p>
Frontend/Application/Views/_/Elementi/Mail/mail_link_conferma.php:9	<p><?php echo gtext("Se ha ricevuto questa e-mail per errore le chiediamo gentilmente di cancellarla");?>.</p>
Frontend/Application/Views/_/Elementi/Mail/OrdiniOffline/mail_pdf_ordine_acquisto.php:3	<p><?php echo gtext("Gentile [NOME_FORNITORE]");?>,<br />
Frontend/Application/Views/_/Elementi/Mail/OrdiniOffline/mail_pdf_ordine_acquisto.php:4	<?php echo gtext("le inviamo in allegato il suo ordine.");?>
Frontend/Application/Views/_/Elementi/Mail/OrdiniOffline/mail_pdf_ordine_acquisto.php:7	<p><?php echo gtext("Cordiali saluti");?></p>
Frontend/Application/Views/_/Elementi/Mail/OrdiniOffline/mail_pdf_ordine.php:3	<p><?php echo gtext("Gentile [NOME_CLIENTE]");?>,<br />
Frontend/Application/Views/_/Elementi/Mail/OrdiniOffline/mail_pdf_ordine.php:4	<?php echo gtext("le inviamo in allegato il suo ordine eseguito in negozio.");?>
Frontend/Application/Views/_/Elementi/Mail/OrdiniOffline/mail_pdf_ordine.php:7	<p><?php echo gtext("Cordiali saluti");?></p>
Frontend/Application/Views/_/Elementi/Mail/ListeRegalo/mail_avviso_prodotti_lista_regalo_non_piu_acquistabili.php:3	<?php echo gtext("Gentile");?> [NOME_CREATORE_LISTA],<br />
Frontend/Application/Views/_/Elementi/Mail/ListeRegalo/mail_avviso_prodotti_lista_regalo_non_piu_acquistabili.php:4	<?php echo gtext("alcuni dei prodotti che hai inserito nella tua lista");?> <b>[TITOLO_LISTA]</b> <?php echo gtext("non sono più acquistabili.");?><br />
Frontend/Application/Views/_/Elementi/Mail/ListeRegalo/mail_avviso_prodotti_lista_regalo_non_piu_acquistabili.php:5	<a href="[LINK_LISTA]"><?php echo gtext("Verifica i prodotti della tua lista");?></a><br />
Frontend/Application/Views/_/Elementi/Mail/ListeRegalo/mail_avviso_prodotti_lista_regalo_non_piu_acquistabili.php:7	<?php echo gtext("Puoi gestire i prodotti della tua lista loggandoti nell'area riservata al seguente")?> <a href="[LINK_AREA_RISERVATA]"><?php echo gtext("indirizzo web");?></a><br />
Frontend/Application/Views/_/Elementi/Mail/ListeRegalo/mail_avviso_prodotti_lista_regalo_non_piu_acquistabili.php:10	<?php echo gtext("Ecco i prodotti non più acquistabili:");?><br />
Frontend/Application/Views/_/Elementi/Mail/ListeRegalo/mail_avviso_prodotti_lista_regalo_non_piu_acquistabili.php:13	<?php echo gtext("Per qualsiasi informazione o chiarimento non esitare a contattarci, il nostro staff è a tua completa disposizione.");?>
Frontend/Application/Views/_/Elementi/header_fascia_demo.php:4	<?php echo gtext("Attenzione, questa è una piattaforma di demo.");?>
Frontend/Application/Views/_/Elementi/Prodotti/Dettaglio/Wishlist/default.php:11	<span class="<?php echo $classeHeartWishlist;?>" uk-icon="icon: heart"></span> <?php echo gtext("Aggiungi alla lista dei desideri", false);?></span>
Frontend/Application/Views/_/Elementi/Prodotti/Dettaglio/Wishlist/default.php:17	<span class="uk-text-primary"><span class="<?php echo $classeHeartWishlist;?>" uk-icon="icon: heart"></span> <?php echo gtext("Sfoglia la lista dei desideri"); ?></span>
Frontend/Application/Views/_/Elementi/Prodotti/Dettaglio/PulsanteAcquista/default.php:9	<button id="acquista" class="<?php echo $classePulsanteAcquista;?> acquista_prodotto"><?php echo gtext("Acquista ora");?></button>
Frontend/Application/Views/_/Elementi/Prodotti/Dettaglio/Prezzo/default.php:35	<span class="uk-text-muted"><?php echo gtext("Iva inclusa");?></span>
Frontend/Application/Views/_/Elementi/Prodotti/Dettaglio/Prezzo/default.php:46	<?php echo gtext("In promozione solo per oggi!")?>
Frontend/Application/Views/_/Elementi/Prodotti/Dettaglio/Prezzo/default.php:48	<?php echo gtext("In promozione fino a domani!")?>
Frontend/Application/Views/_/Elementi/Prodotti/Dettaglio/Prezzo/default.php:50	<?php echo gtext("In promozione fino al")?> <?php echo strtolower(traduci(date("j F", strtotime($p["pages"]["al"]))));?>.
Frontend/Application/Views/_/Elementi/Prodotti/Dettaglio/Giacenza/default.php:4	<span class="uk-text-muted"><?php echo gtext("Disponibilità");?>: </span><span class="valore_giacenza"><?php echo $qtaAcc;?></span>
Frontend/Application/Views/_/Elementi/Prodotti/Dettaglio/Giacenza/default.php:5	<span class="sng" style='display:<?php echo $qtaAcc==1 ? "inline" : "none"; ?>'><?php echo gtext("pezzo", false);?></span>
Frontend/Application/Views/_/Elementi/Prodotti/Dettaglio/Giacenza/default.php:6	<span class="plu" style='display:<?php echo $qtaAcc!=1 ? "inline" : "none"; ?>'><?php echo gtext("pezzi", false);?></span>
Frontend/Application/Views/_/Elementi/Prodotti/Dettaglio/ModaleSceltaLista/default.php:7	<h5><?php echo gtext("Seleziona la lista a cui aggiungere questo prodotto");?></h5>
Frontend/Application/Views/_/Elementi/Prodotti/Dettaglio/Acquista/default.php:22	<li><span class="uk-text-muted"><?php echo gtext("Codice");?>: </span><span class="codice_value"><?php echo $p["pages"]["codice"];?></span></li>
Frontend/Application/Views/_/Elementi/Prodotti/Dettaglio/Acquista/default.php:24	<li><span class="uk-text-muted"><?php echo gtext("Peso");?>: </span><span class="peso_value"><?php echo setPriceReverse($p["pages"]["peso"]);?></span> kg</li>
Frontend/Application/Views/_/Elementi/Prodotti/Dettaglio/Acquista/default.php:26	<li><span class="uk-text-muted"><?php echo gtext("Marchio");?>: </span><a href='<?php echo $this->baseUrl."/".getMarchioUrlAlias($marchioCorrente["marchi"]["id_marchio"]);?>'><?php echo mfield($marchioCorrente,"titolo");?></a></li>
Frontend/Application/Views/_/Elementi/Prodotti/Dettaglio/Scaglioni/default.php:13	<th><?php echo gtext("Quantità");?></th>
Frontend/Application/Views/_/Elementi/Prodotti/Dettaglio/Scaglioni/default.php:14	<th><?php echo gtext("Sconto");?></th>
Frontend/Application/Views/_/Elementi/Prodotti/Dettaglio/Scaglioni/default.php:19	<td>da <?php echo $q;?> <?php echo gtext("unità");?></td>
Frontend/Application/Views/_/Elementi/Prodotti/Dettaglio/Condividi/default.php:2	<?php echo gtext("Condividi")?>:
Frontend/Application/Views/_/Elementi/Prodotti/Dettaglio/AggiungiAlCarrello/default.php:11	<?php echo gtext("Aggiorna carrello", false); ?>
Frontend/Application/Views/_/Elementi/Prodotti/Dettaglio/AggiungiAlCarrello/default.php:13	<?php echo gtext("Aggiungi al carrello", false); ?>
Frontend/Application/Views/_/Elementi/Prodotti/Dettaglio/CompratiAssieme/default.php:5	<div class="uk-text-uppercase uk-text-small"><?php echo gtext("Guarda anche"); ?></div>
Frontend/Application/Views/_/Elementi/Prodotti/Dettaglio/CompratiAssieme/default.php:6	<h2 class="uk-text-uppercase uk-text-lead uk-margin-remove-top uk-margin-large-bottom"><?php echo gtext("Spesso comprato assieme a"); ?></h2>
Frontend/Application/Views/_/Elementi/Prodotti/Dettaglio/ModaleAggiuntoAllaLista/default.php:7	<p><?php echo gtext("Il prodotto è stato aggiunto alla lista!");?></p>
Frontend/Application/Views/_/Elementi/Prodotti/Dettaglio/Correlati/default.php:5	<div class="uk-text-uppercase uk-text-small"><?php echo gtext("Guarda anche"); ?></div>
Frontend/Application/Views/_/Elementi/Prodotti/Dettaglio/Correlati/default.php:6	<h2 class="uk-text-uppercase uk-text-lead uk-margin-remove-top uk-margin-large-bottom"><?php echo gtext("I prodotti correlati"); ?></h2>
Frontend/Application/Views/_/Elementi/Prodotti/Dettaglio/Quantita/default.php:4	<?php echo gtext("Quantità");?>:
Frontend/Application/Views/_/Elementi/Prodotti/Shop/Prodotto/default.php:29	<?php echo gtext("Acquista", false);?>
Frontend/Application/Views/_/Elementi/Prodotti/Shop/Prodotto/default.php:31	<?php echo gtext("Acquista", false);?>
Frontend/Application/Views/_/Elementi/Prodotti/Shop/Prodotto/default.php:53	<span class="iva_inclusa"><?php echo gtext("Iva inclusa");?></span>
Frontend/Application/Views/_/Elementi/Prodotti/Shop/Ordinamento/default___filtri.php:16	<h4 class="uk-accordion-title uk-margin-remove"><?php echo gtext("Nazione")?></h4>
Frontend/Application/Views/_/Elementi/Prodotti/Shop/Ordinamento/default___filtri.php:20	<a class="uk-text-meta uk-text-xsmall <?php if ($filtroLocTuttiSelezionato) { ?>uk-text-bold<?php } ?>" href="<?php echo $this->baseUrl."/".CategoriesModel::getUrlAliasTagMarchio($idTag, $idMarchio, $id_categoria, "", $filtriUrlTuttiAltri, $filtriUrlLocTutti,$filtriUrlAltriTuttiAltri);?>"><?php echo gtext("Tutti");?></a>
Frontend/Application/Views/_/Elementi/Prodotti/Shop/Ordinamento/default___filtri.php:40	<h4 class="uk-accordion-title uk-margin-remove"><?php echo gtext("Regione")?></h4>
Frontend/Application/Views/_/Elementi/Prodotti/Shop/Ordinamento/default___filtri.php:44	<a class="uk-text-meta uk-text-xsmall <?php if ($filtroLocTuttiSelezionato) { ?>uk-text-bold<?php } ?>" href="<?php echo $this->baseUrl."/".CategoriesModel::getUrlAliasTagMarchio($idTag, $idMarchio, $id_categoria, "", $filtriUrlTuttiAltri, $filtriUrlLocTutti,$filtriUrlAltriTuttiAltri);?>"><?php echo gtext("Tutti");?></a>
Frontend/Application/Views/_/Elementi/Prodotti/Shop/Ordinamento/default___filtri.php:61	<h4 class="uk-accordion-title uk-margin-remove"><?php echo gtext("Categoria")?></h4>
Frontend/Application/Views/_/Elementi/Prodotti/Shop/Ordinamento/default___filtri.php:66	<?php echo gtext("Tutti");?>
Frontend/Application/Views/_/Elementi/Prodotti/Shop/Ordinamento/default___filtri.php:120	<h4 class="uk-accordion-title uk-margin-remove"><?php echo gtext("Marchio")?></h4>
Frontend/Application/Views/_/Elementi/Prodotti/Shop/Ordinamento/default___filtri.php:124	<a class="uk-text-meta uk-text-xsmall" href="<?php echo $this->baseUrl."/".CategoriesModel::getUrlAliasTagMarchio($idTag, 0, $id_categoria, "", $filtriUrlTuttiAltri, $filtriUrlLocTuttiAltri, $filtriUrlAltriTuttiAltri);?>"><?php echo gtext("Tutti");?></a>
Frontend/Application/Views/_/Elementi/Prodotti/Shop/Ordinamento/default___filtri.php:143	<h4 class="uk-accordion-title uk-margin-remove"><?php echo gtext("Linea")?></h4>
Frontend/Application/Views/_/Elementi/Prodotti/Shop/Ordinamento/default___filtri.php:147	<a class="uk-text-meta uk-text-xsmall" href="<?php echo $this->baseUrl."/".CategoriesModel::getUrlAliasTagMarchio(0, $idMarchio, $id_categoria, "", $filtriUrlTuttiAltri, $filtriUrlLocTuttiAltri, $filtriUrlAltriTuttiAltri);?>"><?php echo gtext("Tutti");?></a>
Frontend/Application/Views/_/Elementi/Prodotti/Shop/Ordinamento/default___filtri.php:178	<a class="uk-text-meta uk-text-xsmall <?php if ($filtroTuttiSelezionato) { ?>uk-text-bold<?php } ?>" href="<?php echo $this->baseUrl."/".CategoriesModel::getUrlAliasTagMarchio($idTag, $idMarchio, $id_categoria, "", $filtriUrlTutti, $filtriUrlLocTuttiAltri, $filtriUrlAltriTuttiAltri);?>"><?php echo gtext("Tutti");?></a>
Frontend/Application/Views/_/Elementi/Prodotti/Shop/Ordinamento/default___filtri.php:206	<a class="uk-text-meta uk-text-xsmall <?php if ($filtroTuttiSelezionato) { ?>uk-text-bold<?php } ?>" href="<?php echo $this->baseUrl."/".CategoriesModel::getUrlAliasTagMarchio($idTag, $idMarchio, $id_categoria, "", $filtriUrlTutti, $filtriUrlLocTuttiAltri, $filtriUrlAltriTuttiAltri);?>"><?php echo gtext("Tutti");?></a>
Frontend/Application/Views/_/Elementi/Prodotti/Shop/Ordinamento/default___filtri.php:231	<h4 class="uk-accordion-title uk-margin-remove"><?php echo gtext("Fascia prezzo")?></h4>
Frontend/Application/Views/_/Elementi/Prodotti/Shop/Ordinamento/default___filtri.php:235	<a class="uk-text-meta uk-text-xsmall" href="<?php echo $this->baseUrl."/".CategoriesModel::getUrlAliasTagMarchio($idTag, $idMarchio, $id_categoria, "", $filtriUrlTuttiAltri, $filtriUrlLocTuttiAltri, $filtriUrlAltriTutti);?>"><?php echo gtext("Tutti");?></a>
Frontend/Application/Views/_/Elementi/Prodotti/Shop/Ordinamento/default___filtri.php:260	<h4 class="uk-margin-remove"><?php echo gtext("Prezzo")?></h4>
Frontend/Application/Views/_/Elementi/Prodotti/Shop/Ordinamento/default___filtri.php:284	<h4 class="uk-accordion-title uk-margin-remove"><?php echo gtext("Offerte / Consigliati")?></h4>
Frontend/Application/Views/_/Elementi/Prodotti/Shop/Ordinamento/default___filtri.php:291	<?php echo gtext("In evidenza");?>
Frontend/Application/Views/_/Elementi/Prodotti/Shop/Ordinamento/default___filtri.php:300	<?php echo gtext("In promozione");?>
Frontend/Application/Views/_/Elementi/Prodotti/Shop/Ordinamento/default___filtri.php:309	<?php echo gtext("Novità");?>
Frontend/Application/Views/_/Elementi/Prodotti/Shop/Ordinamento/default.php:3	<span class="uk-text-small uk-text-mute"><?php echo gtext("Ordina per");?>:</span>
Frontend/Application/Views/_/Elementi/Prodotti/Shop/Ordinamento/default.php:5	<option <?php if (isset($this->viewArgs["o"]) && $this->viewArgs["o"] == "tutti") echo "selected";?> value="<?php echo $url_ordinamento.$this->getViewStatusUsingVariables(array("o"=>"tutti", "p"=>1));?>"><?php echo gtext("Predefinito");?></option>
Frontend/Application/Views/_/Elementi/Prodotti/Shop/Ordinamento/default.php:6	<option <?php if (isset($this->viewArgs["o"]) && $this->viewArgs["o"] == "az") echo "selected";?> value="<?php echo $url_ordinamento . $this->getViewStatusUsingVariables(array("o"=>"az", "p"=>1));?>"><?php echo gtext("A -> Z");?></option>
Frontend/Application/Views/_/Elementi/Prodotti/Shop/Ordinamento/default.php:7	<option <?php if (isset($this->viewArgs["o"]) && $this->viewArgs["o"] == "za") echo "selected";?> value="<?php echo $url_ordinamento . $this->getViewStatusUsingVariables(array("o"=>"za", "p"=>1));?>"><?php echo gtext("Z -> A");?></option>
Frontend/Application/Views/_/Elementi/Prodotti/Shop/Ordinamento/default.php:8	<option <?php if (isset($this->viewArgs["o"]) && $this->viewArgs["o"] == "crescente") echo "selected";?> value="<?php echo $url_ordinamento . $this->getViewStatusUsingVariables(array("o"=>"crescente", "p"=>1));?>"><?php echo gtext("Prezzo crescente");?></option>
Frontend/Application/Views/_/Elementi/Prodotti/Shop/Ordinamento/default.php:9	<option <?php if (isset($this->viewArgs["o"]) && $this->viewArgs["o"] == "decrescente") echo "selected";?> value="<?php echo $url_ordinamento . $this->getViewStatusUsingVariables(array("o"=>"decrescente", "p"=>1));?>"><?php echo gtext("Prezzo descrescente");?></option>
Frontend/Application/Views/_/Elementi/Prodotti/Shop/Ordinamento/default.php:10	<option <?php if (isset($this->viewArgs["o"]) && $this->viewArgs["o"] == "piuvenduto") echo "selected";?> value="<?php echo $url_ordinamento . $this->getViewStatusUsingVariables(array("o"=>"piuvenduto", "p"=>1));?>"><?php echo gtext("Più venduti");?></option>
Frontend/Application/Views/_/Elementi/Prodotti/Shop/Top/default.php:9	gtext("Home") 		=> $this->baseUrl,
Frontend/Application/Views/_/Elementi/Prodotti/Shop/Top/default.php:10	gtext("Promozioni")	=>	"",
Frontend/Application/Views/_/Elementi/Prodotti/Shop/Top/default.php:14	$titoloPagina = gtext("Prodotti in promozione");
Frontend/Application/Views/_/Elementi/avviso_cambio_listino.php:6	<h2 class="uk-modal-title"><?php echo gtext("Carrello aggiornato");?></h2>
Frontend/Application/Views/_/Elementi/avviso_cambio_listino.php:7	<p><?php echo gtext("Il carrello è stato aggiornato secondo il mercato di riferimento selezionato.");?></p>
Frontend/Application/Views/_/Elementi/GDPR/link_sblocca_servizio.php:3	<?php echo gtext("Accetta la privacy e sblocca")." ".$servizioBloccato;?>
Frontend/Application/Views/_/Elementi/GDPR/servizio_generico_bloccato.php:3	<p class="uk-text-small"><?php echo gtext("Se attivi $servizioBloccato, le tue preferenze sulla privacy verranno aggiornate.");?> <?php echo gtext("Se non hai accettato di attivare i cookie di terze parti con finalità di analisi e di marketing, tale scelta verrà modificata nel momento in cui approverai di sbloccare l'utilizzo di")." ".$servizioBloccato;?></p>
Frontend/Application/Views/_/Elementi/GDPR/link_mostra_servizio_su_piattaforma_esterna.php:4	<?php echo gtext("oppure");?>
Frontend/Application/Views/_/Elementi/GDPR/link_mostra_servizio_su_piattaforma_esterna.php:7	<?php echo gtext("Guarda sul sito di")." ".$servizioBloccato;?>
Frontend/Application/Views/_/Elementi/GDPR/generico_cookie.php:4	<?php echo gtext("Puoi sempre tornare indietro e modificare le tue impostazioni nella pagina delle"); ?>
Frontend/Application/Views/_/Elementi/GDPR/generico_cookie.php:5	<a target="_blank" href="<?php echo Url::getRoot().getUrlAlias($idCookie);?>"><?php echo gtext("condizioni sui cookie."); ?></a>
Frontend/Application/Views/_/Elementi/GDPR/generico_cookie.php:7	<?php echo gtext("Puoi sempre tornare indietro e modificare le tue impostazioni nella pagina delle condizioni sui cookie."); ?>
Frontend/Application/Views/_/Elementi/GDPR/generico_cookie.php:9	<?php echo gtext("Nella stessa pagina troverai informazioni sul responsabile della gestione dei tuoi dati, il trattamento dei dati personali e le finalità di tale trattamento.")?>
Frontend/Application/Views/_/Elementi/Ordini/Fatturazione/default.php:15	<?php if (!User::$dettagli["completo"]) { ?><span class="uk-text-primary"><?php echo gtext("Si prega di completare i dati di fatturazione");?></span><?php } ?>
Frontend/Application/Views/_/Elementi/Ordini/SceltaFatturazioneSpedizione/checkbox.php:9	<?php echo gtext("Coincide con i dati di fatturazione");?>
Frontend/Application/Views/_/Elementi/Ordini/SceltaFatturazioneSpedizione/default.php:4	<?php echo Html_Form::radio("spedisci_dati_fatturazione",$values["spedisci_dati_fatturazione"],"Y","imposta_fatt","none");?> <?php echo gtext("Utilizza gli stessi dati per fatturazione e spedizione");?>
Frontend/Application/Views/_/Elementi/Ordini/SceltaFatturazioneSpedizione/default.php:7	<?php echo Html_Form::radio("spedisci_dati_fatturazione",$values["spedisci_dati_fatturazione"],"N","imposta_fatt","none");?> <?php echo gtext("Utilizza dati diversi per la spedizione");?>
Frontend/Application/Views/_/Elementi/Ordini/SceltaRegistrazioneOspite/checkbox.php:5	<!-- 	<h2 class="<?php echo v("classi_titoli_checkout");?>"><span uk-icon="icon:user;ratio:1.2" class="uk-margin-right"></span><?php echo gtext("Creazione account");?></h2> -->
Frontend/Application/Views/_/Elementi/Ordini/SceltaRegistrazioneOspite/checkbox.php:13	<?php echo gtext("Continua come ospite (non creare un account)");?>
Frontend/Application/Views/_/Elementi/Ordini/SceltaRegistrazioneOspite/checkbox.php:23	<label class="uk-form-label"><?php echo gtext("Password");?> *</label>
Frontend/Application/Views/_/Elementi/Ordini/SceltaRegistrazioneOspite/checkbox.php:31	<label class="uk-form-label"><?php echo gtext("Conferma password");?> *</label>
Frontend/Application/Views/_/Elementi/Ordini/SceltaRegistrazioneOspite/default.php:2	<h2 class="uk-text-emphasis uk-text-large"><?php echo gtext("Creazione account");?></h2>
Frontend/Application/Views/_/Elementi/Ordini/SceltaRegistrazioneOspite/default.php:5	<div><?php echo Html_Form::radio("registrato",$values["registrato"],"N","radio_registrato","none");?> <?php echo gtext("Continua come utente ospite", false);?></div>
Frontend/Application/Views/_/Elementi/Ordini/SceltaRegistrazioneOspite/default.php:6	<div style="margin-top:10px;"><?php echo Html_Form::radio("registrato",$values["registrato"],"Y","radio_registrato","none");?> <?php echo gtext("Crea account", false);?></div>
Frontend/Application/Views/_/Elementi/Ordini/SceltaRegistrazioneOspite/default.php:13	<label class="uk-form-label"><?php echo gtext("Password");?> *</label>
Frontend/Application/Views/_/Elementi/Ordini/SceltaRegistrazioneOspite/default.php:21	<label class="uk-form-label"><?php echo gtext("Conferma password");?> *</label>
Frontend/Application/Views/_/Elementi/Ordini/CheckoutColonne/Destra/default.php:25	<span uk-icon="icon:check;ratio:1" class="uk-margin-right uk-hidden@m <?php echo v("classi_icona_checkout")?>"></span><?php echo gtext("Conferma acquisto");?>
Frontend/Application/Views/_/Elementi/Ordini/CheckoutColonne/Sinistra/default.php:20	<span class="uk-icon uk-margin-right uk-hidden@m <?php echo v("classi_icona_checkout")?>"><?php include tpf("Elementi/Icone/Svg/user.svg");?></span><?php echo gtext("Dati di fatturazione");?>
Frontend/Application/Views/_/Elementi/Ordini/CheckoutColonne/Sinistra/default.php:45	<span uk-icon="icon:location;ratio:1" class="uk-margin-right uk-hidden@m <?php echo v("classi_icona_checkout")?>"></span><?php echo gtext("Indirizzo di spedizione");?>
Frontend/Application/Views/_/Elementi/Ordini/CheckoutColonne/Sinistra/default.php:110	<h2 id="fragment-checkout-conferma" class="uk-margin-remove-top <?php echo v("classi_titoli_checkout");?>"><?php echo gtext("Note e conferma acquisto");?></h2>
Frontend/Application/Views/_/Elementi/Ordini/resoconto_top.php:4	<p class="uk-text-muted uk-text-small"><?php echo gtext("Grazie! Il suo ordine è stato ricevuto e verrà processato al più presto.");?></p>
Frontend/Application/Views/_/Elementi/Ordini/resoconto_top.php:8	<p class="uk-text-muted uk-text-small"><?php echo gtext("Può controllare l'ordine al", false); ?> <a href="<?php echo $baseUrl."resoconto-acquisto/".$ordine["id_o"]."/".$ordine["cart_uid"]."/".$ordine["admin_token"];?>?n=y"><?php echo gtext("seguente indirizzo web", false); ?></a>.</p>
Frontend/Application/Views/_/Elementi/Ordini/resoconto_top.php:12	<p class="uk-text-muted uk-text-small"><?php echo gtext("Può controllare in qualsiasi momento i dettagli dell'ordine al");?> <a href="<?php echo $baseUrl."resoconto-acquisto/".$ordine["id_o"]."/".$ordine["cart_uid"]."/".$ordine["admin_token"];?>?n=y"><?php echo gtext("seguente indirizzo web");?></a>.</p>
Frontend/Application/Views/_/Elementi/Ordini/resoconto_top.php:16	<p class="uk-text-muted uk-text-small"><?php echo gtext("Controlli la sua casella di posta elettronica, le è stata inviata una mail con il resoconto dell'ordine.");?></p>
Frontend/Application/Views/_/Elementi/Ordini/main_testo_disponibilita.php:4	<div class="uk-text-success uk-text-small"><?php echo gtext(v("testo_disponibilita_immediata"));?></div>
Frontend/Application/Views/_/Elementi/Ordini/main_testo_disponibilita.php:6	<div class="uk-text-secondary uk-text-small"><?php echo gtext(v("testo_disponibilita_non_immediata"));?></div>
Frontend/Application/Views/_/Elementi/Ordini/Pdf/default.php:276	<div class="grigio piccolo"><?php echo gtext("numero ordine");?></div>
Frontend/Application/Views/_/Elementi/Ordini/Pdf/default.php:280	<div class="grigio piccolo"><?php echo gtext("data ordine");?></div>
Frontend/Application/Views/_/Elementi/Ordini/Pdf/default.php:287	<?php echo gtext($modalitaSpedizione);?>
Frontend/Application/Views/_/Elementi/Ordini/Pdf/default.php:290	<div class="grigio piccolo"><?php echo gtext("consegna");?></div>
Frontend/Application/Views/_/Elementi/Ordini/Pdf/default.php:304	<b><?php echo gtext("Tel");?>:</b> <?php echo $ordine["telefono"];?>
Frontend/Application/Views/_/Elementi/Ordini/Pdf/default.php:307	<b><?php echo gtext("Località");?>:</b> <?php echo $ordine["citta"];?>
Frontend/Application/Views/_/Elementi/Ordini/Pdf/default.php:312	<b><?php echo gtext("Email");?>:</b> <?php echo $ordine["email"];?>
Frontend/Application/Views/_/Elementi/Ordini/Pdf/default.php:317	<b><?php echo gtext("Spedizione");?>:</b>
Frontend/Application/Views/_/Elementi/Ordini/Pdf/default.php:326	<span class="uk-text-emphasis"><?php echo gtext("Tel");?>:</span> <?php echo $ordine["telefono_spedizione"];?><br />
Frontend/Application/Views/_/Elementi/Ordini/Pdf/default.php:329	<span class="uk-text-emphasis"><b><?php echo gtext("Destinatario");?>:</b></span> <?php echo $ordine["destinatario_spedizione"];?><br />
Frontend/Application/Views/_/Elementi/Ordini/Pdf/default.php:338	<?php echo gtext("Cod. Articolo");?>
Frontend/Application/Views/_/Elementi/Ordini/Pdf/default.php:341	<?php echo gtext("Descrizione");?>
Frontend/Application/Views/_/Elementi/Ordini/Pdf/default.php:344	<?php echo gtext("UM");?>
Frontend/Application/Views/_/Elementi/Ordini/Pdf/default.php:347	<?php echo gtext("Q.tà");?>
Frontend/Application/Views/_/Elementi/Ordini/Pdf/default.php:351	<div class="text-center"><?php echo gtext("Importo");?></div>
Frontend/Application/Views/_/Elementi/Ordini/Pdf/default.php:369	<b><?php echo gtext("Testo generico footer");?></b>
Frontend/Application/Views/_/Elementi/Ordini/Pdf/default.php:373	<div class="footer_text" style="margin-top:3mm;"><b><?php echo gtext("Ha accettato le condizioni della privacy e le condizioni di vendita consultabili nel nosto sito web.");?></b></div>
Frontend/Application/Views/_/Elementi/Ordini/Pdf/default.php:411	<?php echo gtext("PZ");?>
Frontend/Application/Views/_/Elementi/Ordini/Totali/versione2.php:4	<span uk-icon="icon:cart;ratio:1.2" class="uk-margin-right uk-hidden@m"></span><?php echo gtext("Totali carrello");?>
Frontend/Application/Views/_/Elementi/Ordini/Totali/default.php:3	<h2 id="order_review_heading"><?php echo gtext("Il tuo ordine");?></h2>
Frontend/Application/Views/_/Elementi/Ordini/CheckoutBottom/default.php:27	<div class="condizioni_privacy uk-margin uk-text-muted uk-text-small"><?php echo gtext("Ho letto e accettato i");?> <a target="_blank" href="<?php echo $this->baseUrl."/".getUrlAlias($idCondizioni);?>"><?php echo gtext("termini e condizioni di vendita");?></a></div>
Frontend/Application/Views/_/Elementi/Ordini/CheckoutBottom/default.php:29	<div class="uk-alert uk-alert-danger"><?php echo gtext("Attenzione, definire le condizioni di vendita");?></div>
Frontend/Application/Views/_/Elementi/Ordini/CheckoutBottom/default.php:39	<?php echo gtext("Attenzione, questa è una piattaforma di demo e non è possibile completare l'acquisto.");?>
Frontend/Application/Views/_/Elementi/Ordini/checkout_steps.php:35	<span class="nome_step uk-text-small <?php echo $textClassCheckout;?>"><?php echo gtext("Fatturazione");?></span>
Frontend/Application/Views/_/Elementi/Ordini/checkout_steps.php:40	<span class="checkout-step uk-border-circle uk_badge_meta"><span class="uk-icon"><?php include tpf("Elementi/Icone/Svg/location.svg");?></span></span><br /><span class="uk-hidden nome_step uk-text-small uk-text-secondary"><?php echo gtext("Spedizione");?></span>
Frontend/Application/Views/_/Elementi/Ordini/checkout_steps.php:45	<span class="checkout-step uk-border-circle uk_badge_meta"><span class="uk-icon"><?php include tpf("Elementi/Icone/Svg/credit-card.svg");?></span></span><br /><span class="uk-hidden nome_step uk-text-small uk-text-secondary"><?php echo gtext("Pagamento");?></span>
Frontend/Application/Views/_/Elementi/Ordini/checkout_steps.php:50	<span class="checkout-step uk-border-circle uk_badge_meta"><span class="uk-icon"><?php include tpf("Elementi/Icone/Svg/clock.svg");?></span></span><br /><span class="uk-hidden nome_step uk-text-small uk-text-secondary"><?php echo gtext("Consegna");?></span>
Frontend/Application/Views/_/Elementi/Ordini/checkout_steps.php:54	<span class="checkout-step uk-border-circle uk_badge_meta"><span class="uk-icon"><?php include tpf("Elementi/Icone/Svg/carrello.svg");?></span></span><br /><span class="uk-hidden nome_step uk-text-small uk-text-secondary"><?php echo gtext("Totali");?></span>
Frontend/Application/Views/_/Elementi/Ordini/checkout_steps.php:57	<span class="checkout-step uk-border-circle uk_badge_meta"><span class="uk-icon"><?php include tpf("Elementi/Icone/Svg/check.svg");?></span></span><br /><span class="uk-hidden nome_step uk-text-small uk-text-secondary"><?php echo gtext("Conferma");?></span>
Frontend/Application/Views/_/Elementi/Ordini/checkout_steps.php:61	<a href="<?php echo $this->baseUrl."/autenticazione";?>"><span class="<?php echo $classCircle;?> uk-border-circle checkout-step <?php echo $classBadgeAutenticazione;?>">1</span><br /><span class="uk-visibile@m nome_step uk-text-meta <?php echo $textClassAutenticazione;?>"><?php echo gtext("Autenticazione");?></span></a>
Frontend/Application/Views/_/Elementi/Ordini/checkout_steps.php:64	<span class="checkout-step uk-border-circle <?php echo $classBadgeCheckout;?>">2</span><br /><span class="uk-visibile@m nome_step uk-text-meta <?php echo $textClassCheckout;?>"><?php echo gtext("Checkout");?></span>
Frontend/Application/Views/_/Elementi/Ordini/DatiFatturazione/default.php:8	<br /><span class="uk-text-emphasis"><?php echo gtext("Indirizzo");?>:</span> <?php echo User::$dettagli["indirizzo"];?>
Frontend/Application/Views/_/Elementi/Ordini/DatiFatturazione/default.php:14	<br /><span class="uk-text-emphasis"><?php echo gtext("Nazione");?>:</span> <?php echo nomeNazione(User::$dettagli["nazione"]);?>
Frontend/Application/Views/_/Elementi/Ordini/DatiFatturazione/default.php:16	<br /><span class="uk-text-emphasis"><?php echo gtext("C.F.");?>:</span>  <?php echo User::$dettagli["codice_fiscale"];?>
Frontend/Application/Views/_/Elementi/Ordini/DatiFatturazione/default.php:19	<br /><span class="uk-text-emphasis"><?php echo gtext("P.IVA");?>:</span>  <?php echo User::$dettagli["p_iva"];?>
Frontend/Application/Views/_/Elementi/Ordini/DatiFatturazione/default.php:24	<span class="uk-text-emphasis"><?php echo gtext("Tel");?>:</span> <?php echo User::$dettagli["telefono"];?><br />
Frontend/Application/Views/_/Elementi/Ordini/DatiFatturazione/default.php:26	<span class="uk-text-emphasis"><?php echo gtext("Email");?>:</span> <?php echo User::$dettagli["username"];?><br />
Frontend/Application/Views/_/Elementi/Ordini/DatiFatturazione/default.php:28	<span class="uk-text-emphasis"><?php echo gtext("Pec");?>:</span>  <?php echo User::$dettagli["pec"];?><br />
Frontend/Application/Views/_/Elementi/Ordini/DatiFatturazione/default.php:31	<span class="uk-text-emphasis"><?php echo gtext("Codice destinatario");?>:</span>  <?php echo User::$dettagli["codice_destinatario"];?><br />
Frontend/Application/Views/_/Elementi/Ordini/DatiFatturazione/default.php:37	<div class="uk-margin-small-top"><a href="<?php echo $this->baseUrl."/".Url::routeToUrl("modifica-account")."?redirect=checkout"?>" class="<?php echo $classePulsanteModificaDati;?>"><span class="uk-margin-small-right" uk-icon="icon: pencil"></span><?php echo gtext("Modifica dati")?></a></div>
Frontend/Application/Views/_/Elementi/Ordini/Note/versione2.php:9	<?php echo gtext("Aggiungi una nota all'ordine");?>
Frontend/Application/Views/_/Elementi/Ordini/Note/versione2.php:16	<label class="uk-form-label"><?php echo gtext("Nota d'acquisto")?></label>
Frontend/Application/Views/_/Elementi/Ordini/Note/default.php:4	<h2 class="<?php echo v("classi_titoli_checkout");?>"><?php echo gtext("Note d'acquisto")?></h2>
Frontend/Application/Views/_/Elementi/Ordini/resoconto_coupon.php:6	<?php echo gtext("Possiedi il codice di una promozione attiva?");?> <a href="#" class="showcoupon"><?php echo gtext("Aggiungi il tuo codice all'ordine");?></a>
Frontend/Application/Views/_/Elementi/Ordini/resoconto_acquisto_dettagli_reso.php:4	<?php echo gtext("In data")." <b>".smartDate($pr["data_richiesta"], v("default_date_format")." H:i");?></b>
Frontend/Application/Views/_/Elementi/Ordini/resoconto_acquisto_dettagli_reso.php:5	<?php echo gtext("hai eseguito una richiesta di reso per l'ordine")." <b>".$pr["id_o"]; ?></b>
Frontend/Application/Views/_/Elementi/Ordini/resoconto_acquisto_dettagli_reso.php:9	<a target="_blank" class="uk-button uk-button-secondary uk-button-small" href="<?php echo OrdiniperiodiresoModel::g(false)->getUrlRichiediReso($pr["id_o_periodo_reso"])?>"><?php echo gtext("Richiedi il reso", false); ?> <span class="uk-icon"><?php include tpf("Elementi/Icone/Svg/arrow-right.svg");?></span></a><br />
Frontend/Application/Views/_/Elementi/Ordini/resoconto_acquisto_dettagli_generali.php:6	<td class="first_column"><?php echo gtext("Ordine", false); ?>:</td>
Frontend/Application/Views/_/Elementi/Ordini/resoconto_acquisto_dettagli_generali.php:10	<td class="first_column"><?php echo gtext("Data", false); ?>:</td>
Frontend/Application/Views/_/Elementi/Ordini/resoconto_acquisto_dettagli_generali.php:14	<td class="first_column"><?php echo gtext("Totale", false); ?>:</td>
Frontend/Application/Views/_/Elementi/Ordini/resoconto_acquisto_dettagli_generali.php:19	<td class="first_column"><?php echo gtext("Acconto", false); ?>:</td>
Frontend/Application/Views/_/Elementi/Ordini/resoconto_acquisto_dettagli_generali.php:23	<td class="first_column"><?php echo gtext("Saldo", false); ?>:</td>
Frontend/Application/Views/_/Elementi/Ordini/resoconto_acquisto_dettagli_generali.php:29	<td class="first_column"><?php echo gtext("Stato ordine", false); ?>:</td>
Frontend/Application/Views/_/Elementi/Ordini/resoconto_acquisto_dettagli_generali.php:34	<a class="uk-button uk-button-danger uk-button-small" href="<?php echo $baseUrl."resoconto-acquisto/".$ordine["id_o"]."/".$ordine["cart_uid"]."/".$ordine["admin_token"];?>?n=y&annulla_ordine"><?php echo gtext("Annulla ordine")?></a>
Frontend/Application/Views/_/Elementi/Ordini/resoconto_acquisto_dettagli_generali.php:40	<td class="first_column"><?php echo gtext("Metodo di pagamento", false); ?>:</td>
Frontend/Application/Views/_/Elementi/Ordini/resoconto_acquisto_dettagli_generali.php:45	<td><?php echo gtext("Fattura");?>:</td>
Frontend/Application/Views/_/Elementi/Ordini/resoconto_acquisto_dettagli_generali.php:46	<td><b><?php echo gtext("Richiesta");?></b></td>
Frontend/Application/Views/_/Elementi/Ordini/resoconto_acquisto_dettagli_generali.php:51	<td><?php echo gtext("Modalità di spedizione", false); ?>:</td>
Frontend/Application/Views/_/Elementi/Ordini/resoconto_acquisto_dettagli_generali.php:52	<td><b><?php echo gtext(CorrieriModel::g()->where(array("id_corriere"=>(int)$ordine["id_corriere"]))->field("titolo"));?></b></td>
Frontend/Application/Views/_/Elementi/Ordini/resoconto_acquisto_dettagli_generali.php:57	<td><?php echo gtext("PDF ordine", false); ?>:</td>
Frontend/Application/Views/_/Elementi/Ordini/resoconto_acquisto_dettagli_generali.php:58	<td><a target="_blank" class="uk-button uk-button-primary uk-button-small" href="<?php echo $baseUrl."pdf-ordine/".$ordine["id_o"]."/".$ordine["cart_uid"]."/".$ordine["admin_token"];?>"><span class="uk-icon"><?php include tpf("Elementi/Icone/Svg/download.svg");?></span> <?php echo gtext("Scarica PDF", false); ?></a></td>
Frontend/Application/Views/_/Elementi/Ordini/resoconto_acquisto_dettagli_generali.php:68	<td class="first_column"><?php echo gtext("Stato spedizione", false); ?>:</td>
Frontend/Application/Views/_/Elementi/Ordini/resoconto_acquisto_dettagli_generali.php:80	<td><?php echo gtext("Reso", false); ?>:</td>
Frontend/Application/Views/_/Elementi/Ordini/Resoconto/Fatturazione/compatta.php:7	<?php if ($ordine["indirizzo"]) { ?><br /><span class="uk-text-emphasis"><?php echo gtext("Indirizzo");?>:</span> <?php echo $ordine["indirizzo"];?>
Frontend/Application/Views/_/Elementi/Ordini/Resoconto/Fatturazione/compatta.php:9	<br /><span class="uk-text-emphasis"><?php echo gtext("Nazione");?>:</span> <?php echo nomeNazione($ordine["nazione"]);?>
Frontend/Application/Views/_/Elementi/Ordini/Resoconto/Fatturazione/compatta.php:11	<br /><span class="uk-text-emphasis"><?php echo gtext("P. IVA");?>: <?php echo $ordine["p_iva"];?>
Frontend/Application/Views/_/Elementi/Ordini/Resoconto/Fatturazione/compatta.php:14	<br /><span class="uk-text-emphasis"><?php echo gtext("Codice fiscale");?>: <?php echo strtoupper($ordine["codice_fiscale"]);?>
Frontend/Application/Views/_/Elementi/Ordini/Resoconto/Fatturazione/compatta.php:18	<span class="uk-text-emphasis"><?php echo gtext("Tel");?>:</span> <?php echo $ordine["telefono"];?><br />
Frontend/Application/Views/_/Elementi/Ordini/Resoconto/Fatturazione/compatta.php:19	<span class="uk-text-emphasis"><?php echo gtext("Email");?>:</span> <?php echo $ordine["email"];?><br />
Frontend/Application/Views/_/Elementi/Ordini/Resoconto/Fatturazione/compatta.php:21	<span class="uk-text-emphasis"><?php echo gtext("Pec");?>: <?php echo $ordine["pec"];?><br />
Frontend/Application/Views/_/Elementi/Ordini/Resoconto/Fatturazione/compatta.php:24	<span class="uk-text-emphasis"><?php echo gtext("Codice destinatario");?>: <?php echo $ordine["codice_destinatario"];?>
Frontend/Application/Views/_/Elementi/Ordini/Resoconto/Fatturazione/default.php:7	<td class="first_column"><?php echo gtext("Nome", false); ?></td>
Frontend/Application/Views/_/Elementi/Ordini/Resoconto/Fatturazione/default.php:11	<td class="first_column"><?php echo gtext("Cognome", false); ?></td>
Frontend/Application/Views/_/Elementi/Ordini/Resoconto/Fatturazione/default.php:17	<td class="first_column"><?php echo gtext("Ragione sociale", false); ?></td>
Frontend/Application/Views/_/Elementi/Ordini/Resoconto/Fatturazione/default.php:24	<td class="first_column"><?php echo gtext("P. IVA", false); ?></td>
Frontend/Application/Views/_/Elementi/Ordini/Resoconto/Fatturazione/default.php:31	<td class="first_column"><?php echo gtext("Codice fiscale", false); ?></td>
Frontend/Application/Views/_/Elementi/Ordini/Resoconto/Fatturazione/default.php:36	<td class="first_column"><?php echo gtext("Indirizzo", false); ?></td>
Frontend/Application/Views/_/Elementi/Ordini/Resoconto/Fatturazione/default.php:41	<td class="first_column"><?php echo gtext("Cap", false); ?></td>
Frontend/Application/Views/_/Elementi/Ordini/Resoconto/Fatturazione/default.php:46	<td class="first_column"><?php echo gtext("Nazione", false); ?></td>
Frontend/Application/Views/_/Elementi/Ordini/Resoconto/Fatturazione/default.php:50	<td class="first_column"><?php echo gtext("Provincia", false); ?></td>
Frontend/Application/Views/_/Elementi/Ordini/Resoconto/Fatturazione/default.php:54	<td class="first_column"><?php echo gtext("Città", false); ?></td>
Frontend/Application/Views/_/Elementi/Ordini/Resoconto/Fatturazione/default.php:59	<td class="first_column"><?php echo gtext("Telefono", false); ?></td>
Frontend/Application/Views/_/Elementi/Ordini/Resoconto/Fatturazione/default.php:64	<td class="first_column"><?php echo gtext("Email", false); ?></td>
Frontend/Application/Views/_/Elementi/Ordini/Resoconto/Fatturazione/default.php:69	<td class="first_column"><?php echo gtext("Pec", false); ?></td>
Frontend/Application/Views/_/Elementi/Ordini/Resoconto/Fatturazione/default.php:75	<td class="first_column"><?php echo gtext("Codice destinatario", false); ?></td>
Frontend/Application/Views/_/Elementi/Ordini/Resoconto/Totali/default.php:14	<td class="first_column"><?php echo gtext("Totale merce", false); ?>:</td> <td class="uk-text-right"><strong>&euro; <?php echo setPriceReverse($ordine["subtotal".$strIvato]);?></strong></td>
Frontend/Application/Views/_/Elementi/Ordini/Resoconto/Totali/default.php:21	<td class="first_column"><?php echo gtext("Prezzo scontato", false); ?> (<i><?php echo $ordine["nome_promozione"];?></i>):</td> <td class="uk-text-right"> <strong>€ <?php echo setPriceReverse($ordine["prezzo_scontato_prodotti".$strIvato]);?></strong></td>
Frontend/Application/Views/_/Elementi/Ordini/Resoconto/Totali/default.php:26	<td class="first_column"><?php echo gtext("Spese pagamento", false); ?>:</td> <td class="uk-text-right"> <strong>&euro; <?php echo setPriceReverse($ordine["costo_pagamento".$strIvato]);?></strong></td>
Frontend/Application/Views/_/Elementi/Ordini/Resoconto/Totali/default.php:31	<td class="first_column"><?php echo gtext("Spese spedizione", false); ?>:</td> <td class="uk-text-right"> <strong>&euro; <?php echo setPriceReverse($ordine["spedizione".$strIvato]);?></strong></td>
Frontend/Application/Views/_/Elementi/Ordini/Resoconto/Totali/default.php:36	<td class="first_column"><?php echo gtext("Iva", false); ?>:</td> <td class="uk-text-right"> <strong>&euro; <?php echo setPriceReverse($ordine["iva"]);?></strong></td>
Frontend/Application/Views/_/Elementi/Ordini/Resoconto/Totali/default.php:43	<td class="first_column"><?php echo gtext("Totale ordine", false); ?>:</td> <td class="uk-text-right"> <strong>&euro; <?php echo setPriceReverse($ordine["total_pieno"] - $euroPromoPercentuale);?></strong></td>
Frontend/Application/Views/_/Elementi/Ordini/Resoconto/Totali/default.php:49	<?php echo gtext("Sconto crediti", false); ?>
Frontend/Application/Views/_/Elementi/Ordini/Resoconto/Totali/default.php:62	<?php echo gtext("Sconto coupon", false); ?> (<i><?php echo $ordine["nome_promozione"];?></i>):
Frontend/Application/Views/_/Elementi/Ordini/Resoconto/Totali/default.php:65	<?php echo gtext("Sconto", false); ?>:
Frontend/Application/Views/_/Elementi/Ordini/Resoconto/Totali/default.php:74	<td class="first_column"><?php echo gtext($scrittaFinaleTotale, false); ?>:</td> <td class="uk-text-right"> <strong>&euro; <?php echo setPriceReverse($ordine["total"]);?></strong></td>
Frontend/Application/Views/_/Elementi/Ordini/Resoconto/Totali/default.php:78	<td class="first_column"><span style="color:#999;font-style:italic;"><?php echo gtext("Di cui IVA", false); ?> <?php if (isset($ordine["stringa_iva_estera"]) && $ordine["stringa_iva_estera"]) { ?>(<?php echo $ordine["stringa_iva_estera"];?>)<?php } ?>:</td> <td class="uk-text-right"> <strong>&euro; <?php echo setPriceReverse($ordine["iva"]);?></strong></span></td>
Frontend/Application/Views/_/Elementi/Ordini/Resoconto/Prodotti/con_immagine_tabella.php:20	<br /><b><?php echo gtext("Codice");?>:</b> <?php echo $p["righe"]["codice"];?>
Frontend/Application/Views/_/Elementi/Ordini/Resoconto/Prodotti/con_immagine_tabella.php:24	<b><?php echo gtext("Prezzo fisso");?>:</b> <?php if (isset($p["righe"]["in_promozione"]) && strcmp($p["righe"]["in_promozione"],"Y")===0 && $p["righe"]["prezzo_fisso_intero"] > 0){ echo "<del>€ ".setPriceReverse(p($p["righe"],$p["righe"]["prezzo_fisso_intero"]))."</del>"; } ?> &euro; <span class="item_price_single"><?php echo setPriceReverse(p($p["righe"],$p["righe"]["prezzo_fisso"]));?></span>
Frontend/Application/Views/_/Elementi/Ordini/Resoconto/Prodotti/con_immagine_tabella.php:26	<div class="scritta_iva_carrello"><?php echo gtext("Iva", false); ?>: <?php echo setPriceReverse($p["righe"]["iva"]);?> %</div>
Frontend/Application/Views/_/Elementi/Ordini/Resoconto/Prodotti/con_immagine_tabella.php:30	<b><?php echo gtext("Prezzo");?>:</b> <?php if (isset($p["righe"]["in_promozione"]) and strcmp($p["righe"]["in_promozione"],"Y")===0){ echo "<del>€ ".setPriceReverse(p($p["righe"],$p["righe"]["prezzo_intero"]))."</del>"; } ?> &euro; <span class="item_price_single"><?php echo setPriceReverse(p($p["righe"],$p["righe"]["price"]));?></span>
Frontend/Application/Views/_/Elementi/Ordini/Resoconto/Prodotti/con_immagine_tabella.php:32	<div class="scritta_iva_carrello"><?php echo gtext("Iva", false); ?>: <?php echo setPriceReverse($p["righe"]["iva"]);?> %</div>
Frontend/Application/Views/_/Elementi/Ordini/Resoconto/Prodotti/con_immagine_tabella.php:36	<b><?php echo gtext("Quantità");?>:</b> <?php echo $p["righe"]["quantity"];?>
Frontend/Application/Views/_/Elementi/Ordini/Resoconto/Prodotti/con_immagine_tabella.php:37	<b><br /><?php echo gtext("Totale");?>:</b> &euro; <span class="item_price_subtotal"><?php echo setPriceReverse(p($p["righe"],$p["righe"]["quantity"] * $p["righe"]["price"]));?></span>
Frontend/Application/Views/_/Elementi/Ordini/Resoconto/Prodotti/con_immagine.php:6	<div><?php echo gtext("Immagine");?></div>
Frontend/Application/Views/_/Elementi/Ordini/Resoconto/Prodotti/con_immagine.php:7	<div><?php echo gtext("Prodotto");?></div>
Frontend/Application/Views/_/Elementi/Ordini/Resoconto/Prodotti/con_immagine.php:14	<?php echo gtext("Codice");?>
Frontend/Application/Views/_/Elementi/Ordini/Resoconto/Prodotti/con_immagine.php:19	<?php echo gtext("Prezzo fisso");?> <?php if (!v("prezzi_ivati_in_carrello")) { ?><?php echo gtext("IVA esclusa")?><?php } ?>
Frontend/Application/Views/_/Elementi/Ordini/Resoconto/Prodotti/con_immagine.php:23	<?php echo gtext("Prezzo");?> <?php if (!v("prezzi_ivati_in_carrello")) { ?><?php echo gtext("IVA esclusa")?><?php } ?>
Frontend/Application/Views/_/Elementi/Ordini/Resoconto/Prodotti/con_immagine.php:26	<?php echo gtext("Quantità");?>
Frontend/Application/Views/_/Elementi/Ordini/Resoconto/Prodotti/con_immagine.php:29	<?php echo gtext("Totale");?>
Frontend/Application/Views/_/Elementi/Ordini/Resoconto/Prodotti/con_immagine.php:65	<span class="uk-hidden@s uk-text-bold"><?php echo gtext("Codice");?>:</span> <?php echo $p["righe"]["codice"];?>
Frontend/Application/Views/_/Elementi/Ordini/Resoconto/Prodotti/con_immagine.php:70	<span class="uk-hidden@s uk-text-bold"><?php echo gtext("Prezzo fisso");?>:</span>
Frontend/Application/Views/_/Elementi/Ordini/Resoconto/Prodotti/con_immagine.php:73	<div class="scritta_iva_carrello"><?php echo gtext("Iva", false); ?>: <?php echo setPriceReverse($p["righe"]["iva"]);?> %</div>
Frontend/Application/Views/_/Elementi/Ordini/Resoconto/Prodotti/con_immagine.php:78	<span class="uk-hidden@s uk-text-bold"><?php echo gtext("Prezzo");?>:</span>
Frontend/Application/Views/_/Elementi/Ordini/Resoconto/Prodotti/con_immagine.php:81	<div class="scritta_iva_carrello"><?php echo gtext("Iva", false); ?>: <?php echo setPriceReverse($p["righe"]["iva"]);?> %</div>
Frontend/Application/Views/_/Elementi/Ordini/Resoconto/Prodotti/con_immagine.php:85	<span class="uk-hidden@s uk-text-bold"><?php echo gtext("Quantità");?>:</span> <?php echo $p["righe"]["quantity"];?>
Frontend/Application/Views/_/Elementi/Ordini/Resoconto/Prodotti/con_immagine.php:88	<span class="uk-hidden@s uk-text-bold"><?php echo gtext("Totale");?>:</span> &euro; <span class="item_price_subtotal"><?php echo setPriceReverse(p($p["righe"],$p["righe"]["quantity"] * $p["righe"]["price"]));?></span>
Frontend/Application/Views/_/Elementi/Ordini/Resoconto/Prodotti/default.php:6	<th colspan="2" align="left" class="nome_prodotto row_left"><?php echo gtext("Prodotto", false); ?></th>
Frontend/Application/Views/_/Elementi/Ordini/Resoconto/Prodotti/default.php:8	<th align="left" class="nome_prodotto"><?php echo gtext("Codice", false); ?></th>
Frontend/Application/Views/_/Elementi/Ordini/Resoconto/Prodotti/default.php:11	<th align="left" class="prezzo_prodotto"><?php echo gtext("Prezzo fisso", false); ?> <?php if (!v("prezzi_ivati_in_carrello")) { ?> <?php echo gtext("(Iva esclusa)", false); ?><?php } ?></th>
Frontend/Application/Views/_/Elementi/Ordini/Resoconto/Prodotti/default.php:13	<th align="left" class="prezzo_prodotto"><?php echo gtext("Prezzo", false); ?> <?php if (!v("prezzi_ivati_in_carrello")) { ?> <?php echo gtext("(Iva esclusa)", false); ?><?php } ?></th>
Frontend/Application/Views/_/Elementi/Ordini/Resoconto/Prodotti/default.php:14	<th align="left" class="quantita_prodotto"><?php echo gtext("Quantità", false); ?></th>
Frontend/Application/Views/_/Elementi/Ordini/Resoconto/Prodotti/default.php:15	<th style="text-align:right;" class="subtotal_prodotto"><?php echo gtext("Totale", false); ?><?php if (!v("prezzi_ivati_in_carrello")) { ?> <?php echo gtext("(Iva esclusa)", false); ?><?php } ?></th>
Frontend/Application/Views/_/Elementi/Ordini/Resoconto/Prodotti/default.php:38	<div class="scritta_iva_carrello"><?php echo gtext("Iva", false); ?>: <?php echo setPriceReverse($p["righe"]["iva"]);?> %</div>
Frontend/Application/Views/_/Elementi/Ordini/Resoconto/Prodotti/default.php:45	<div class="scritta_iva_carrello"><?php echo gtext("Iva", false); ?>: <?php echo setPriceReverse($p["righe"]["iva"]);?> %</div>
Frontend/Application/Views/_/Elementi/Ordini/Resoconto/Acquisto/versione2.php:8	<h1><?php echo gtext("Resoconto dell'ordine");?></h1>
Frontend/Application/Views/_/Elementi/Ordini/Resoconto/Acquisto/versione2.php:33	<h2 class="uk-margin-medium-top <?php echo v("classi_titoli_resoconto_ordine");?>"><?php echo gtext("Prodotti acquistati", false); ?></h2>
Frontend/Application/Views/_/Elementi/Ordini/Resoconto/Acquisto/versione2.php:48	<h2 class="<?php echo v("classi_titoli_resoconto_ordine");?>"><?php echo gtext("Note d'acquisto");?></h2>
Frontend/Application/Views/_/Elementi/Ordini/Resoconto/Acquisto/versione2.php:65	<h2 class="uk-margin-medium-top <?php echo v("classi_titoli_resoconto_ordine");?>"><?php echo gtext("Dati di spedizione", false); ?></h2>
Frontend/Application/Views/_/Elementi/Ordini/Resoconto/Acquisto/versione2.php:74	<h2 class="uk-margin-top <?php echo v("classi_titoli_resoconto_ordine");?>"><?php echo gtext("Dati di fatturazione", false); ?></h2>
Frontend/Application/Views/_/Elementi/Ordini/Resoconto/Acquisto/versione2.php:84	<p><?php echo gtext("Può controllare in qualsiasi momento i dettagli dell'ordine al", false); ?> <a href="<?php echo $baseUrl."resoconto-acquisto/".$ordine["id_o"]."/".$ordine["cart_uid"]."/".$ordine["admin_token"];?>?n=y"><?php echo gtext("seguente indirizzo web", false); ?></a>.</p>
Frontend/Application/Views/_/Elementi/Ordini/Resoconto/Acquisto/default.php:8	<h1><?php echo gtext("Resoconto dell'ordine");?></h1>
Frontend/Application/Views/_/Elementi/Ordini/Resoconto/Acquisto/default.php:34	<h2 class="uk-heading-bullet"><?php echo gtext("Dettagli ordine", false); ?>:</h2>
Frontend/Application/Views/_/Elementi/Ordini/Resoconto/Acquisto/default.php:53	<h2 class="uk-heading-bullet"><?php echo gtext("Note d'acquisto");?></h2>
Frontend/Application/Views/_/Elementi/Ordini/Resoconto/Acquisto/default.php:58	<h2 class="uk-heading-bullet"><?php echo gtext("Dati di fatturazione", false); ?></h2>
Frontend/Application/Views/_/Elementi/Ordini/Resoconto/Acquisto/default.php:68	<h2 class="uk-heading-bullet"><?php echo gtext("Dati di spedizione", false); ?></h2>
Frontend/Application/Views/_/Elementi/Ordini/Resoconto/Acquisto/default.php:79	<p><?php echo gtext("Può controllare in qualsiasi momento i dettagli dell'ordine al", false); ?> <a href="<?php echo $baseUrl."resoconto-acquisto/".$ordine["id_o"]."/".$ordine["cart_uid"]."/".$ordine["admin_token"];?>?n=y"><?php echo gtext("seguente indirizzo web", false); ?></a>.</p>
Frontend/Application/Views/_/Elementi/Ordini/Resoconto/Regalo/default.php:3	<h2 class="<?php echo v("classi_titoli_resoconto_ordine");?>"><?php echo gtext("Dedica e firma");?></h2>
Frontend/Application/Views/_/Elementi/Ordini/Resoconto/Regalo/default.php:13	<div class="uk-alert uk-alert-primary"><?php echo gtext("La mail con la dedica e la firma è stata inviata all'utente creatore della lista")." (<b>".$dedica["email"]."</b>) ".gtext("in data")." ".date("d/m/Y H:i", strtotime($dedica["data_creazione"]));?></div>
Frontend/Application/Views/_/Elementi/Ordini/Resoconto/Reso/default.php:9	gtext("Home") 		=> $this->baseUrl,
Frontend/Application/Views/_/Elementi/Ordini/Resoconto/Reso/default.php:10	gtext("Area riservata")	=>	$this->baseUrl."/area-riservata",
Frontend/Application/Views/_/Elementi/Ordini/Resoconto/Reso/default.php:11	gtext("Ordini effettuati")	=>	$this->baseUrl."/ordini-effettuati",
Frontend/Application/Views/_/Elementi/Ordini/Resoconto/Reso/default.php:12	gtext("Reso Ordine") => "",
Frontend/Application/Views/_/Elementi/Ordini/Resoconto/Reso/default.php:18	gtext("Home") 		=> $this->baseUrl,
Frontend/Application/Views/_/Elementi/Ordini/Resoconto/Reso/default.php:19	gtext("Reso Ordine") => "",
Frontend/Application/Views/_/Elementi/Ordini/Resoconto/Reso/default.php:23	$titoloPagina = gtext("Reso dell'ordine")." #".$ordine["id_o"];
Frontend/Application/Views/_/Elementi/Ordini/Resoconto/Reso/default.php:40	<?php echo gtext("In data")." <b>".smartDate($periodo["data_richiesta"], v("default_date_format")." H:i");?></b>
Frontend/Application/Views/_/Elementi/Ordini/Resoconto/Reso/default.php:41	<?php echo gtext("hai eseguito un richiesta di reso per l'ordine")." <b>".$ordine["id_o"]; ?></b>
Frontend/Application/Views/_/Elementi/Ordini/Resoconto/Reso/default.php:52	<?php echo gtext("Conferma la richiesta di reso dell'ordine", false)." ".$ordine["id_o"]; ?>
Frontend/Application/Views/_/Elementi/Ordini/Resoconto/Reso/default.php:61	<span class="uk-text-small"><?php echo gtext("Il reso può essere richiesto nel seguente periodo:");?> <?php echo smartDate($periodo["data_inizio"], v("default_date_format"));?> - <b><?php echo smartDate($periodo["data_fine"], v("default_date_format"));?></b><br /></span>
Frontend/Application/Views/_/Elementi/Ordini/Resoconto/Spedizione/compatta.php:6	<span class="uk-text-emphasis"><?php if ($ordine["indirizzo_spedizione"]) { ?><?php echo gtext("Indirizzo");?>:</span> <?php echo $ordine["indirizzo_spedizione"];?>
Frontend/Application/Views/_/Elementi/Ordini/Resoconto/Spedizione/compatta.php:9	<br /><span class="uk-text-emphasis"><?php echo gtext("Nazione");?>:</span> <?php echo nomeNazione($ordine["nazione_spedizione"]);?>
Frontend/Application/Views/_/Elementi/Ordini/Resoconto/Spedizione/compatta.php:14	<span class="uk-text-emphasis"><?php echo gtext("Tel");?>:</span> <?php echo $ordine["telefono_spedizione"];?><br />
Frontend/Application/Views/_/Elementi/Ordini/Resoconto/Spedizione/compatta.php:17	<span class="uk-text-emphasis"><?php echo gtext("Destinatario");?>:</span> <?php echo $ordine["destinatario_spedizione"];?><br />
Frontend/Application/Views/_/Elementi/Ordini/Resoconto/Spedizione/compatta.php:22	<span class="uk-text-emphasis"><?php echo gtext("Modalità di spedizione", false); ?>: </span> <?php echo gtext($modalitaSpedizione);?>
Frontend/Application/Views/_/Elementi/Ordini/Resoconto/Spedizione/default.php:6	<td class="first_column"><?php echo gtext("Indirizzo", false); ?></td>
Frontend/Application/Views/_/Elementi/Ordini/Resoconto/Spedizione/default.php:11	<td class="first_column"><?php echo gtext("Cap", false); ?></td>
Frontend/Application/Views/_/Elementi/Ordini/Resoconto/Spedizione/default.php:16	<td class="first_column"><?php echo gtext("Nazione", false); ?></td>
Frontend/Application/Views/_/Elementi/Ordini/Resoconto/Spedizione/default.php:20	<td class="first_column"><?php echo gtext("Provincia", false); ?></td>
Frontend/Application/Views/_/Elementi/Ordini/Resoconto/Spedizione/default.php:24	<td class="first_column"><?php echo gtext("Città", false); ?></td>
Frontend/Application/Views/_/Elementi/Ordini/Resoconto/Spedizione/default.php:29	<td class="first_column"><?php echo gtext("Telefono", false); ?></td>
Frontend/Application/Views/_/Elementi/Ordini/Resoconto/Spedizione/default.php:35	<td class="first_column"><?php echo gtext("Destinatario", false); ?></td>
Frontend/Application/Views/_/Elementi/Ordini/Resoconto/Spedizione/default.php:41	<td class="first_column"><?php echo gtext("Modalità di spedizione", false); ?></td>
Frontend/Application/Views/_/Elementi/Ordini/Resoconto/Spedizione/default.php:42	<td><?php echo gtext(CorrieriModel::g()->where(array("id_corriere"=>(int)$ordine["id_corriere"]))->field("titolo"));?></td>
Frontend/Application/Views/_/Elementi/Ordini/Pagamenti/versione2.php:10	<?php echo $htmlIcona;?><?php echo gtext("Metodo di pagamento");?>
Frontend/Application/Views/_/Elementi/Ordini/Pagamenti/default.php:10	<?php echo $htmlIcona;?><?php echo gtext("Metodo di pagamento");?>
Frontend/Application/Views/_/Elementi/Ordini/IscrizioneNewsletter/versione2.php:9	<?php echo gtext("Voglio essere iscritto alla newsletter per conoscere le promozioni e le novità del negozio");?>
Frontend/Application/Views/_/Elementi/Ordini/IscrizioneNewsletter/default.php:3	<div class="newsletter_checkbox"><?php echo Html_Form::checkbox("newsletter",$values['newsletter'],"Y");?> <?php echo gtext("Voglio essere iscritto alla newsletter per conoscere le promozioni e le novità del negozio");?></div>
Frontend/Application/Views/_/Elementi/Ordini/resoconto_login.php:6	<?php echo gtext("Hai già un account?");?> <a class="showlogin show_form_login_checkout" href="#"><?php echo gtext("Clicca qui per accedere");?></a><br />
Frontend/Application/Views/_/Elementi/Ordini/resoconto_login.php:7	<?php echo gtext("Altrimenti continua pure inserendo i tuoi dati.");?>
Frontend/Application/Views/_/Elementi/Ordini/Regalo/default.php:9	<?php echo gtext("Questo ordine è un REGALO - Selezione OBBLIGATORIA per LISTA NASCITA / REGALO");?>
Frontend/Application/Views/_/Elementi/Ordini/Regalo/default.php:17	<label class="uk-form-label"><?php echo gtext("Dedica")?></label>
Frontend/Application/Views/_/Elementi/Ordini/Regalo/default.php:22	<label class="uk-form-label"><?php echo gtext("Firma");?></label>
Frontend/Application/Views/_/Elementi/Ordini/Checkout/versione2.php:39	<p><?php echo gtext("Non ci sono prodotti nel carrello");?></p>
Frontend/Application/Views/_/Elementi/Ordini/Checkout/default.php:25	<h2 class="<?php echo v("classi_titoli_checkout");?>" style="margin-bottom:30px;"><?php echo gtext("Dati di fatturazione");?></h2>
Frontend/Application/Views/_/Elementi/Ordini/Checkout/default.php:64	<p><?php echo gtext("Non ci sono prodotti nel carrello");?></p>
Frontend/Application/Views/_/Elementi/Ordini/Coupon/consfondo.php:4	<p class="uk-text-small uk-text-emphasis"><?php echo gtext("Se hai un codice promozione, inseriscilo sotto.");?></p>
Frontend/Application/Views/_/Elementi/Ordini/Coupon/consfondo.php:14	<button class="<?php echo v("classe_pulsanti_submit");?> uk-width-1-2@s uk-width-1-1@m button_invia_coupon" type="button" name="invia_coupon"><?php echo gtext("Invia codice");?></button>
Frontend/Application/Views/_/Elementi/Ordini/Coupon/default.php:3	<p class="uk-text-small uk-text-muted"><?php echo gtext("Se hai un codice promozione, inseriscilo sotto.");?></p>
Frontend/Application/Views/_/Elementi/Ordini/Coupon/default.php:6	<label class="uk-form-label uk-text-bold"><?php echo gtext("Codice promozione");?> *</label>
Frontend/Application/Views/_/Elementi/Ordini/Spedizione/radio.php:26	<span class="uk-text-emphasis"><?php echo gtext("Indirizzo");?>:</span> <?php echo $indirizzo["indirizzo_spedizione"];?>, <?php echo $indirizzo["cap_spedizione"];?><br /> <?php echo $indirizzo["citta_spedizione"];?> (<?php echo in_array((string)$indirizzo["nazione_spedizione"], NazioniModel::nazioniConProvince()) ? ProvinceModel::sFindTitoloDaCodice($indirizzo["provincia_spedizione"]) : $indirizzo["dprovincia_spedizione"];?>), <?php echo nomeNazione($indirizzo["nazione_spedizione"]);?>
Frontend/Application/Views/_/Elementi/Ordini/Spedizione/radio.php:28	<br /><span class="uk-text-emphasis"><?php echo gtext("Tel");?>:</span> <?php echo $indirizzo["telefono_spedizione"];?>
Frontend/Application/Views/_/Elementi/Ordini/Spedizione/radio.php:42	<?php echo gtext("Aggiungi un nuovo indirizzo di spedizione");?>
Frontend/Application/Views/_/Elementi/Ordini/Spedizione/radio.php:59	<?php echo Html_Form::radio("aggiungi_nuovo_indirizzo",$values["aggiungi_nuovo_indirizzo"],"N","imposta_seleziona","none");?> <?php echo gtext("Seleziona un indirizzo di spedizione esistente");?>
Frontend/Application/Views/_/Elementi/Ordini/Spedizione/radio.php:63	<?php echo Html_Form::radio("aggiungi_nuovo_indirizzo",$values["aggiungi_nuovo_indirizzo"],"Y","imposta_aggiungi","none");?> <?php echo gtext("Aggiungi un nuovo indirizzo di spedizione");?>
Frontend/Application/Views/_/Elementi/Ordini/Spedizione/radio.php:68	<label class="uk-form-label"><?php echo gtext("Indirizzo");?> *</label>
Frontend/Application/Views/_/Elementi/Ordini/Spedizione/default.php:5	<h2 class="uk-margin-bottom uk-text-emphasis uk-text-large"><?php echo gtext("Indirizzo di spedizione");?></h2>
Frontend/Application/Views/_/Elementi/Ordini/Spedizione/default.php:13	<h2 class="uk-margin-bottom uk-text-emphasis uk-text-large"><?php echo gtext("Indirizzo di spedizione");?></h2>
Frontend/Application/Views/_/Elementi/Ordini/Spedizione/default.php:18	<?php echo Html_Form::radio("aggiungi_nuovo_indirizzo",$values["aggiungi_nuovo_indirizzo"],"Y","imposta_aggiungi","none");?> <?php echo gtext("Aggiungi un nuovo indirizzo di spedizione");?>
Frontend/Application/Views/_/Elementi/Ordini/Spedizione/default.php:22	<?php echo Html_Form::radio("aggiungi_nuovo_indirizzo",$values["aggiungi_nuovo_indirizzo"],"N","imposta_seleziona","none");?> <?php echo gtext("Seleziona un indirizzo di spedizione esistente");?>
Frontend/Application/Views/_/Elementi/Ordini/Spedizione/default.php:26	<label class="uk-form-label"><?php echo gtext("Indirizzo");?> *</label>
Frontend/Application/Views/_/Elementi/Notice/check_password.php:3	<?php echo gtext("La password deve soddisfare i seguenti requisiti");?>:
Frontend/Application/Views/_/Elementi/Notice/check_password.php:7	<li><?php echo gtext("Deve essere lunga almeno ".VariabiliModel::getNumeroCaratteriPassword()." caratteri");?></li>
Frontend/Application/Views/_/Elementi/Notice/check_password.php:10	<li><?php echo gtext("Deve contenere almeno un carattere minuscolo [a - z]");?></li>
Frontend/Application/Views/_/Elementi/Notice/check_password.php:13	<li><?php echo gtext("Deve contenere almeno un carattere maiuscolo [A - Z]");?></li>
Frontend/Application/Views/_/Elementi/Notice/check_password.php:16	<li><?php echo gtext("Deve contenere almeno un carattere numerico [0 - 9]");?></li>
Frontend/Application/Views/_/Elementi/Notice/check_password.php:19	<li><?php echo gtext("Deve contenere almeno un carattere speciale tra i seguenti:")." ".v("password_regular_expression_caratteri_speciali");?></li>
Frontend/Application/Views/_/Elementi/admin.php:19	<span class="header"><?php echo gtext("Pannello gestione");?></span>
Frontend/Application/Views/_/Elementi/admin.php:20	<span class="line"><a href="<?php echo $this->baseUrlSrc."/admin/categorie/main?partial=Y";?>" class="iframe"><?php echo gtext("Categorie prodotti");?></a></span>
Frontend/Application/Views/_/Elementi/admin.php:21	<span class="line"><a href="<?php echo $this->baseUrlSrc."/admin/prodotti/main?partial=Y";?>" class="iframe"><?php echo gtext("Prodotti ecommerce");?></a></span>
Frontend/Application/Views/_/Elementi/admin.php:22	<span class="line"><a href="<?php echo $this->baseUrlSrc."/admin/blog/main?partial=Y";?>" class="iframe"><?php echo gtext("Blog");?></a></span>
Frontend/Application/Views/_/Elementi/admin.php:24	<span class="line"><a href="<?php echo $this->baseUrlSrc."/admin/slide/main?partial=Y";?>" class="iframe"><?php echo gtext("Slide principale");?></a></span>
Frontend/Application/Views/_/Elementi/admin.php:26	<span class="line"><a href="<?php echo $this->baseUrlSrc."/admin/menu/main?partial=Y";?>" class="iframe"><?php echo gtext("Menu navigazione");?></a></span>
Frontend/Application/Views/_/Elementi/admin.php:28	<span class="line"><a href="<?php echo $this->baseUrlSrc."/admin/impostazioni/tema?partial=Y";?>" class="iframe"><?php echo gtext("Seleziona tema");?></a></span>
Frontend/Application/Views/_/Elementi/admin.php:30	<span class="line"><a href="<?php echo $this->baseUrlSrc."/admin/testi/main?partial=Y";?>" class="iframe"><?php echo gtext("Elementi tema");?></a></span>
Frontend/Application/Views/_/Elementi/admin.php:31	<span class="line"><a href="<?php echo $this->baseUrlSrc."/admin/traduzioni/main?partial=Y";?>" class="iframe"><?php echo gtext("Traduzione testi");?></a></span>
Frontend/Application/Views/_/Elementi/admin.php:32	<span class="line"><a target="_blank" href="<?php echo $this->baseUrlSrc."/admin/panel/main";?>"><?php echo gtext("Dashboard amministrativa");?></a></span>
Frontend/Application/Views/_/Elementi/admin.php:37	<div class="sideslider-close sideslider-close_en"><?php echo gtext("Chiudi"); ?>&nbsp;</div>
Frontend/Application/Views/_/Elementi/footer_link_privacy.php:3	<li><a href="<?php echo $this->baseUrl."/".getUrlAlias($tipiPagina["PRIVACY"]);?>"><?php echo gtext("Privacy");?></a></li>
Frontend/Application/Views/_/Elementi/footer_link_privacy.php:6	<li><a href="<?php echo $this->baseUrl."/".getUrlAlias($tipiPagina["COOKIE"]);?>"><?php echo gtext("Cookie");?></a></li>
Frontend/Application/Views/_/Elementi/footer_link_privacy.php:9	<li><a href="<?php echo $this->baseUrl."/".getUrlAlias($tipiPagina["CONDIZIONI"]);?>"><?php echo gtext("Condizioni di vendita");?></a></li>
Frontend/Application/Views/_/Elementi/footer_link_privacy.php:12	<li><a href="<?php echo $this->baseUrl."/".getUrlAlias($tipiPagina["RESI"]);?>"><?php echo gtext("Spedizione e resi");?></a></li>
Frontend/Application/Views/_/Elementi/footer_link_privacy.php:15	<li><a href="<?php echo $this->baseUrl."/".getUrlAlias($tipiPagina["FAQ"]);?>"><?php echo gtext("FAQ");?></a></li>
Frontend/Application/Views/_/Elementi/Pagamenti/satispay_resoconto.php:8	<h2 class="<?php echo v("classi_titoli_resoconto_ordine");?>"><?php echo gtext("Dettagli pagamento:");?></h2>
Frontend/Application/Views/_/Elementi/Pagamenti/satispay_resoconto.php:9	<p><?php echo gtext("Pagamento tramite Satispay ancora da eseguire");?></p>
Frontend/Application/Views/_/Elementi/Pagamenti/klarna_resoconto.php:8	<h2 class="<?php echo v("classi_titoli_resoconto_ordine");?>"><?php echo gtext("Dettagli pagamento:");?></h2>
Frontend/Application/Views/_/Elementi/Pagamenti/klarna_resoconto.php:9	<p><?php echo gtext("Pagamento tramite Klarna ancora da eseguire");?></p>
Frontend/Application/Views/_/Elementi/Pagamenti/paypal_resoconto.php:10	<h2 class="uk-heading-bullet"><?php echo gtext("Dettagli pagamento:");?></h2>
Frontend/Application/Views/_/Elementi/Pagamenti/paypal_resoconto.php:11	<p><?php echo gtext("Pagamento tramite paypal ancora da eseguire");?></p>
Frontend/Application/Views/_/Elementi/Pagamenti/bonifico_resoconto.php:2	<h2 class="<?php echo v("classi_titoli_resoconto_ordine");?>"><?php echo gtext("Dettagli pagamento:");?></h2>
Frontend/Application/Views/_/Elementi/Pagamenti/pagamento_generico_resoconto.php:2	<h2 class="<?php echo v("classi_titoli_resoconto_ordine");?>"><?php echo gtext("Dettagli pagamento:");?></h2>
Frontend/Application/Views/_/Elementi/Pagamenti/carta_di_credito_resoconto.php:8	<h2 class="<?php echo v("classi_titoli_resoconto_ordine");?>"><?php echo gtext("Dettagli pagamento:");?></h2>
Frontend/Application/Views/_/Elementi/Pagamenti/carta_di_credito_resoconto.php:9	<p><?php echo gtext("Pagamento tramite carta di credito ancora da eseguire");?></p>
Frontend/Application/Views/_/Elementi/Pagamenti/paypal.php:5	<span class="uk-margin-small-left uk-text-meta"><a href="https://www.paypal.com/it/webapps/mpp/paypal-popup" class="about_paypal" onclick="javascript:window.open('https://www.paypal.com/it/webapps/mpp/paypal-popup','WIPaypal','toolbar=no, location=no, directories=no, status=no, menubar=no, scrollbars=yes, resizable=yes, width=1060, height=700'); return false; __gaTracker('send', 'event', 'outbound-article', 'https://www.paypal.com/it/webapps/mpp/paypal-popup', 'What is PayPal?');" title="What is PayPal?"><?php echo gtext("Cos'è PayPal?"); ?></a></span>
Frontend/Application/Views/_/Elementi/Pagamenti/Pulsanti/klarna.php:2	<div><a class="<?php echo v("classe_pulsanti_submit");?>" href='<?php echo Url::getRoot()."redirect-to-gateway/".$this->ordine["id_o"]."/".$this->ordine["cart_uid"]."/".$this->ordine["admin_token"];?>'><span uk-icon="credit-card"></span> <?php echo gtext("Paga adesso");?></a></div>
Frontend/Application/Views/_/Elementi/Pagamenti/Pulsanti/nexi.php:2	<div><a class="<?php echo v("classe_pulsanti_submit");?>" href='<?php echo $urlPagamento;?>'><span uk-icon="credit-card"></span> <?php echo gtext("Paga adesso");?></a></div>
Frontend/Application/Views/_/Elementi/Pagamenti/Pulsanti/sella.php:2	<div><a class="<?php echo v("classe_pulsanti_submit");?>" href='<?php echo $urlPagamento;?>'><span uk-icon="credit-card"></span> <?php echo gtext("Paga adesso");?></a></div>
Frontend/Application/Views/_/Elementi/Pagamenti/Pulsanti/satispay.php:2	<div><a class="<?php echo v("classe_pulsanti_submit");?>" href='<?php echo Url::getRoot()."redirect-to-gateway/".$this->ordine["id_o"]."/".$this->ordine["cart_uid"]."/".$this->ordine["admin_token"];?>'><span uk-icon="credit-card"></span> <?php echo gtext("Paga adesso");?></a></div>
Frontend/Application/Views/_/Elementi/Sezioni/Progetti/Elenco/Elemento/default.php:16	<a class="uk-button uk-button-text uk-text-bold uk-margin-small" href="<?php echo $this->baseUrl."/".$urlAlias;?>"><?php echo gtext("Leggi tutto");?></a>
Frontend/Application/Views/_/Elementi/Sezioni/Servizi/Elenco/Elemento/default.php:17	<a class="uk-button uk-button-text uk-text-bold uk-margin-small" href="<?php echo $this->baseUrl."/".$urlAlias;?>"><?php echo gtext("Leggi tutto");?></a>
Frontend/Application/Views/_/Elementi/Sezioni/Sedi/Elenco/Elemento/default.php:13	<br /><?php echo gtext("tel.")?> <?php echo field($p, "telefono_contatto_evento");?>
Frontend/Application/Views/_/Elementi/Sezioni/Blog/Dettaglio/Top/default.php:10	<p class="uk-article-meta"><?php echo gtext("Scritto in data");?> <?php echo traduci(date("d M Y", strtotime($p["pages"]["data_news"])), true);?>. <?php echo gtext("Categoria");?> <a href="<?php echo $this->baseUrl."/$urlAliasCategoria";?>"><?php echo cfield($p, "title");?></a></p>
Frontend/Application/Views/_/Elementi/Sezioni/Blog/Elenco/Elemento/default.php:19	<a class="uk-button uk-button-text uk-text-bold uk-margin-small" href="<?php echo $this->baseUrl."/".$urlAlias;?>"><?php echo gtext("Leggi tutto");?></a>
Frontend/Application/Views/_/Elementi/Sezioni/Eventi/Dettaglio/Top/default.php:10	<p class="uk-article-meta"><?php echo gtext("Scritto in data");?> <?php echo traduci(date("d M Y", strtotime($p["pages"]["data_news"])));?>. <?php echo gtext("Categoria");?> <a href="<?php echo $this->baseUrl."/$urlAliasCategoria";?>"><?php echo cfield($p, "title");?></a></p>
Frontend/Application/Views/_/Elementi/Sezioni/Eventi/Elenco/Elemento/default.php:17	<a class="uk-button uk-button-text uk-text-bold uk-margin-small" href="<?php echo $this->baseUrl."/".$urlAlias;?>"><?php echo gtext("Leggi tutto");?></a>
Frontend/Application/Views/_/Elementi/Fasce/Progetti/default.php:7	<h1 class="uk-text-bold uk-margin-medium"><?php echo gtext("I nostri progetti");?></h1>
Frontend/Application/Views/_/Elementi/Fasce/Partner/default.php:7	<h1 class="uk-text-bold uk-margin-medium"><?php echo gtext("I nostri partner");?></h1>
Frontend/Application/Views/_/Elementi/Fasce/Testimonial/default.php:7	<h2 class="uk-text-center uk-text-bold uk-margin-remove-top"><?php echo gtext("Testimonial");?></h2>
Frontend/Application/Views/_/Elementi/Fasce/UltimiEventi/default.php:8	<h2 class="uk-text-bold uk-margin-medium"><?php echo gtext("Ultimi articoli");?></h2>
Frontend/Application/Views/_/Elementi/Fasce/PaccoRegalo/default.php:5	<h1 class="uk-text-emphasis uk-text-large uk-margin-remove uk-text-center uk-margin-left uk-margin-right"><?php echo gtext("I nostri pacchi regalo");?></h1>
Frontend/Application/Views/_/Elementi/Fasce/PaccoRegalo/default.php:22	<a class="uk-text-emphasis" href="<?php echo $this->baseUrl."/".getUrlAlias($tipiPagina["PACCO_REGALO"]);?>"><?php echo gtext("Scopri di più");?></a>
Frontend/Application/Views/_/Elementi/Fasce/Servizi/default.php:7	<h1 class="uk-text-bold uk-margin-medium"><?php echo gtext("I nostri servizi");?></h1>
Frontend/Application/Views/_/Elementi/Fasce/CaroselloCategorie/default.php:6	<h2 class="uk-text-center uk-text-bold uk-margin-remove-top uk-margin-remove-bottom"><span><?php echo gtext("Categorie prodotti"); ?></span></h2>
Frontend/Application/Views/_/Elementi/Fasce/CaroselloCategorie/default.php:10	<div class="uk-text-small"><?php echo gtext("Lorem ipsum dolor sit amet, consectetur adipiscing elit, sed do eiusmod tempor incididunt ut labore et dolore magna aliqua.");?></div>
Frontend/Application/Views/_/Elementi/Fasce/UltimiArticoliBlog/default.php:5	<h2 class="uk-text-bold uk-margin-medium"><?php echo gtext("Ultimi articoli");?></h2>
Frontend/Application/Views/_/Elementi/Fasce/BlocchiCategorie/default.php:4	<h2 class="uk-margin-medium-top uk-margin-medium-bottom uk-text-large uk-text-bold uk-text-uppercase uk-text-center"><?php echo gtext("Categorie prodotti"); ?></h2>
Frontend/Application/Views/_/Elementi/Fasce/BlocchiCategorie/default.php:15	<p class="uk-h4 uk-margin-remove uk-text-bold uk-text-uppercase"><?php echo gtext("Vai al dettaglio");?></p>
Frontend/Application/Views/_/Elementi/Fasce/Sedi/default.php:15	<li class="uk-active" uk-filter-control><a href="#"><?php echo gtext("Tutte");?></a></li>
Frontend/Application/Views/_/Elementi/Fasce/ProdottiInEvidenza/default.php:6	<h2 class="uk-text-bold uk-margin-remove-top uk-margin-remove-bottom"><span><?php echo gtext("Prodotti in evidenza"); ?></span></h2>
Frontend/Application/Views/_/Elementi/Fasce/ProdottiInEvidenza/default.php:10	<div class="uk-text-small"><?php echo gtext("Lorem ipsum dolor sit amet, consectetur adipiscing elit, sed do eiusmod tempor incididunt ut labore et dolore magna aliqua.");?></div>
Frontend/Application/Views/_/Elementi/Fasce/ProdottiInEvidenza/default.php:35	<a class="uk-button uk-button-default uk-margin" href="<?php echo $this->baseUrl."/".getCategoryUrlAlias($idShop);?>"><?php echo gtext("Vedi tutti");?></a>
Frontend/Application/Views/_/Elementi/Fasce/SpedizioniResi/default.php:12	<a href="<?php echo $this->baseUrl."/".getUrlAlias($tipiPagina["SPEDIZIONI"]);?>" uk-link><?php echo gtext("Maggiori informazioni");?></a>
Frontend/Application/Views/_/Elementi/Fasce/SpedizioniResi/default.php:27	<a href="<?php echo $this->baseUrl."/".getUrlAlias($tipiPagina["SPEDIZIONI"]);?>" uk-link><?php echo gtext("Maggiori informazioni");?></a>
Frontend/Application/Views/_/Elementi/Fasce/SpedizioniResi/default.php:42	<a href="<?php echo $this->baseUrl."/".getUrlAlias($tipiPagina["RESI"]);?>" uk-link><?php echo gtext("Maggiori informazioni");?></a>
Frontend/Application/Views/_/Elementi/Fasce/ProdottiInPagina/default.php:36	<a class="uk-button uk-button-default uk-margin" href="<?php echo $this->baseUrl."/".getCategoryUrlAlias(CategoriesModel::$idShop);?>"><?php echo gtext("Vedi tutti");?></a>
Frontend/Application/Views/_/Elementi/Fasce/Agenti/default.php:17	<div class="uk-text-small uk-text-center uk-text-left@m"><?php echo gtext("Ciao");?> <strong><?php echo User::$nomeCliente;?></strong></div>
Frontend/Application/Views/_/Elementi/Fasce/Agenti/default.php:18	<a href="<?php echo $this->baseUrl."/regusers/login";?>" class="uk-margin-small uk-button uk-button-primary uk-button-small uk-width-1-1"><?php echo gtext("Vai alla tua area riservata");?></a>
Frontend/Application/Views/_/Elementi/Fasce/Agenti/default.php:22	<div class="uk-text-small uk-text-center uk-text-left@m"><?php echo gtext("Ciao");?> <strong><?php echo User::$nomeCliente;?></strong>, <?php echo gtext("ti sei registrato al nostro sito, ma non sei un agente. Per diventare un agente scrivi a")?> <strong><?php echo v("email_aziendale");?></strong> <?php echo gtext("e richiedi di essere abilitato come agente.");?></div>
Frontend/Application/Views/_/Elementi/Fasce/Agenti/default.php:27	<div class="uk-text-small uk-text-center uk-text-left@m"><?php echo gtext("Registrati");?></div>
Frontend/Application/Views/_/Elementi/Fasce/Agenti/default.php:28	<a href="<?php echo $this->baseUrl."/crea-account-agente";?>" class="uk-margin-small uk-button uk-button-default uk-button-small uk-width-1-1"><?php echo gtext("Crea un account");?></a>
Frontend/Application/Views/_/Elementi/Fasce/Agenti/default.php:33	<a href="<?php echo $this->baseUrl."/regusers/login";?>" class="uk-margin-small uk-button uk-button-primary uk-button-small uk-width-1-1"><?php echo gtext("Login");?></a>
Frontend/Application/Views/_/Elementi/Fasce/ProdottiInPromozione/default.php:9	<!-- 		<div class="uk-text-center uk-text-uppercase uk-text-lead uk-text-small"><?php echo gtext("Prodotti in"); ?></div> -->
Frontend/Application/Views/_/Elementi/Fasce/ProdottiInPromozione/default.php:10	<h2 class="uk-text-bold uk-text-center uk-margin-remove-top uk-margin-remove-bottom"><span><?php echo gtext("Promozione"); ?></span></h2>
Frontend/Application/Views/_/Elementi/Fasce/ProdottiInPromozione/default.php:14	<div class="uk-text-small"><?php echo gtext("Lorem ipsum dolor sit amet, consectetur adipiscing elit, sed do eiusmod tempor incididunt ut labore et dolore magna aliqua.");?></div>
Frontend/Application/Views/_/Elementi/Fasce/ProdottiInPromozione/default.php:25	<a class="uk-button uk-button-secondary uk-margin" href="<?php echo $this->baseUrl."/".CategoriesModel::getUrlAliasPromo();?>"><?php echo gtext("Vedi tutti");?></a>
Frontend/Application/Views/_/Elementi/Fasce/Faq/default.php:3	<h3 class="uk-margin-remove uk-text-large uk-text-bold uk-text-center uk-text-uppercase"><?php echo gtext("FAQ");?></h3>
Frontend/Application/Views/_/Elementi/Utenti/info_eliminazione_approvazione_app.php:3	<h3 class="uk-card-title"><?php echo gtext("Tutti i dati raccolti tramite l'APP sono stati eliminati");?></h3>
Frontend/Application/Views/_/Elementi/Utenti/info_eliminazione_approvazione_app.php:4	<p><?php echo gtext("L'approvazione all'utilizzo dell'APP Instagram da parte del sito è stata correttamente eliminata, assieme a tutti i dati raccolti dall'account Instagram collegato all'APP.");?></p>
Frontend/Application/Views/_/Elementi/Utenti/info_eliminazione_approvazione_app.php:5	<p><?php echo gtext("Codice univoco dell'operazione")?>: <span class="uk-label uk-label-primary"><?php echo $app["confirmation_code"];?></span></p>
Frontend/Application/Views/_/Elementi/Utenti/info_eliminazione_account.php:3	<h3 class="uk-card-title"><?php echo gtext("Informazioni sullo stato del suo account");?></h3>
Frontend/Application/Views/_/Elementi/Utenti/info_eliminazione_account.php:4	<p><?php echo gtext("Il suo account e tutti i suoi dati sono stati correttamente eliminati in data")?> <b><?php echo date("d/m/Y", $cliente["time_eliminazione"]);?></b>.</p>
Frontend/Application/Views/_/Elementi/Utenti/info_eliminazione_account.php:5	<p><?php echo gtext("Codice univoco dell'operazione")?>: <span class="uk-label uk-label-primary"><?php echo $cliente["token_eliminazione"];?></span></p>
Frontend/Application/Views/_/Elementi/Utenti/info_eliminazione_account.php:6	<p class="uk-text-warning"><?php echo gtext("Per motivi fiscali, nel caso abbia eseguito degli ordini nel nostro negozio online, i suoi dati rimarranno salvati come dati anagrafici all'interno degli ordini suddetti.");?> <?php echo gtext("Per maggiori informazioni in merito si prega di contattare il negozio.")?></p>
Frontend/Application/Views/_/Elementi/Captcha/campo-codice-random.php:8	<label class="uk-form-label"><?php echo gtext("Inserisci il codice antispam mostrato nell'immagine");?> *</label>
Frontend/Application/Views/_/Elementi/Captcha/Errore/notice-recaptchatre.php:7	<label class="uk-form-label"><?php echo gtext("Inserisci il codice antispam mostrato nell'immagine");?> *</label>
Frontend/Application/Views/_/Elementi/Pagine/dettagli_pagina.php:11	<li aria-expanded="true" class="uk-active"><a href=""><?php echo gtext($tab);?></a></li>
Frontend/Application/Views/_/Elementi/Pagine/dettagli_pagina.php:14	<li aria-expanded="false" class=""><a href=""><?php echo gtext("Caratteristiche");?></a></li>
Frontend/Application/Views/_/Elementi/Pagine/dettagli_pagina.php:36	<h2 class="uk-text-lead uk-text-uppercase uk-margin-medium-bottom"><?php echo gtext("Caratteristiche");?></h2>
Frontend/Application/Views/_/Elementi/Pagine/riservata-left.php:6	<?php echo gtext("Menù area riservata");?>
Frontend/Application/Views/_/Elementi/Pagine/accessori.php:32	<?php echo gtext("Prezzo");?>: <span class="amount">
Frontend/Application/Views/_/Elementi/Pagine/accessori.php:36	<span class="iva_inclusa"><?php echo gtext("Iva inclusa");?></span>
Frontend/Application/Views/_/Elementi/Pagine/accessori.php:41	<?php echo gtext("Disponibilità");?>: <span class="valore_giacenza_acc"><?php echo $qtaAcc;?></span>
Frontend/Application/Views/_/Elementi/Pagine/accessori.php:42	<span class="sng" style='display:<?php echo $qtaAcc==1 ? "inline" : "none"; ?>'><?php echo gtext("pezzo rimasto", false);?></span>
Frontend/Application/Views/_/Elementi/Pagine/accessori.php:43	<span class="plu" style='display:<?php echo $qtaAcc!=1 ? "inline" : "none"; ?>'><?php echo gtext("pezzi rimasti", false);?></span>
Frontend/Application/Views/_/Listeregalo/prodotti.php:8	<?php echo gtext("Prodotto");?>
Frontend/Application/Views/_/Listeregalo/prodotti.php:13	<?php echo gtext("Descrizione");?>
Frontend/Application/Views/_/Listeregalo/prodotti.php:17	<?php echo gtext("Quantità desiderata");?>
Frontend/Application/Views/_/Listeregalo/prodotti.php:21	<?php echo gtext("Regalati");?>
Frontend/Application/Views/_/Listeregalo/prodotti.php:24	<?php echo gtext("Rimasti");?>
Frontend/Application/Views/_/Listeregalo/prodotti.php:28	<?php echo gtext("Elimina");?>
Frontend/Application/Views/_/Listeregalo/prodotti.php:32	<?php echo gtext("Regalato da");?>
Frontend/Application/Views/_/Listeregalo/prodotti.php:75	<br /><span class="uk-text-warning"><?php echo gtext("Il prodotto non è più acquistabile");?></span>
Frontend/Application/Views/_/Listeregalo/prodotti.php:97	<span class="uk-hidden@m uk-text-bold"><?php echo gtext("Regalati");?>:</span> <?php echo $numeroRegalati;?>
Frontend/Application/Views/_/Listeregalo/prodotti.php:100	<span class="uk-hidden@m uk-text-bold"><?php echo gtext("Rimasti");?>:</span> <?php echo ListeregaloModel::numeroRimastiDaRegalare($idListaRegalo, $p["liste_regalo_pages"]["id_c"]);?>
Frontend/Application/Views/_/Listeregalo/prodotti.php:110	<span class="uk-hidden@m uk-text-bold"><?php echo gtext("Regalato da");?>:</span> <br />
Frontend/Application/Views/_/Listeregalo/prodotti.php:131	<?php echo gtext("Non hai ancora aggiunto alcun prodotto alla lista.");?><br />
Frontend/Application/Views/_/Listeregalo/prodotti.php:132	<?php echo gtext("Sfoglia i prodotti nelle categorie oppure cerca i tuoi prodotti tramite la ricerca.");?> <?php echo gtext("Clicca sul prodotto scelto. Nella pagina di dettaglio del prodotto troverai il tasto");?> <span class="uk-text-secondary"><?php echo gtext("Aggiungi alla lista");?></span>.
Frontend/Application/Views/_/Listeregalo/prodotti.php:134	<?php echo gtext("Non hai ancora ricevuto alcun regalo nella lista.");?>
Frontend/Application/Views/_/Listeregalo/resi.php:8	<span class="uk-text-small"><?php echo gtext("Prodotti consegnati il");?>: <b><?php echo smartDate($pr["data_inizio"], v("default_date_format"));?></b></span>
Frontend/Application/Views/_/Listeregalo/resi.php:12	<?php echo gtext("In data")." <b>".smartDate($pr["data_richiesta"], v("default_date_format")." H:i");?></b>
Frontend/Application/Views/_/Listeregalo/resi.php:13	<?php echo gtext("hai eseguito una richiesta di reso per i prodotti della lista consegnati il")." <b>".smartDate($pr["data_inizio"], v("default_date_format")); ?></b>
Frontend/Application/Views/_/Listeregalo/resi.php:16	<a target="_blank" class="uk-margin-left uk-button uk-button-primary uk-button-small" href="<?php echo OrdiniperiodiresoModel::g(false)->getUrlRichiediResoLista($pr["id_o_periodo_reso"])?>"><?php echo gtext("Richiedi il reso", false); ?> <span class="uk-icon"><?php include tpf("Elementi/Icone/Svg/arrow-right.svg");?></span></a><br />
Frontend/Application/Views/_/Listeregalo/link_inviati.php:4	<div class="uk-margin-bottom uk-text-small uk-text-emphasis"><?php echo gtext("Persone a cui hai inviato il link");?>:</div>
Frontend/Application/Views/_/Listeregalo/link_inviati.php:35	<span class="uk-text-small"><?php echo gtext("Non hai ancora inviato il link ad alcun indirizzo e-mail")?></span>
Frontend/Application/Views/_/Listeregalo/link.php:4	<div class="uk-text-small uk-text-emphasis"><?php echo gtext("Inserisci i dati della persona a cui vuoi inviare il link.")?></div>
Frontend/Application/Views/_/Listeregalo/link.php:14	<button class="invia_link_lista uk-button uk-button-primary btn_submit_form"><?php echo gtext("Invia");?></button>
Frontend/Application/Views/_/Listeregalo/gestisci.php:4	gtext("Home") 		=> $this->baseUrl,
Frontend/Application/Views/_/Listeregalo/gestisci.php:5	gtext("Area riservata")	=>	$this->baseUrl."/area-riservata",
Frontend/Application/Views/_/Listeregalo/gestisci.php:6	gtext("Liste nascita / regalo") => $this->baseUrl."/liste-regalo/",
Frontend/Application/Views/_/Listeregalo/gestisci.php:10	$titoloPagina = gtext("Lista")." ".$lista["titolo"];
Frontend/Application/Views/_/Listeregalo/gestisci.php:22	<?php echo gtext("Codice della lista");?>: <span class="uk-label uk-text-lowercase"><?php echo $lista["codice"];?></span><br />
Frontend/Application/Views/_/Listeregalo/gestisci.php:23	<?php echo gtext("La lista è");?>: <b><?php echo $lista["attivo"] == "Y" ? "<span class='uk-text-success'>".gtext("Attiva")."</span>" : "<span class='uk-text-danger'>".gtext("Disattiva")."</span>";?></b><br />
Frontend/Application/Views/_/Listeregalo/gestisci.php:24	<?php echo gtext("Data scadenza");?>: <b><?php echo smartDate($lista["data_scadenza"]);?></b> <?php if (ListeregaloModel::scaduta($lista["id_lista_regalo"])) { ?>(<span class="uk-text-danger"><?php echo gtext("scaduta");?></span>)<?php } ?>
Frontend/Application/Views/_/Listeregalo/gestisci.php:28	<li><a href="<?php echo $this->baseUrl."/listeregalo/modifica/".$lista["id_lista_regalo"];?>" class="uk-button uk-button-link"><span class="uk-icon"><?php include tpf("Elementi/Icone/Svg/pencil.svg");?></span> <?php echo gtext("Modifica dati");?></a></li>
Frontend/Application/Views/_/Listeregalo/gestisci.php:31	<li><a target="_blank" href="<?php echo $this->baseUrl."/".ListeregaloModel::getUrlAlias($lista["id_lista_regalo"]);?>" share-text="<?php echo gtext("Lista regalo");?>" share-title="<?php echo $lista["titolo"];?>" class="share-link uk-button uk-button-link"><span class="uk-icon"><?php include tpf("Elementi/Icone/Svg/social.svg");?></span> <?php echo gtext("Condividi");?></a></li>
Frontend/Application/Views/_/Listeregalo/gestisci.php:33	<li><a target="_blank" href="<?php echo $this->baseUrl."/".ListeregaloModel::getUrlAlias($lista["id_lista_regalo"]);?>" class="uk-button uk-button-link"><?php echo gtext("Vai alla lista");?> <span class="uk-icon"><?php include tpf("Elementi/Icone/Svg/arrow-right.svg");?></span></a></li>
Frontend/Application/Views/_/Listeregalo/gestisci.php:43	<li><a class="link_prodotti" href="#prodotti-lista"><span class="uk-margin-small-right uk-visible@s uk-icon"><?php include tpf("Elementi/Icone/Svg/tag.svg");?></span> <?php echo gtext("Prodotti");?></a></li>
Frontend/Application/Views/_/Listeregalo/gestisci.php:44	<li><a href="#regali-lista"><span class="uk-margin-small-right uk-visible@s uk-icon"><?php include tpf("Elementi/Icone/Svg/cuore.svg");?></span> <?php echo gtext("Regali");?></a></li>
Frontend/Application/Views/_/Listeregalo/gestisci.php:45	<li><a class="link_lista" href="#link-lista"><span class="uk-margin-small-right uk-visible@s uk-icon"><?php include tpf("Elementi/Icone/Svg/link.svg");?></span> <?php echo gtext("Invia link");?></a></li>
Frontend/Application/Views/_/Listeregalo/modifica.php:4	gtext("Home") 		=> $this->baseUrl,
Frontend/Application/Views/_/Listeregalo/modifica.php:5	gtext("Area riservata")	=>	$this->baseUrl."/area-riservata",
Frontend/Application/Views/_/Listeregalo/modifica.php:6	gtext("Liste nascita / regalo") => $this->baseUrl."/liste-regalo/",
Frontend/Application/Views/_/Listeregalo/modifica.php:13	$titoloPagina = gtext("Crea la tua lista");
Frontend/Application/Views/_/Listeregalo/modifica.php:19	$titoloPagina = gtext("Modifica la tua lista");
Frontend/Application/Views/_/Listeregalo/modifica.php:38	<label class="uk-form-label"><?php echo gtext("Tipo lista");?> *</label>
Frontend/Application/Views/_/Listeregalo/modifica.php:45	<label class="uk-form-label"><?php echo gtext("Nome della lista");?> *</label>
Frontend/Application/Views/_/Listeregalo/modifica.php:53	<label class="uk-form-label"><?php echo gtext("Nome del bimbo/a");?> <?php if (ListeregalotipiModel::obbligatorio($idTipoLista, "nome_bambino")) {?>*<?php } ?></label>
Frontend/Application/Views/_/Listeregalo/modifica.php:62	<label class="uk-form-label"><?php echo gtext("Nome genitore 1");?> <?php if (ListeregalotipiModel::obbligatorio($idTipoLista, "genitore_1")) {?>*<?php } ?></label>
Frontend/Application/Views/_/Listeregalo/modifica.php:71	<label class="uk-form-label"><?php echo gtext("Nome genitore 2");?> <?php if (ListeregalotipiModel::obbligatorio($idTipoLista, "genitore_2")) {?>*<?php } ?></label>
Frontend/Application/Views/_/Listeregalo/modifica.php:80	<label class="uk-form-label"><?php echo gtext("Sesso");?> <?php if (ListeregalotipiModel::obbligatorio($idTipoLista, "sesso")) {?>*<?php } ?></label>
Frontend/Application/Views/_/Listeregalo/modifica.php:92	<label class="uk-form-label"><?php echo gtext("Data prevista nascita");?> <?php if (ListeregalotipiModel::obbligatorio($idTipoLista, "data_nascita")) {?>*<?php } ?></label>
Frontend/Application/Views/_/Listeregalo/modifica.php:101	<label class="uk-form-label"><?php echo gtext("Data battesimo");?> <?php if (ListeregalotipiModel::obbligatorio($idTipoLista, "data_battesimo")) {?>*<?php } ?></label>
Frontend/Application/Views/_/Listeregalo/modifica.php:110	<label class="uk-form-label"><?php echo gtext("Nominativo");?> <?php if (ListeregalotipiModel::obbligatorio($idTipoLista, "nominativo")) {?>*<?php } ?></label>
Frontend/Application/Views/_/Listeregalo/main.php:4	gtext("Home") 		=> $this->baseUrl,
Frontend/Application/Views/_/Listeregalo/main.php:5	gtext("Area riservata")	=>	$this->baseUrl."/area-riservata",
Frontend/Application/Views/_/Listeregalo/main.php:6	gtext("Liste nascita / regalo") => "",
Frontend/Application/Views/_/Listeregalo/main.php:9	$titoloPagina = gtext("Liste nascita / regalo");
Frontend/Application/Views/_/Listeregalo/main.php:22	<?php echo gtext("Nome");?>
Frontend/Application/Views/_/Listeregalo/main.php:25	<?php echo gtext("Quantità");?>
Frontend/Application/Views/_/Listeregalo/main.php:27	<div><?php echo gtext("Visualizzazioni");?></div>
Frontend/Application/Views/_/Listeregalo/main.php:28	<div><?php echo gtext("Creazione");?></div>
Frontend/Application/Views/_/Listeregalo/main.php:29	<div><?php echo gtext("Scadenza");?></div>
Frontend/Application/Views/_/Listeregalo/main.php:30	<div><?php echo gtext("Tipo");?></div>
Frontend/Application/Views/_/Listeregalo/main.php:33	<div class="uk-text-center@s"><?php echo gtext("Link");?></div>
Frontend/Application/Views/_/Listeregalo/main.php:34	<div class="uk-text-center@s"><?php echo gtext("Gestisci");?></div>
Frontend/Application/Views/_/Listeregalo/main.php:35	<div class="uk-text-center@s"><?php echo gtext("Disattiva");?></div>
Frontend/Application/Views/_/Listeregalo/main.php:46	<span class="uk-hidden@m uk-text-bold"><?php echo gtext("Nome");?>:</span> <?php echo $lista["liste_regalo"]["titolo"];?>
Frontend/Application/Views/_/Listeregalo/main.php:49	<span class="uk-hidden@m uk-text-bold"><?php echo gtext("Quantità");?>:</span> <?php echo ListeregaloModel::numeroProdotti($lista["liste_regalo"]["id_lista_regalo"]);?>
Frontend/Application/Views/_/Listeregalo/main.php:51	<div><span class="uk-hidden@m uk-text-bold"><?php echo gtext("Visualizzazioni");?>:</span></div>
Frontend/Application/Views/_/Listeregalo/main.php:52	<div><span class="uk-hidden@m uk-text-bold"><?php echo gtext("Creazione");?>:</span> <?php echo smartDate($lista["liste_regalo"]["data_creazione"]);?></div>
Frontend/Application/Views/_/Listeregalo/main.php:53	<div><span class="uk-hidden@m uk-text-bold"><?php echo gtext("Scadenza");?>:</span>
Frontend/Application/Views/_/Listeregalo/main.php:58	<div><span class="uk-hidden@m uk-text-bold"><?php echo gtext("Tipo");?>:</span> <?php echo gtext($lista["liste_regalo_tipi"]["titolo"]);?></div>
Frontend/Application/Views/_/Listeregalo/main.php:81	<p><?php echo gtext("Non hai ancora creato alcuna lista nascita / regalo.");?></p>
Frontend/Application/Views/_/Listeregalo/main.php:85	<a class="uk-button uk-button-primary" href="<?php echo $this->baseUrl."/listeregalo/modifica/0";?>"><span class="uk-icon"><?php include tpf("Elementi/Icone/Svg/plus.svg");?></span></span> <?php echo gtext("Crea lista nascita / regalo");?></a>
Frontend/Application/Views/_/Listeregalo/reso.php:4	gtext("Home") 		=> $this->baseUrl,
Frontend/Application/Views/_/Listeregalo/reso.php:5	gtext("Area riservata")	=>	$this->baseUrl."/area-riservata",
Frontend/Application/Views/_/Listeregalo/reso.php:6	gtext("Liste nascita / regalo") => $this->baseUrl."/liste-regalo/",
Frontend/Application/Views/_/Listeregalo/reso.php:10	$titoloPagina = gtext("Richiesta di reso - lista")." ".$lista["titolo"];
Frontend/Application/Views/_/Listeregalo/reso.php:25	<?php echo gtext("In data")." <b>".smartDate($periodo["data_richiesta"], v("default_date_format")." H:i");?></b>
Frontend/Application/Views/_/Listeregalo/reso.php:26	<?php echo gtext("hai eseguito una richiesta di resto per i prodotti della lista consegnati il")." <b>".smartDate($periodo["data_inizio"], v("default_date_format")); ?></b>
Frontend/Application/Views/_/Listeregalo/reso.php:36	<?php echo gtext("Conferma la richiesta di reso dei prodotti della lista consegnati il", false)." ".smartDate($periodo["data_inizio"], v("default_date_format")); ?>
Frontend/Application/Views/_/Ordini/mail-completed.php:3	<p><?php echo gtext("Gentile cliente, le confermiamo che il pagamento dell' ordine #",false);?><?php echo $ordine["id_o"];?> <?php echo gtext("del");?> <?php echo smartDate($ordine["data_creazione"]);?> <?php echo gtext("è andato a buon fine e che l'ordine è entrato in lavorazione",false);?>.</p>
Frontend/Application/Views/_/Ordini/mail-completed.php:5	<p><?php echo gtext("Cordiali saluti",false);?><br /><?php echo ImpostazioniModel::$valori["nome_sito"];?></p>
Frontend/Application/Views/_/Ordini/checkout_corrieri.php:8	<span uk-icon="icon:clock;ratio:1" class="uk-margin-right uk-hidden@m"></span><?php echo gtext("Modalità di consegna");?>
Frontend/Application/Views/_/Ordini/checkout_corrieri.php:13	<?php echo Html_Form::radio("id_corriere",$values["id_corriere"],$corriere["id_corriere"],"imposta_corriere","none");?><span class="uk-margin-left"><?php echo gtext($corriere["titolo"]);?></span>
Frontend/Application/Views/_/Ordini/totale_merce.php:29	<div class="uk-width-expand uk-text-muted uk-first-column"><?php echo gtext("Di cui IVA")?><br />
Frontend/Application/Views/_/Ordini/totale_merce.php:30	(<?php echo gtext(IvaModel::$titoloAliquotaEstera);?>)</span></div>
Frontend/Application/Views/_/Ordini/totale_merce.php:36	<div class="uk-text-danger uk-text-bold"><?php echo gtext("Non spedibile nella nazione selezionata");?></div>
Frontend/Application/Views/_/Ordini/totale_merce.php:44	<div class="uk-alert uk-alert-danger uk-text-small"><?php echo gtext("I seguenti prodotti non possono essere spediti nella nazione selezionata. Per maggiori informazioni contattare il servizio clienti.");?><ul><li><?php echo implode("</li><li>",$prodottiNonSpedibiliNellaNazione);?></li></ul></div>
Frontend/Application/Views/_/Ordini/checkout.php:4	gtext("Home") 		=> $this->baseUrl,
Frontend/Application/Views/_/Ordini/checkout.php:5	gtext("Carrello") => $this->baseUrl."/carrello/vedi",
Frontend/Application/Views/_/Ordini/checkout.php:6	gtext("Checkout") => "",
Frontend/Application/Views/_/Ordini/checkout.php:9	$titoloPagina = gtext("Checkout");
Frontend/Application/Views/_/Ordini/ritorno-da-paypal.php:5	$titoloPagina = gtext("Transazione effettuata con successo");
Frontend/Application/Views/_/Ordini/ritorno-da-paypal.php:10	$titoloPagina = gtext("Transazione effettuata con successo");
Frontend/Application/Views/_/Ordini/ritorno-da-paypal.php:15	$titoloPagina = gtext("Transazione in fase di verifica");
Frontend/Application/Views/_/Ordini/ritorno-da-paypal.php:24	<p><?php echo gtext("Grazie per il suo acquisto!")?></p>
Frontend/Application/Views/_/Ordini/ritorno-da-paypal.php:26	<p><?php echo gtext("Il pagamento dell'ordine")?> #<?php echo $ordine["id_o"];?> <?php echo gtext("è andato a buon fine")?>.</p>
Frontend/Application/Views/_/Ordini/ritorno-da-paypal.php:29	<p><?php echo gtext("Grazie per il suo acquisto!")?></p>
Frontend/Application/Views/_/Ordini/ritorno-da-paypal.php:31	<p><?php echo gtext("La transazione dell'ordine")?> #<?php echo $ordine["id_o"];?> <?php echo gtext("è andata a buon fine. A breve le arriverà una mail con la conferma del pagamento.")?></p>
Frontend/Application/Views/_/Ordini/ritorno-da-paypal.php:35	<p><?php echo gtext("Transazione in fase di verifica, riaggiorni la pagina tra quache minuto per controllare lo stato del pagamento dell'ordine.")?></p>
Frontend/Application/Views/_/Ordini/ritorno-da-paypal.php:39	<p><a class="uk-button uk-button-text" href="<?php echo $this->baseUrl;?>"><?php echo gtext("Torna alla home");?></a></p>
Frontend/Application/Views/_/Ordini/totali.php:22	<div class="uk-width-expand <?php echo $classeLabelTotali;?> uk-first-column"><?php echo gtext("Totale merce");?></div>
Frontend/Application/Views/_/Ordini/totali.php:29	<?php echo gtext("Totale scontato");?> (<i><?php echo $couponAttivo["titolo"];?></i>)
Frontend/Application/Views/_/Ordini/totali.php:37	<div class="uk-width-expand <?php echo $classeLabelTotali;?> uk-first-column"><?php echo gtext("Spese pagamento");?></div>
Frontend/Application/Views/_/Ordini/totali.php:43	<div class="uk-width-expand <?php echo $classeLabelTotali;?> uk-first-column"><?php echo gtext("Spese spedizione");?></div>
Frontend/Application/Views/_/Ordini/totali.php:50	<?php echo gtext("Iva");?>
Frontend/Application/Views/_/Ordini/totali.php:66	<div class="uk-width-expand <?php echo $classeLabelTotaleOrdine;?> uk-first-column"><?php echo gtext("Totale ordine");?></div>
Frontend/Application/Views/_/Ordini/totali.php:76	<?php echo gtext("Sconto crediti");?>
Frontend/Application/Views/_/Ordini/totali.php:78	<?php echo gtext("Crediti utilizzabili");?>: <b><?php echo setPriceReverse($numeroEuroCrediti);?> €</b>
Frontend/Application/Views/_/Ordini/totali.php:89	<div class="uk-width-expand <?php echo $classeLabelTotali;?> uk-first-column"><?php echo gtext("Totale ordine");?></div>
Frontend/Application/Views/_/Ordini/totali.php:94	<?php echo gtext("Sconto coupon");?><br />(<i><?php echo $couponAttivo["titolo"];?></i>)
Frontend/Application/Views/_/Ordini/totali.php:97	<?php echo gtext("Credito utilizzabile");?>: <b><?php echo setPriceReverse(PromozioniModel::gNumeroEuroRimasti($couponAttivo["id_p"]));?> €</b>
Frontend/Application/Views/_/Ordini/totali.php:105	<div class="uk-width-expand <?php echo $classeLabelTotaleOrdine;?> uk-first-column"><?php echo gtext($scrittaFinaleTotale);?></div>
Frontend/Application/Views/_/Ordini/mail-fattura.php:3	<p><?php echo gtext("Gentile cliente, in allegato la fattura relativa all' ordine #",false);?><?php echo $ordine["id_o"];?> <?php echo gtext("del",false);?> <?php echo smartDate($ordine["data_creazione"]);?>.</p>
Frontend/Application/Views/_/Ordini/mail-fattura.php:5	<p><?php echo gtext("Cordiali saluti",false);?><br /><?php echo ImpostazioniModel::$valori["nome_sito"];?></p>
Frontend/Application/Views/_/Ordini/mail-closed.php:3	<p><?php echo gtext("Gentile cliente, i prodotti acquistati con l'ordine #",false);?><?php echo $ordine["id_o"];?> <?php echo gtext("del");?> <?php echo smartDate($ordine["data_creazione"]);?> <?php echo gtext("sono stati spediti all'indirizzo indicato",false);?>.</p>
Frontend/Application/Views/_/Ordini/mail-closed.php:5	<p><?php echo gtext("Cordiali saluti",false);?><br /><?php echo ImpostazioniModel::$valori["nome_sito"];?></p>
Frontend/Application/Views/_/Ordini/modifica_ordine.php:6	gtext("Home") 		=> $this->baseUrl,
Frontend/Application/Views/_/Ordini/modifica_ordine.php:7	gtext("Area riservata")	=>	$this->baseUrl."/area-riservata",
Frontend/Application/Views/_/Ordini/modifica_ordine.php:8	gtext("Ordini effettuati")	=>	$this->baseUrl."/ordini-effettuati",
Frontend/Application/Views/_/Ordini/modifica_ordine.php:9	gtext("Resoconto Ordine") => $this->baseUrl."/resoconto-acquisto/".$ordine["id_o"]."/".$ordine["cart_uid"]."/".$ordine["admin_token"]."?n=y",
Frontend/Application/Views/_/Ordini/modifica_ordine.php:16	gtext("Home") 		=> $this->baseUrl,
Frontend/Application/Views/_/Ordini/modifica_ordine.php:17	gtext("Resoconto Ordine") => $this->baseUrl."/resoconto-acquisto/".$ordine["id_o"]."/".$ordine["cart_uid"]."/".$ordine["admin_token"]."?n=y",
Frontend/Application/Views/_/Ordini/modifica_ordine.php:22	$titoloPagina = gtext("Modifica dell'ordine")." ".$ordine["id_o"];
Frontend/Application/Views/_/Ordini/modifica_ordine.php:32	<h2><?php echo gtext("Dettagli dell'ordine");?>:</h2>
Frontend/Application/Views/_/Ordini/modifica_ordine.php:35	<td><?php echo gtext("Ordine", false); ?>:</td>
Frontend/Application/Views/_/Ordini/modifica_ordine.php:39	<td><?php echo gtext("Data", false); ?>:</td>
Frontend/Application/Views/_/Ordini/modifica_ordine.php:43	<td><?php echo gtext("Totale", false); ?>:</td>
Frontend/Application/Views/_/Ordini/modifica_ordine.php:47	<td><?php echo gtext("Stato ordine", false); ?>:</td>
Frontend/Application/Views/_/Ordini/modifica_ordine.php:52	<h2 id="form_main"><?php echo gtext("Modifica pagamento e indirizzo di spedizione", false); ?>:</h2>
Frontend/Application/Views/_/Ordini/modifica_ordine.php:59	<label class="uk-form-label"><?php echo gtext("Metodo di pagamento");?> *</label>
Frontend/Application/Views/_/Ordini/modifica_ordine.php:66	<label class="uk-form-label"><?php echo gtext("Indirizzo di spedizione");?> *</label>
Frontend/Application/Views/_/Ordini/modifica_ordine.php:74	<a class="uk-button uk-button-default" href="<?php echo $this->baseUrl."/gestisci-spedizione/0?cart_uid=".$ordine["cart_uid"]."&admin_token=".$ordine["admin_token"];?>"><i class="fa fa-plus"></i> <?php echo gtext("Aggiungi un nuovo indirizzo");?></a>
Frontend/Application/Views/_/Ordini/to_paypal.php:26	<?php echo gtext("Stai per essere reindirizzato al sito di Paypal per il pagamento.");?><br /><br />
Frontend/Application/Views/_/Ordini/to_paypal.php:27	<?php echo gtext("Se non vieni reindirizzato entro 10 secondi, premi il pulsante per pagare.")?>
Frontend/Application/Views/_/Ordini/totale_promo_attiva.php:3	<div class="uk-text-left"><span class="uk-text-danger uk-text-small"><?php echo gtext("Disattiva coupon");?></span> <a data-random="<?php echo md5(randString(10).microtime().uniqid(mt_rand(),true));?>" class="uk-text-danger uk-text-small elimina_coupon" href=""><span uk-icon="icon: trash;ratio: 0.8;"></span></a></div>
Frontend/Application/Views/_/Ordini/totale_merce_elemento.php:6	<br /><?php echo gtext("Codice");?>: <?php echo $p["cart"]["codice"];?>
Frontend/Application/Views/_/Ordini/mail-deleted.php:3	<p><?php echo gtext("Gentile cliente, l'ordine #",false);?><?php echo $ordine["id_o"];?> <?php echo gtext("del");?> <?php echo smartDate($ordine["data_creazione"]);?> <?php echo gtext("è stato annullato",false);?>.</p>
Frontend/Application/Views/_/Ordini/mail-deleted.php:5	<p><?php echo gtext("Cordiali saluti",false);?><br /><?php echo ImpostazioniModel::$valori["nome_sito"];?></p>
Frontend/Application/Views/_/Ordini/totale_elementi.php:10	<label class="uk-form-label"><?php echo gtext("Email della persona a cui vuoi regalare la gift card");?></label>
Frontend/Application/Views/_/Ordini/totale_elementi.php:23	<label class="uk-form-label"><?php echo gtext("Testo della dedica e firma");?></label>
Frontend/Application/Views/_/Ordini/totale_elementi.php:32	<span class="uk-text-meta"><?php echo gtext("Invia alla e-mail");?></span>
Frontend/Application/Views/_/Ordini/totale_elementi.php:41	<span class="uk-text-meta"><?php echo gtext("Dedica e firma");?></span>
Frontend/Application/Views/_/Ordini/errore-pagamento.php:3	$titoloPagina = gtext("Errore nella trasazione");
Frontend/Application/Views/_/Ordini/errore-pagamento.php:8	<p><?php echo gtext("La transazione dell'ordine")?> #<?php echo $ordine["id_o"];?> <?php echo gtext("non è andata a buon fine.")?></p>
Frontend/Application/Views/_/Ordini/errore-pagamento.php:10	<p><a class="uk-button uk-button-text" href="<?php echo $this->baseUrl."/resoconto-acquisto/".$ordine["id_o"]."/".$ordine["cart_uid"]."/".$ordine["admin_token"]."?n=y";?>"><?php echo gtext("Torna all'ordine");?></a></p>
Frontend/Application/Views/_/Ordini/top_resoconto.php:6	gtext("Home") 		=> $this->baseUrl,
Frontend/Application/Views/_/Ordini/top_resoconto.php:7	gtext("Area riservata")	=>	$this->baseUrl."/area-riservata",
Frontend/Application/Views/_/Ordini/top_resoconto.php:8	gtext("Ordini effettuati")	=>	$this->baseUrl."/ordini-effettuati",
Frontend/Application/Views/_/Ordini/top_resoconto.php:9	gtext("Resoconto Ordine") => "",
Frontend/Application/Views/_/Ordini/top_resoconto.php:15	gtext("Home") 		=> $this->baseUrl,
Frontend/Application/Views/_/Ordini/top_resoconto.php:16	gtext("Resoconto Ordine") => "",
Frontend/Application/Views/_/Ordini/top_resoconto.php:20	$titoloPagina = gtext("Resoconto dell'ordine");
Frontend/Application/Views/_/Ordini/resoconto_prodotto_gift_card.php:8	<th style="text-align:left;"><?php echo gtext("Codice Gift Card");?></th>
Frontend/Application/Views/_/Ordini/resoconto_prodotto_gift_card.php:9	<th style="text-align:left;"><?php echo gtext("Stato");?></th>
Frontend/Application/Views/_/Ordini/resoconto_prodotto_gift_card.php:17	<br /><span class="uk-text-meta"><?php echo gtext("Inviato a");?>:</span> <span class="uk-text-small"><?php echo $inviataA["email"];?></span>
Frontend/Application/Views/_/Ordini/resoconto_prodotto_gift_card.php:23	<br /><span class="uk-text-meta"><?php echo gtext("Credito esaurito");?></span>
Frontend/Application/Views/_/Ordini/resoconto_prodotto_gift_card.php:35	<th style="text-align:left;font-size:13px;"><?php echo gtext("Da inviare a");?></th>
Frontend/Application/Views/_/Ordini/resoconto_prodotto_gift_card.php:36	<th style="text-align:left;font-size:13px;"><?php echo gtext("Dedica e firma");?></th>
Frontend/Application/Views/_/Ordini/resoconto_prodotto_gift_card.php:43	<div class="uk-text-italic">(<?php echo gtext("Il codice della gift card verrà inviato alla mail indicata non appena il pagamento dell'ordine verrà effettuato.")?>)</div>
Frontend/Application/Views/_/Ordini/autenticazione.php:4	gtext("Home") 		=> $this->baseUrl,
Frontend/Application/Views/_/Ordini/autenticazione.php:5	gtext("Carrello") => $this->baseUrl."/carrello/vedi",
Frontend/Application/Views/_/Ordini/autenticazione.php:6	gtext("Checkout") => "",
Frontend/Application/Views/_/Ordini/autenticazione.php:8	$titoloPagina = gtext("Checkout");
Frontend/Application/Views/_/Ordini/autenticazione.php:62	<h3><?php echo gtext("Continua come ospite o crea un account");?></h3>
Frontend/Application/Views/_/Ordini/autenticazione.php:63	<div class="uk-text-meta"><?php echo gtext("Continua l'acquisto inserendo i tuoi dati. Se lo desideri, potrai creare un account in fase di checkout.");?></div>
Frontend/Application/Views/_/Ordini/autenticazione.php:69	<label class="uk-form-label uk-text-bold"><?php echo gtext("Indirizzo e-mail");?></label>
Frontend/Application/Views/_/Ticket/messaggi.php:3	<div class="uk-text-primary uk-text-bold uk-margin uk-margin-large-top"><?php echo gtext("Messaggi successivi");?></div>
Frontend/Application/Views/_/Ticket/messaggi.php:11	<?php if (!$m["ticket_messaggi"]["id_user"]) { ?><div class="uk-text-emphasis uk-text-small uk-margin-bottom"><span uk-icon="comments"></span> <?php echo gtext("Risposta del negozio:");?></div><?php } ?>
Frontend/Application/Views/_/Ticket/messaggi.php:28	<?php echo gtext("file allegato");?>:
Frontend/Application/Views/_/Ticket/messaggi.php:36	<span class="uk-text-italic uk-text-small">(<?php echo gtext("in elaborazione");?> <span uk-icon="icon: clock;ratio: 0.7"></span>)</span>
Frontend/Application/Views/_/Ticket/messaggi.php:42	<div class="uk-text-muted uk-text-small uk-margin"><?php echo gtext("Scritto da") . " <span class='uk-text-secondary'>". $scrittoDa;?></span> <?php echo gtext("in data")?> <span class='uk-text-secondary'><?php echo date("d-m-Y H:i", strtotime($m["ticket_messaggi"]["data_creazione"]));?></span></div>
Frontend/Application/Views/_/Ticket/form_messaggio.php:3	<div class="uk-text-primary uk-text-bold uk-margin"><?php echo gtext("Aggiungi un messaggio");?></div>
Frontend/Application/Views/_/Ticket/form_messaggio.php:13	<div class="uk-margin-top uk-text-italic uk-text-meta"><?php echo gtext("Carica un'immagine (opzionale)")?></div>
Frontend/Application/Views/_/Ticket/form_messaggio.php:23	<label><?php echo Html_Form::checkbox('accetto',"",'1','uk-checkbox');?><span class="uk-text-small uk-margin-left"><?php echo gtext("Ho letto e accetto le condizioni della");?> <a target="_blank" href="<?php echo $this->baseUrl."/".getUrlAlias($idPrivacy);?>"><?php echo gtext("privacy policy");?></a></span></label>
Frontend/Application/Views/_/Ticket/form_messaggio.php:28	<button class="<?php echo v("classe_pulsanti_submit");?> aggiungi_messaggio_al_ticket btn_submit_form uk-width-1-1 uk-width-auto@m" type="submit"><?php echo gtext("Invia nuovo messaggio", false);?></button>
Frontend/Application/Views/_/Ticket/form_messaggio.php:34	<div class="uk-alert uk-alert-primary"><?php echo gtext("Hai raggiunto il numero massimo di messaggi consecutivi inviabili, per poter inviare un nuovo messaggio devi aspettare che il negozio aggiunga una risposta al ticket.")?></div>
Frontend/Application/Views/_/Ticket/prodotti.php:8	<div class="uk-text-primary uk-text-bold uk-margin-bottom-small"><?php echo gtext("Seleziona e aggiugni un prodotto per cui chiedi assistenza");?></div>
Frontend/Application/Views/_/Ticket/prodotti.php:12	<label class="uk-form-label"><?php echo gtext("Seleziona il prodotto");?> *</label>
Frontend/Application/Views/_/Ticket/prodotti.php:15	<label class="uk-form-label"><?php echo gtext("Scrivi il numero seriale del prodotto");?></label>
Frontend/Application/Views/_/Ticket/prodotti.php:28	<div class=" uk-text-primary uk-text-bold uk-margin-bottom-small"><?php echo gtext("Prodotti aggiunti al ticket");?></div>
Frontend/Application/Views/_/Ticket/prodotti.php:34	<td><?php echo field($p, "title");?><br /><?php echo gtext("N.Seriale");?>: <b><?php echo $p["ticket_pages"]["numero_seriale"] ? $p["ticket_pages"]["numero_seriale"] : "--" ;?></b></td>
Frontend/Application/Views/_/Ticket/view.php:6	gtext("Home") 		=> $this->baseUrl,
Frontend/Application/Views/_/Ticket/view.php:7	gtext("Area riservata")	=>	$this->baseUrl."/area-riservata",
Frontend/Application/Views/_/Ticket/view.php:8	gtext("Ticket assistenza") => $this->baseUrl."/ticket/",
Frontend/Application/Views/_/Ticket/view.php:9	gtext("Dettaglio ticket") => "",
Frontend/Application/Views/_/Ticket/view.php:15	gtext("Home") 		=> $this->baseUrl,
Frontend/Application/Views/_/Ticket/view.php:16	gtext("Dettaglio ticket") => "",
Frontend/Application/Views/_/Ticket/view.php:20	$titoloPagina = gtext("Ticket assistenza");
Frontend/Application/Views/_/Ticket/dettaglio.php:4	<div class="uk-text-primary uk-text-bold uk-margin-bottom-small"><?php echo gtext("Dettaglio della richiesta di assistenza");?></div>
Frontend/Application/Views/_/Ticket/dettaglio.php:8	<?php echo gtext("Tipologia della richiesta");?>: <b><?php echo $tipologia["titolo"];?></b><br />
Frontend/Application/Views/_/Ticket/dettaglio.php:10	<?php echo gtext("N° Ordine");?>: <b>#<?php echo $ticket["id_o"];?></b><br />
Frontend/Application/Views/_/Ticket/dettaglio.php:13	<?php echo gtext("Lista regalo");?>: <?php echo TicketModel::getLabelLista($ticket["id_lista_regalo"]);?><br />
Frontend/Application/Views/_/Ticket/dettaglio.php:20	<span class="uk-text-bold"><?php echo gtext("Descrizione");?>:</span>
Frontend/Application/Views/_/Ticket/dettaglio.php:26	<div class="uk-text-muted uk-text-small uk-margin"><?php echo gtext("Scritto da") . " <span class='uk-text-secondary'>". $nominativoCliente;?></span> <?php echo gtext("in data")?> <span class='uk-text-secondary'><?php echo date("d-m-Y H:i", strtotime($ticket["data_invio"]));?></span></div>
Frontend/Application/Views/_/Ticket/dettaglio.php:49	<div class="uk-margin-top uk-text-primary uk-text-bold uk-margin-bottom-small"><?php echo gtext("Immagini");?></div>
Frontend/Application/Views/_/Ticket/dettaglio.php:58	<div class="uk-margin-top uk-text-primary uk-text-bold uk-margin-bottom-small"><?php echo gtext("Video");?></div>
Frontend/Application/Views/_/Ticket/immagini.php:28	<span class="uk-text-italic uk-text-small">(<?php echo gtext("in elaborazione");?> <span uk-icon="icon: clock;ratio: 0.7"></span>)</span>
Frontend/Application/Views/_/Ticket/immagini.php:52	<a href="#" class="uk-button uk-button-primary upload_immagine_ticket"><?php echo gtext("Carica");?></a>
Frontend/Application/Views/_/Ticket/immagini.php:55	<div style="text-transform:lowercase;" class="box-label-elaborazione uk-text-meta uk-text-italic uk-text-small uk-hidden" value="50" max="100"><span class="spinner" uk-spinner="ratio: .60"></span> <?php echo gtext("attendere, file in elaborazione..");?></div>
Frontend/Application/Views/_/Ticket/main.php:4	gtext("Home") 		=> $this->baseUrl,
Frontend/Application/Views/_/Ticket/main.php:5	gtext("Area riservata")	=>	$this->baseUrl."/area-riservata",
Frontend/Application/Views/_/Ticket/main.php:6	gtext("Ticket assistenza") => "",
Frontend/Application/Views/_/Ticket/main.php:9	$titoloPagina = gtext("Ticket assistenza");
Frontend/Application/Views/_/Ticket/main.php:21	<?php echo gtext("Data crezione");?>
Frontend/Application/Views/_/Ticket/main.php:27	<?php echo gtext("Tipologia");?>
Frontend/Application/Views/_/Ticket/main.php:30	<?php echo gtext("Stato");?>
Frontend/Application/Views/_/Ticket/main.php:40	<span class="uk-hidden@m uk-text-bold"><?php echo gtext("Data crezione");?>:</span> <?php echo date("d-m-Y H:i", $t["ticket"]["stato"] == "B" ? strtotime($t["ticket"]["data_creazione"]) : strtotime($t["ticket"]["data_invio"]));?>
Frontend/Application/Views/_/Ticket/main.php:46	<span class="uk-hidden@m uk-text-bold"><?php echo gtext("Tipologia");?>:</span> <?php echo $t["ticket_tipologie"]["titolo"];?>
Frontend/Application/Views/_/Ticket/main.php:49	<span class="uk-hidden@m uk-text-bold"><?php echo gtext("Stato");?>:</span> <span class="uk-label" style="<?php echo TicketModel::getStile($t["ticket"]["stato"]);?>"><?php echo TicketModel::getTitoloStato($t["ticket"]["stato"]);?></span>
Frontend/Application/Views/_/Ticket/main.php:64	<p><?php echo gtext("Non hai creato alcuna richiesta di assistenza.");?></p>
Frontend/Application/Views/_/Ticket/main.php:69	<a class="uk-button uk-button-primary" href="<?php echo $this->baseUrl."/ticket/add/";?>"><span class="uk-icon"><?php include tpf("Elementi/Icone/Svg/plus.svg");?></span></span> <?php echo gtext("Crea un ticket di assistenza");?></a>
Frontend/Application/Views/_/Ticket/main.php:72	<div class="uk-alert uk-alert-primary"><?php echo gtext("Hai raggiunto il numero massimo di ticket aperti, per poter creare un nuovo ticket devi attendere che qualcuno dei tuoi ticket venga chiuso dal negozio.")?></div>
Frontend/Application/Views/_/Ticket/view_partial.php:4	<?php echo gtext("ID Ticket");?>: <span class="uk-text-bold uk-text-primary"><?php echo $idTicket;?></span><br />
Frontend/Application/Views/_/Ticket/view_partial.php:5	<?php echo gtext("Stato del Ticket");?>: <span class="uk-label" style="<?php echo TicketModel::getStile($ticket["stato"]);?>"><?php echo TicketModel::getTitoloStato($ticket["stato"]);?></span><br />
Frontend/Application/Views/_/Ticket/view_partial.php:7	<?php echo gtext("Data creazione");?>: <b class="uk-text-primary"><?php echo smartDate($ticket["data_creazione"]);?></b>
Frontend/Application/Views/_/Ticket/view_partial.php:9	<?php echo gtext("Data invio");?>: <b class="uk-text-primary"><?php echo smartDate($ticket["data_invio"]);?></b>
Frontend/Application/Views/_/Ticket/view_partial.php:12	<br /><?php echo gtext("Data chiusura");?>: <b class="uk-text-primary"><?php echo smartDate($ticket["data_chiusura"]);?></b>
Frontend/Application/Views/_/Ticket/view_partial.php:15	<br /><?php echo gtext("Questo ticket è stato creato dal negozio.");?>
Frontend/Application/Views/_/Ticket/view_partial.php:16	<br /><?php echo gtext("Utente negozio:")?> <b class="uk-text-primary"><?php echo UsersModel::getUsername($ticket["id_admin"]);?></b>
Frontend/Application/Views/_/Ticket/form.php:10	<div class="uk-text-small uk-text-primary uk-text-bold uk-margin-bottom-small"><?php echo gtext("Dettaglio della richiesta di assistenza");?></div>
Frontend/Application/Views/_/Ticket/form.php:11	<label class="uk-form-label"><?php echo gtext("Tipologia della richiesta di assistenza");?> *</label>
Frontend/Application/Views/_/Ticket/form.php:17	<label class="uk-form-label"><?php echo gtext("Seleziona l'ordine per cui chiedi assistenza");?> *</label>
Frontend/Application/Views/_/Ticket/form.php:24	<label class="uk-form-label"><?php echo gtext("Seleziona la lista regalo per cui chiedi assistenza");?> *</label>
Frontend/Application/Views/_/Ticket/form.php:35	<label class="uk-form-label"><?php echo gtext("Descrizione");?> (<?php echo gtext("massimo")." ".v("numero_massimo_caratteri_ticket")." ".gtext("caratteri")?>) *</label>
Frontend/Application/Views/_/Ticket/form.php:54	<div class="uk-text-small uk-text-primary uk-text-bold uk-margin-bottom-small"><?php echo gtext("Carica un'immagine (opzionale) - massimo")." ".(v("dimensioni_upload_immagine_ticket")/1000000)." MB";?></div>
Frontend/Application/Views/_/Ticket/form.php:63	<div class="uk-text-small uk-text-primary uk-text-bold uk-margin-bottom-small"><?php echo gtext("Carica la foto dello scontrino (opzionale) - massimo")." ".(v("dimensioni_upload_immagine_ticket")/1000000)." MB";?></div>
Frontend/Application/Views/_/Ticket/form.php:73	<div class="uk-text-small uk-text-primary uk-text-bold uk-margin-bottom-small"><?php echo gtext("Carica un video (opzionale) - massimo")." ".(v("dimensioni_upload_video_ticket")/1000000)." MB";?></div>
Frontend/Application/Views/_/Ticket/form.php:83	<label><?php echo Html_Form::checkbox('accetto',$values['accetto'],'1','uk-checkbox');?><span class="uk-text-small uk-margin-left"><?php echo gtext("Ho letto e accetto le condizioni della");?> <a target="_blank" href="<?php echo $this->baseUrl."/".getUrlAlias($idPrivacy);?>"><?php echo gtext("privacy policy");?></a></span></label>
Frontend/Application/Views/_/Ticket/form.php:88	<button class="<?php echo v("classe_pulsanti_submit");?> uk-button-large btn_submit_ticket btn_submit_form uk-width-1-1 uk-width-auto@m" type="submit"><?php echo gtext("Invia la richiesta di assistenza", false);?></button>
Frontend/Application/Views/_/Riservata/crediti.php:4	gtext("Home") 		=> $this->baseUrl,
Frontend/Application/Views/_/Riservata/crediti.php:5	gtext("Area riservata")	=>	$this->baseUrl."/".Url::routeToUrl("area-riservata"),
Frontend/Application/Views/_/Riservata/crediti.php:6	gtext("Gestione crediti") => "",
Frontend/Application/Views/_/Riservata/crediti.php:9	$titoloPagina = gtext("Gestione crediti");
Frontend/Application/Views/_/Riservata/crediti.php:29	<b><?php echo gtext("Crediti attivi");?>:</b> <span class="uk-label uk-label-<?php echo $labelNumeroCrediti;?> uk-text-bold" style="vertical-align:top;"><?php echo number_format($numeroCreditiAttivi,2,",",".");?></span><br /><br />
Frontend/Application/Views/_/Riservata/crediti.php:31	<?php echo gtext("Data scadenza");?>: <b><?php echo date("d-m-Y",strtotime(CreditiModel::dataScadenzaCrediti(User::$id)));?></b>
Frontend/Application/Views/_/Riservata/crediti.php:32	<div class="uk-small uk-text-italic uk-meta"><?php echo gtext(sprintf("Se acquisti nuovi crediti, la data di scadenza verrà posticipata di %s mesi a partire dalla data odierna.",v("mesi_durata_crediti")));?></div>
Frontend/Application/Views/_/Riservata/crediti.php:37	<a class="uk-button uk-button-primary" href="<?php echo $this->baseUrl."/".$urlAliasCrediti;?>"><span uk-icon="icon: plus"></span> <?php echo gtext("Acquista crediti");?></a>
Frontend/Application/Views/_/Riservata/crediti.php:46	<?php echo gtext("Data / Ora");?>
Frontend/Application/Views/_/Riservata/crediti.php:49	<?php echo gtext("Crediti");?>
Frontend/Application/Views/_/Riservata/crediti.php:52	<?php echo gtext("Scadenza");?>
Frontend/Application/Views/_/Riservata/crediti.php:55	<?php echo gtext("Ordine");?>
Frontend/Application/Views/_/Riservata/crediti.php:58	<?php echo gtext("Stato ordine");?>
Frontend/Application/Views/_/Riservata/crediti.php:74	<span class="uk-hidden@m uk-text-bold"><?php echo gtext("Data / Ora");?>:</span> <?php echo date("d-m-Y H:i", strtotime($credito["crediti"]["data_creazione"]));?>
Frontend/Application/Views/_/Riservata/crediti.php:77	<span class="uk-hidden@m uk-text-bold"><?php echo gtext("Crediti");?>:</span> <span class="uk-text-bold uk-text-<?php echo $label;?>"><?php echo $segno.$credito["crediti"]["numero_crediti"] * $credito["crediti"]["moltiplicatore_credito"];?></span>
Frontend/Application/Views/_/Riservata/crediti.php:79	<br /><span class="uk-label uk-label-danger"><?php echo gtext("non attivi");?></span>
Frontend/Application/Views/_/Riservata/crediti.php:83	<span class="uk-hidden@m uk-text-bold"><?php echo gtext("Scadenza");?>:</span> <span class="uk-text-italic"><?php echo $credito["crediti"]["moltiplicatore_credito"] > 0 ? date("d-m-Y", strtotime($credito["crediti"]["data_scadenza"])) : "";?></span>
Frontend/Application/Views/_/Riservata/crediti.php:85	<br /><span class="uk-label uk-label-danger"><?php echo gtext("scaduti");?></span>
Frontend/Application/Views/_/Riservata/crediti.php:89	<span class="uk-hidden@m uk-text-bold"><?php echo gtext("Ordine");?>:</span> <span><a href="<?php echo $this->baseUrl."/resoconto-acquisto/".$credito["orders"]["id_o"]."/".$credito["orders"]["cart_uid"]."/".$credito["orders"]["admin_token"]."?n=y";?>"><?php echo "#".$credito["orders"]["id_o"];?></a></span>
Frontend/Application/Views/_/Riservata/crediti.php:92	<span class="uk-hidden@m uk-text-bold"><?php echo gtext("Stato ordine");?>:</span> <span class="uk-text-italic"><?php echo statoOrdine($credito["orders"]["stato"]);?></span>
Frontend/Application/Views/_/Riservata/crediti.php:99	<p><?php echo gtext("Non hai acquistato alcun credito fino ad oggi.");?></p>
Frontend/Application/Views/_/Riservata/documenti_riservati.php:4	gtext("Home") 		=> $this->baseUrl,
Frontend/Application/Views/_/Riservata/documenti_riservati.php:5	gtext("Area riservata")	=>	$this->baseUrl."/".Url::routeToUrl("area-riservata"),
Frontend/Application/Views/_/Riservata/documenti_riservati.php:6	gtext("Documenti riservati") => "",
Frontend/Application/Views/_/Riservata/documenti_riservati.php:9	$titoloPagina = gtext("Documenti riservati");
Frontend/Application/Views/_/Riservata/documenti_riservati.php:21	<?php echo gtext("Data caricamento");?>
Frontend/Application/Views/_/Riservata/documenti_riservati.php:24	<?php echo gtext("Documento");?>
Frontend/Application/Views/_/Riservata/documenti_riservati.php:27	<?php echo gtext("Tipo");?>
Frontend/Application/Views/_/Riservata/documenti_riservati.php:37	<span class="uk-hidden@m uk-text-bold"><?php echo gtext("Data caricamento");?>:</span> <?php echo date("d/m/Y H:i", strtotime($documento["documenti"]["data_creazione"]));?>
Frontend/Application/Views/_/Riservata/documenti_riservati.php:40	<span class="uk-hidden@m uk-text-bold"><?php echo gtext("Documento");?>:</span> <?php echo dfield($documento, "titolo");?>
Frontend/Application/Views/_/Riservata/documenti_riservati.php:43	<span class="uk-hidden@m uk-text-bold"><?php echo gtext("Tipo");?>:</span> <?php echo dfield($documento, "estensione");?>
Frontend/Application/Views/_/Riservata/documenti_riservati.php:55	<p><?php echo gtext("Non hai alcun documento riservato");?></p>
Frontend/Application/Views/_/Riservata/notifiche.php:4	gtext("Home") 		=> $this->baseUrl,
Frontend/Application/Views/_/Riservata/notifiche.php:5	gtext("Area riservata")	=>	$this->baseUrl."/".Url::routeToUrl("area-riservata"),
Frontend/Application/Views/_/Riservata/notifiche.php:6	gtext("Notifiche") => "",
Frontend/Application/Views/_/Riservata/notifiche.php:9	$titoloPagina = gtext("Notifiche");
Frontend/Application/Views/_/Riservata/notifiche.php:32	<button type="submit" class="uk-button uk-button-primary uk-width-1-1"><?php echo gtext("Filtra");?></button>
Frontend/Application/Views/_/Riservata/notifiche.php:40	<?php echo gtext("Data");?>
Frontend/Application/Views/_/Riservata/notifiche.php:43	<?php echo gtext("Categoria");?>
Frontend/Application/Views/_/Riservata/notifiche.php:46	<?php echo gtext("Prodotto");?>
Frontend/Application/Views/_/Riservata/notifiche.php:49	<?php echo gtext("Tipo documento");?>
Frontend/Application/Views/_/Riservata/notifiche.php:52	<?php echo gtext("Documento");?>
Frontend/Application/Views/_/Riservata/notifiche.php:61	<span class="uk-hidden@m uk-text-bold"><?php echo gtext("Data");?>:</span> <?php echo date("d/m/Y", strtotime($notifica["documenti"]["data_file_upload"]));?>
Frontend/Application/Views/_/Riservata/notifiche.php:64	<span class="uk-hidden@m uk-text-bold"><?php echo gtext("Categoria");?>:</span> <?php echo genericField($notifica, "title", "categories", "categorie_tradotte");?>
Frontend/Application/Views/_/Riservata/notifiche.php:67	<span class="uk-hidden@m uk-text-bold"><?php echo gtext("Prodotto");?>:</span> <?php echo genericField($notifica, "title", "pages", "pagine_tradotte");?>
Frontend/Application/Views/_/Riservata/notifiche.php:70	<span class="uk-hidden@m uk-text-bold"><?php echo gtext("Tipo documento");?>:</span> <?php echo $notifica["tipi_documento"]["titolo"];?>
Frontend/Application/Views/_/Riservata/notifiche.php:73	<span class="uk-hidden@m uk-text-bold"><?php echo gtext("Documento");?>:</span> <a target="_blank" href="<?php echo $this->baseUrl."/contenuti/documento/".$notifica["documenti"]["id_doc"];?>"><?php echo genericField($notifica, "titolo", "documenti", "documenti_tradotti");?></a>
Frontend/Application/Views/_/Riservata/notifiche.php:80	<p><?php echo gtext("Non hai alcuna notifica da leggere");?></p>
Frontend/Application/Views/_/Riservata/lista_ordini_collegati.php:4	gtext("Home") 		=> $this->baseUrl,
Frontend/Application/Views/_/Riservata/lista_ordini_collegati.php:5	gtext("Area riservata")	=>	$this->baseUrl."/".Url::routeToUrl("area-riservata"),
Frontend/Application/Views/_/Riservata/lista_ordini_collegati.php:6	gtext("Ordini collegati ai miei codici coupon") => "",
Frontend/Application/Views/_/Riservata/lista_ordini_collegati.php:9	$titoloPagina = gtext("Ordini collegati ai miei codici coupon");
Frontend/Application/Views/_/Riservata/lista_ordini_collegati.php:22	<th><?php echo gtext("Ordine");?></th>
Frontend/Application/Views/_/Riservata/lista_ordini_collegati.php:23	<th><?php echo gtext("Cliente");?></th>
Frontend/Application/Views/_/Riservata/lista_ordini_collegati.php:24	<th><?php echo gtext("Data");?></th>
Frontend/Application/Views/_/Riservata/lista_ordini_collegati.php:25	<th><?php echo gtext("Stato");?></th>
Frontend/Application/Views/_/Riservata/lista_ordini_collegati.php:26	<th><?php echo gtext("Coupon");?></th>
Frontend/Application/Views/_/Riservata/lista_ordini_collegati.php:27	<th><?php echo gtext("Totale (€)");?></th>
Frontend/Application/Views/_/Riservata/lista_ordini_collegati.php:29	<th width="3%"><?php echo gtext("Fattura");?></th>
Frontend/Application/Views/_/Riservata/lista_ordini_collegati.php:49	<p><?php echo gtext("Non hai alcun ordine collegato ai tuoi codici coupon.");?></p>
Frontend/Application/Views/_/Riservata/lista_ordini.php:4	gtext("Home") 		=> $this->baseUrl,
Frontend/Application/Views/_/Riservata/lista_ordini.php:5	gtext("Area riservata")	=>	$this->baseUrl."/".Url::routeToUrl("area-riservata"),
Frontend/Application/Views/_/Riservata/lista_ordini.php:6	gtext("Ordini effettuati") => "",
Frontend/Application/Views/_/Riservata/lista_ordini.php:9	$titoloPagina = gtext("Ordini effettuati");
Frontend/Application/Views/_/Riservata/lista_ordini.php:22	<th><?php echo gtext("Ordine");?></th>
Frontend/Application/Views/_/Riservata/lista_ordini.php:23	<th><?php echo gtext("Data");?></th>
Frontend/Application/Views/_/Riservata/lista_ordini.php:24	<th><?php echo gtext("Stato");?></th>
Frontend/Application/Views/_/Riservata/lista_ordini.php:25	<th><?php echo gtext("Totale (€)");?></th>
Frontend/Application/Views/_/Riservata/lista_ordini.php:27	<th width="3%"><?php echo gtext("Fattura");?></th>
Frontend/Application/Views/_/Riservata/lista_ordini.php:45	<p><?php echo gtext("Non hai effettuato alcun ordine");?></p>
Frontend/Application/Views/_/Riservata/documenti.php:4	gtext("Home") 		=> $this->baseUrl,
Frontend/Application/Views/_/Riservata/documenti.php:5	gtext("Area riservata")	=>	$this->baseUrl."/".Url::routeToUrl("area-riservata"),
Frontend/Application/Views/_/Riservata/documenti.php:6	gtext("Biblioteca documenti") => "",
Frontend/Application/Views/_/Riservata/documenti.php:9	$titoloPagina = gtext("Biblioteca documenti");
Frontend/Application/Views/_/Riservata/documenti.php:21	<?php echo gtext("Prodotto");?>
Frontend/Application/Views/_/Riservata/documenti.php:24	<?php echo gtext("Documento");?>
Frontend/Application/Views/_/Riservata/documenti.php:27	<?php echo gtext("Tipo");?>
Frontend/Application/Views/_/Riservata/documenti.php:30	<?php echo gtext("Ordine");?>
Frontend/Application/Views/_/Riservata/documenti.php:40	<span class="uk-hidden@m uk-text-bold"><?php echo gtext("Prodotto");?>:</span> <?php echo genericField($documento, "title", "pages", "contenuti_tradotti_pagina");?>
Frontend/Application/Views/_/Riservata/documenti.php:43	<span class="uk-hidden@m uk-text-bold"><?php echo gtext("Documento");?>:</span> <?php echo dfield($documento, "titolo");?>
Frontend/Application/Views/_/Riservata/documenti.php:46	<span class="uk-hidden@m uk-text-bold"><?php echo gtext("Tipo");?>:</span> <?php echo dfield($documento, "estensione");?>
Frontend/Application/Views/_/Riservata/documenti.php:49	<span class="uk-hidden@m uk-text-bold"><?php echo gtext("Ordine");?>:</span> <a href="<?php echo $this->baseUrl."/resoconto-acquisto/".$documento["orders"]["id_o"]."/".$documento["orders"]["cart_uid"]."/".$documento["orders"]["admin_token"];?>?n=y">#<?php echo $documento["orders"]["id_o"];?> <?php echo gtext("del");?> <?php echo date("d/m/Y H:i", strtotime($documento["orders"]["data_creazione"]))?></a>
Frontend/Application/Views/_/Riservata/documenti.php:61	<p><?php echo gtext("Non hai alcun documento nella tua biblioteca");?></p>
Frontend/Application/Views/_/Riservata/main.php:4	gtext("Home") 		=> $this->baseUrl,
Frontend/Application/Views/_/Riservata/main.php:5	gtext("Area riservata")	=>	"",
Frontend/Application/Views/_/Riservata/main.php:8	$titoloPagina = gtext("Area riservata");
Frontend/Application/Views/_/Riservata/main.php:16	<p><?php echo gtext("Ciao")?> <strong><?php echo $nomeCliente;?></strong> (<?php echo gtext("non sei")?> <strong><?php echo $nomeCliente;?></strong>? <a href="<?php echo $this->baseUrl."/esci";?>"><?php echo gtext("Esci")?></a>)</p>
Frontend/Application/Views/_/Riservata/main.php:18	<p><?php echo gtext("Dalla tua area riservata puoi vedere i")?> <a href="<?php echo $this->baseUrl."/ordini-effettuati"?>"><?php echo gtext("tuoi ordini effettuati")?></a> <?php echo gtext("e gestire i tuoi")?>  <a href="<?php echo $this->baseUrl."/".Url::routeToUrl("modifica-account");?>"><?php echo gtext("dati di fatturazione");?></a>.</p>
Frontend/Application/Views/_/Riservata/privacy.php:4	gtext("Home") 		=> $this->baseUrl,
Frontend/Application/Views/_/Riservata/privacy.php:5	gtext("Area riservata")	=>	$this->baseUrl."/".Url::routeToUrl("area-riservata"),
Frontend/Application/Views/_/Riservata/privacy.php:6	gtext("Condizioni di privacy") => "",
Frontend/Application/Views/_/Riservata/privacy.php:9	$titoloPagina = gtext("Condizioni di privacy");
Frontend/Application/Views/_/Riservata/privacy.php:20	<h2 id="privacy"><?php echo gtext("Le tue preferenze sui cookie");?></h2>
Frontend/Application/Views/_/Riservata/privacy.php:25	<th><?php echo gtext("Tipologia cookie");?></th>
Frontend/Application/Views/_/Riservata/privacy.php:26	<th><?php echo gtext("Stato");?></th>
Frontend/Application/Views/_/Riservata/privacy.php:30	<td><?php echo gtext("Tecnici");?></td>
Frontend/Application/Views/_/Riservata/privacy.php:31	<td><span class="uk-text-success"><span uk-icon="check"></span> <?php echo gtext("attivi");?></span></td>
Frontend/Application/Views/_/Riservata/privacy.php:35	<td><?php echo gtext("Statistiche + Marketing");?></td>
Frontend/Application/Views/_/Riservata/privacy.php:38	<span class="uk-text-success"><span uk-icon="check"></span> <?php echo gtext("attivi");?></span>
Frontend/Application/Views/_/Riservata/privacy.php:41	<a class="uk-text-small uk-text-danger" href="<?php echo $this->baseUrl."/riservata/privacy?cancella_cookies"?>"><i class="fa fa-trash"></i> <?php echo gtext("revoca l'approvazione");?></a>
Frontend/Application/Views/_/Riservata/privacy.php:45	<span class="uk-text-danger"><span uk-icon="ban"></span> <?php echo gtext("non attivi");?></span>
Frontend/Application/Views/_/Riservata/privacy.php:55	<a href="<?php echo $this->baseUrl."/".getUrlAlias($idCookies);?>"><?php echo gtext("Leggi l'informativa sui cookie");?></a>
Frontend/Application/Views/_/Riservata/privacy.php:62	<h2><?php echo gtext("Cancella account");?></h2>
Frontend/Application/Views/_/Riservata/privacy.php:72	<label class="uk-form-label"><?php echo gtext("Password");?></label>
Frontend/Application/Views/_/Riservata/lista_indirizzi.php:4	gtext("Home") 		=> $this->baseUrl,
Frontend/Application/Views/_/Riservata/lista_indirizzi.php:5	gtext("Area riservata")	=>	$this->baseUrl."/".Url::routeToUrl("area-riservata"),
Frontend/Application/Views/_/Riservata/lista_indirizzi.php:6	gtext("Indirizzi di spedizione") => "",
Frontend/Application/Views/_/Riservata/lista_indirizzi.php:9	$titoloPagina = gtext("Indirizzi di spedizione");
Frontend/Application/Views/_/Riservata/lista_indirizzi.php:21	<?php echo gtext("Indirizzo");?>
Frontend/Application/Views/_/Riservata/lista_indirizzi.php:24	<?php echo gtext("Cap");?>
Frontend/Application/Views/_/Riservata/lista_indirizzi.php:27	<?php echo gtext("Nazione");?>
Frontend/Application/Views/_/Riservata/lista_indirizzi.php:30	<?php echo gtext("Città");?>
Frontend/Application/Views/_/Riservata/lista_indirizzi.php:33	<?php echo gtext("Provincia");?>
Frontend/Application/Views/_/Riservata/lista_indirizzi.php:36	<?php echo gtext("Telefono");?>
Frontend/Application/Views/_/Riservata/lista_indirizzi.php:46	<span class="uk-hidden@m uk-text-bold"><?php echo gtext("Indirizzo");?>:</span> <?php echo $indirizzo["spedizioni"]["indirizzo_spedizione"];?>
Frontend/Application/Views/_/Riservata/lista_indirizzi.php:49	<span class="uk-hidden@m uk-text-bold"><?php echo gtext("Cap");?>:</span> <?php echo $indirizzo["spedizioni"]["cap_spedizione"];?>
Frontend/Application/Views/_/Riservata/lista_indirizzi.php:52	<span class="uk-hidden@m uk-text-bold"><?php echo gtext("Nazione");?>:</span> <?php echo nomeNazione($indirizzo["spedizioni"]["nazione_spedizione"]);?>
Frontend/Application/Views/_/Riservata/lista_indirizzi.php:55	<span class="uk-hidden@m uk-text-bold"><?php echo gtext("Città");?>:</span> <?php echo $indirizzo["spedizioni"]["citta_spedizione"];?>
Frontend/Application/Views/_/Riservata/lista_indirizzi.php:58	<span class="uk-hidden@m uk-text-bold"><?php echo gtext("Provincia");?>:</span> <?php echo in_array($indirizzo["spedizioni"]["nazione_spedizione"], NazioniModel::nazioniConProvince()) ? ProvinceModel::sFindTitoloDaCodice($indirizzo["spedizioni"]["provincia_spedizione"]) : $indirizzo["spedizioni"]["dprovincia_spedizione"];?>
Frontend/Application/Views/_/Riservata/lista_indirizzi.php:61	<span class="uk-hidden@m uk-text-bold"><?php echo gtext("Telefono");?>:</span> <?php echo $indirizzo["spedizioni"]["telefono_spedizione"];?>
Frontend/Application/Views/_/Riservata/lista_indirizzi.php:77	<p><?php echo gtext("Non hai alcun indirizzo configurato");?></p>
Frontend/Application/Views/_/Riservata/lista_indirizzi.php:82	<a class="<?php echo v("classe_pulsanti_submit");?>" href="<?php echo $this->baseUrl."/gestisci-spedizione/0";?>"><span class="uk-icon"><?php include tpf("Elementi/Icone/Svg/plus.svg");?></span> <?php echo gtext("Aggiungi indirizzo");?></a>
Frontend/Application/Views/_/main.php:5	gtext("Home") 		=> $this->baseUrl,
Frontend/Application/Views/_/main.php:6	gtext($tabella)	=>	"",
Frontend/Application/Views/_/main.php:9	$titoloPagina = gtext($tabella);
Frontend/Application/Views/_/form.php:5	gtext("Home") 		=> $this->baseUrl,
Frontend/Application/Hooks/BeforeInitialization.php:47	'text'	=>	gtext("Torna"),
Frontend/Application/Hooks/BeforeInitialization.php:54	'text'	=>	gtext("Nuovo"),
Frontend/Application/Hooks/BeforeInitialization.php:59	'text'	=>	gtext("Salva"),
Frontend/Application/Hooks/BeforeInitialization.php:70	'text'	=>	gtext("Duplica"),
Frontend/Application/Hooks/BeforeInitialization.php:103	"text"	=>	'<span class="uk-margin-small-right" uk-icon="icon: search"></span>'.gtext("Filtra"),
